intern_id,name,email,university,degree,graduation_year,target_domain,target_role,experience_years,skills,skill_count,proficiencies_json,certifications,bio
INT-1001,Nadia Thomas,nadia.thomas41@example.edu,Georgia Tech,B.S. in Electrical & Computer Engineering,2026,Full Stack Web Development,Full Stack Developer,0.0,"TypeScript, CSS3, SQL, MongoDB, Next.js, Microservices, Webpack, Adaptability, Git, Docker",10,"{""TypeScript"": 3, ""CSS3"": 4, ""SQL"": 5, ""MongoDB"": 3, ""Next.js"": 3, ""Microservices"": 3, ""Webpack"": 2, ""Adaptability"": 4, ""Git"": 3, ""Docker"": 3}","Next.js Certified Associate, Webpack Certified Associate","B.S. in Electrical & Computer Engineering candidate at Georgia Tech passionate about full stack web development. Proficient in TypeScript, CSS3, SQL, MongoDB, Next.js, Microservices with hands-on academic and project experience. Seeking a Full Stack Developer internship."
INT-1002,Fatima Baker,fatima.baker18@example.edu,University of Texas at Austin,B.S. in Computer Science,2025,Data Engineering & Big Data,Analytics Engineer,0.0,"Linux, Data Warehousing, Data Pipelines, SQL, Kafka Connect, Databricks, Communication, Team Collaboration, Docker",9,"{""Linux"": 4, ""Data Warehousing"": 4, ""Data Pipelines"": 4, ""SQL"": 5, ""Kafka Connect"": 3, ""Databricks"": 3, ""Communication"": 3, ""Team Collaboration"": 4, ""Docker"": 3}","Linux Certified Associate, Data Warehousing Certified Associate","B.S. in Computer Science candidate at University of Texas at Austin passionate about data engineering & big data. Proficient in Linux, Data Warehousing, Data Pipelines, SQL, Kafka Connect, Databricks with hands-on academic and project experience. Seeking a Analytics Engineer internship."
INT-1003,Priya Davis,priya.davis43@example.edu,University of Texas at Austin,B.S. in Data Science,2026,Business Intelligence & Analytics,Operations Analyst,2.0,"Exploratory Data Analysis, Data Visualization, Business Metrics, Power BI, Tableau, A/B Testing, Google Analytics 4, Python for Analytics, Power BI Service, HubSpot, Metabase, Agile & Scrum, Code Documentation, Git, Python",15,"{""Exploratory Data Analysis"": 5, ""Data Visualization"": 4, ""Business Metrics"": 3, ""Power BI"": 3, ""Tableau"": 4, ""A/B Testing"": 3, ""Google Analytics 4"": 2, ""Python for Analytics"": 3, ""Power BI Service"": 3, ""HubSpot"": 2, ""Metabase"": 3, ""Agile & Scrum"": 3, ""Code Documentation"": 4, ""Git"": 3, ""Python"": 3}","Tableau Certified Associate, HubSpot Certified Associate","B.S. in Data Science candidate at University of Texas at Austin passionate about business intelligence & analytics. Proficient in Exploratory Data Analysis, Data Visualization, Business Metrics, Power BI, Tableau, A/B Testing with hands-on academic and project experience. Seeking a Operations Analyst internship."
INT-1004,Amara Wilson,amara.wilson82@example.edu,UC Berkeley,B.S. in Software Engineering,2026,Mobile Application Development,Flutter Developer,1.5,"Git, Kotlin, State Management, Offline Sync, Postman, Adaptability, Communication, Team Collaboration",8,"{""Git"": 5, ""Kotlin"": 3, ""State Management"": 4, ""Offline Sync"": 3, ""Postman"": 2, ""Adaptability"": 4, ""Communication"": 3, ""Team Collaboration"": 3}","Kotlin Certified Associate, Offline Sync Certified Associate","B.S. in Software Engineering candidate at UC Berkeley passionate about mobile application development. Proficient in Git, Kotlin, State Management, Offline Sync, Postman, Adaptability with hands-on academic and project experience. Seeking a Flutter Developer internship."
INT-1005,Rohan Lopez,rohan.lopez79@example.edu,BITS Pilani,B.S. in Data Science,2024,Mobile Application Development,Mobile Software Intern,1.5,"REST APIs, Mobile UI Design, Swift, State Management, Git, Dart, Jetpack Compose, Android Studio, Code Documentation, Docker",10,"{""REST APIs"": 4, ""Mobile UI Design"": 4, ""Swift"": 5, ""State Management"": 4, ""Git"": 5, ""Dart"": 4, ""Jetpack Compose"": 3, ""Android Studio"": 3, ""Code Documentation"": 3, ""Docker"": 3}","State Management Certified Associate, Docker Certified Associate","B.S. in Data Science candidate at BITS Pilani passionate about mobile application development. Proficient in REST APIs, Mobile UI Design, Swift, State Management, Git, Dart with hands-on academic and project experience. Seeking a Mobile Software Intern internship."
INT-1006,Gabriel White,gabriel.white17@example.edu,National University of Singapore,B.S. in Data Science,2024,Embedded Systems & IoT,Hardware/Software Integrator,1.5,"Electronics Fundamentals, C++, Linux, Microcontrollers, UART/SPI/I2C Protocols, FreeRTOS, Device Drivers, Hardware Debugging, PlatformIO, Raspberry Pi, Time Management, Problem Solving, Git",13,"{""Electronics Fundamentals"": 4, ""C++"": 3, ""Linux"": 3, ""Microcontrollers"": 4, ""UART/SPI/I2C Protocols"": 3, ""FreeRTOS"": 2, ""Device Drivers"": 3, ""Hardware Debugging"": 4, ""PlatformIO"": 2, ""Raspberry Pi"": 4, ""Time Management"": 3, ""Problem Solving"": 3, ""Git"": 3}","UART/SPI/I2C Protocols Certified Associate, Device Drivers Certified Associate","B.S. in Data Science candidate at National University of Singapore passionate about embedded systems & iot. Proficient in Electronics Fundamentals, C++, Linux, Microcontrollers, UART/SPI/I2C Protocols, FreeRTOS with hands-on academic and project experience. Seeking a Hardware/Software Integrator internship."
INT-1007,Vikram Jones,vikram.jones19@example.edu,ETH Zurich,B.S. in Electrical & Computer Engineering,2025,Embedded Systems & IoT,Robotics Software Intern,0.5,"Embedded C, C++, RTOS, Electronics Fundamentals, Microcontrollers, PlatformIO, Adaptability, Team Collaboration, Python",9,"{""Embedded C"": 4, ""C++"": 3, ""RTOS"": 3, ""Electronics Fundamentals"": 4, ""Microcontrollers"": 4, ""PlatformIO"": 3, ""Adaptability"": 3, ""Team Collaboration"": 4, ""Python"": 3}","PlatformIO Certified Associate, Python Certified Associate","B.S. in Electrical & Computer Engineering candidate at ETH Zurich passionate about embedded systems & iot. Proficient in Embedded C, C++, RTOS, Electronics Fundamentals, Microcontrollers, PlatformIO with hands-on academic and project experience. Seeking a Robotics Software Intern internship."
INT-1008,Carlos Anderson,carlos.anderson30@example.edu,Technical University of Munich,M.S. in Data Analytics,2026,Data Engineering & Big Data,Big Data Developer,1.5,"Data Pipelines, Relational Databases, Python, Kafka Connect, Presentation Skills, Adaptability, Agile & Scrum, Git",8,"{""Data Pipelines"": 3, ""Relational Databases"": 4, ""Python"": 4, ""Kafka Connect"": 4, ""Presentation Skills"": 3, ""Adaptability"": 3, ""Agile & Scrum"": 4, ""Git"": 4}","Kafka Connect Certified Associate, Presentation Skills Certified Associate","M.S. in Data Analytics candidate at Technical University of Munich passionate about data engineering & big data. Proficient in Data Pipelines, Relational Databases, Python, Kafka Connect, Presentation Skills, Adaptability with hands-on academic and project experience. Seeking a Big Data Developer internship."
INT-1009,Jin Harris,jin.harris95@example.edu,University of Michigan,B.S. in Electrical & Computer Engineering,2024,Cloud Architecture & DevOps,DevOps Intern,0.0,"Kubernetes, Networking Basics, Cloud Computing, Docker, CI/CD, Linux, Vault, GitLab CI, Communication, Git, Python",11,"{""Kubernetes"": 4, ""Networking Basics"": 4, ""Cloud Computing"": 5, ""Docker"": 4, ""CI/CD"": 3, ""Linux"": 3, ""Vault"": 3, ""GitLab CI"": 2, ""Communication"": 4, ""Git"": 3, ""Python"": 3}","Linux Certified Associate, GitLab CI Certified Associate","B.S. in Electrical & Computer Engineering candidate at University of Michigan passionate about cloud architecture & devops. Proficient in Kubernetes, Networking Basics, Cloud Computing, Docker, CI/CD, Linux with hands-on academic and project experience. Seeking a DevOps Intern internship."
INT-1010,Noah Williams,noah.williams95@example.edu,University of Toronto,M.S. in Computer Science,2026,Cybersecurity & Network Defense,SOC Analyst,0.0,"Firewalls, Cryptography, Security Fundamentals, Python, Linux, OWASP Top 10, Identity & Access Management (IAM), Snort, Kali Linux, Nessus, Agile & Scrum, Team Collaboration, Git",13,"{""Firewalls"": 4, ""Cryptography"": 5, ""Security Fundamentals"": 4, ""Python"": 5, ""Linux"": 5, ""OWASP Top 10"": 4, ""Identity & Access Management (IAM)"": 3, ""Snort"": 4, ""Kali Linux"": 3, ""Nessus"": 4, ""Agile & Scrum"": 3, ""Team Collaboration"": 3, ""Git"": 4}","Identity & Access Management (IAM) Certified Associate, Snort Certified Associate","M.S. in Computer Science candidate at University of Toronto passionate about cybersecurity & network defense. Proficient in Firewalls, Cryptography, Security Fundamentals, Python, Linux, OWASP Top 10 with hands-on academic and project experience. Seeking a SOC Analyst internship."
INT-1011,Vikram Hernandez,vikram.hernandez99@example.edu,BITS Pilani,M.S. in Artificial Intelligence,2025,Business Intelligence & Analytics,Operations Analyst,0.5,"Tableau, Data Visualization, Exploratory Data Analysis, Power BI, HubSpot, Problem Solving, Adaptability, Git",8,"{""Tableau"": 5, ""Data Visualization"": 4, ""Exploratory Data Analysis"": 5, ""Power BI"": 5, ""HubSpot"": 4, ""Problem Solving"": 4, ""Adaptability"": 3, ""Git"": 4}",Adaptability Certified Associate,"M.S. in Artificial Intelligence candidate at BITS Pilani passionate about business intelligence & analytics. Proficient in Tableau, Data Visualization, Exploratory Data Analysis, Power BI, HubSpot, Problem Solving with hands-on academic and project experience. Seeking a Operations Analyst internship."
INT-1012,Isabella Martin,isabella.martin50@example.edu,Georgia Tech,B.S. in Software Engineering,2024,Mobile Application Development,Flutter Developer,0.5,"Flutter, REST APIs, Swift, Kotlin, React Native, Git, Offline Sync, Android Studio, Xcode, Postman, Code Documentation",11,"{""Flutter"": 5, ""REST APIs"": 5, ""Swift"": 3, ""Kotlin"": 4, ""React Native"": 4, ""Git"": 5, ""Offline Sync"": 4, ""Android Studio"": 4, ""Xcode"": 4, ""Postman"": 4, ""Code Documentation"": 3}",None,"B.S. in Software Engineering candidate at Georgia Tech passionate about mobile application development. Proficient in Flutter, REST APIs, Swift, Kotlin, React Native, Git with hands-on academic and project experience. Seeking a Flutter Developer internship."
INT-1013,Vikram Green,vikram.green13@example.edu,IIT Bombay,B.S. in Software Engineering,2024,Business Intelligence & Analytics,Marketing Analytics Intern,1.5,"Exploratory Data Analysis, Data Visualization, Tableau, Excel & Spreadsheets, Metabase, Mixpanel, Code Documentation, Team Collaboration, Docker",9,"{""Exploratory Data Analysis"": 3, ""Data Visualization"": 5, ""Tableau"": 3, ""Excel & Spreadsheets"": 3, ""Metabase"": 3, ""Mixpanel"": 2, ""Code Documentation"": 3, ""Team Collaboration"": 3, ""Docker"": 3}","Data Visualization Certified Associate, Tableau Certified Associate","B.S. in Software Engineering candidate at IIT Bombay passionate about business intelligence & analytics. Proficient in Exploratory Data Analysis, Data Visualization, Tableau, Excel & Spreadsheets, Metabase, Mixpanel with hands-on academic and project experience. Seeking a Marketing Analytics Intern internship."
INT-1014,Yuki Torres,yuki.torres24@example.edu,Cornell University,B.S. in Data Science,2024,Data Engineering & Big Data,Big Data Developer,2.0,"Git, ETL, Data Warehousing, Snowflake, Apache Kafka, Redshift, Docker, Kafka Connect, Team Collaboration, Critical Thinking, Problem Solving",11,"{""Git"": 4, ""ETL"": 3, ""Data Warehousing"": 5, ""Snowflake"": 4, ""Apache Kafka"": 2, ""Redshift"": 3, ""Docker"": 3, ""Kafka Connect"": 4, ""Team Collaboration"": 4, ""Critical Thinking"": 3, ""Problem Solving"": 4}","Git Certified Associate, Problem Solving Certified Associate","B.S. in Data Science candidate at Cornell University passionate about data engineering & big data. Proficient in Git, ETL, Data Warehousing, Snowflake, Apache Kafka, Redshift with hands-on academic and project experience. Seeking a Big Data Developer internship."
INT-1015,Olivia Wilson,olivia.wilson69@example.edu,University of Toronto,M.S. in Artificial Intelligence,2024,Full Stack Web Development,Backend Developer,1.5,"Node.js, React, Git, HTML5, SQL, Microservices, Redis, VS Code, Adaptability, Python",10,"{""Node.js"": 5, ""React"": 4, ""Git"": 5, ""HTML5"": 5, ""SQL"": 5, ""Microservices"": 2, ""Redis"": 2, ""VS Code"": 3, ""Adaptability"": 3, ""Python"": 4}",None,"M.S. in Artificial Intelligence candidate at University of Toronto passionate about full stack web development. Proficient in Node.js, React, Git, HTML5, SQL, Microservices with hands-on academic and project experience. Seeking a Backend Developer internship."
INT-1016,Daniel Hall,daniel.hall34@example.edu,Carnegie Mellon University,M.S. in Computer Science,2026,Mobile Application Development,Flutter Developer,2.0,"Git, React Native, Mobile UI Design, State Management, Push Notifications, Xcode, Communication, Team Collaboration, Presentation Skills, Python",10,"{""Git"": 4, ""React Native"": 4, ""Mobile UI Design"": 3, ""State Management"": 3, ""Push Notifications"": 3, ""Xcode"": 4, ""Communication"": 3, ""Team Collaboration"": 4, ""Presentation Skills"": 3, ""Python"": 3}","State Management Certified Associate, Push Notifications Certified Associate","M.S. in Computer Science candidate at Carnegie Mellon University passionate about mobile application development. Proficient in Git, React Native, Mobile UI Design, State Management, Push Notifications, Xcode with hands-on academic and project experience. Seeking a Flutter Developer internship."
INT-1017,Elena Wright,elena.wright48@example.edu,University of Texas at Austin,B.S. in Software Engineering,2024,AI & Machine Learning,Data Scientist,2.0,"Pandas, Mathematics, PyTorch, Data Analysis, Deep Learning, NumPy, Transformers, Docker, CUDA, AWS SageMaker, Communication, Team Collaboration, Python",13,"{""Pandas"": 3, ""Mathematics"": 4, ""PyTorch"": 3, ""Data Analysis"": 5, ""Deep Learning"": 5, ""NumPy"": 5, ""Transformers"": 3, ""Docker"": 2, ""CUDA"": 2, ""AWS SageMaker"": 3, ""Communication"": 4, ""Team Collaboration"": 4, ""Python"": 3}","Team Collaboration Certified Associate, Python Certified Associate","B.S. in Software Engineering candidate at University of Texas at Austin passionate about ai & machine learning. Proficient in Pandas, Mathematics, PyTorch, Data Analysis, Deep Learning, NumPy with hands-on academic and project experience. Seeking a Data Scientist internship."
INT-1018,Nadia Wright,nadia.wright46@example.edu,Carnegie Mellon University,M.S. in Data Analytics,2025,Mobile Application Development,React Native Developer,1.0,"Git, State Management, Dart, React Native, REST APIs, Swift, App Store Deployment, Push Notifications, Fastlane, Android Studio, CocoaPods, Communication, Problem Solving, Team Collaboration, Docker",15,"{""Git"": 5, ""State Management"": 4, ""Dart"": 4, ""React Native"": 5, ""REST APIs"": 5, ""Swift"": 3, ""App Store Deployment"": 4, ""Push Notifications"": 3, ""Fastlane"": 3, ""Android Studio"": 3, ""CocoaPods"": 3, ""Communication"": 3, ""Problem Solving"": 3, ""Team Collaboration"": 4, ""Docker"": 4}",None,"M.S. in Data Analytics candidate at Carnegie Mellon University passionate about mobile application development. Proficient in Git, State Management, Dart, React Native, REST APIs, Swift with hands-on academic and project experience. Seeking a React Native Developer internship."
INT-1019,Liam Nguyen,liam.nguyen73@example.edu,MIT,M.S. in Data Analytics,2024,Cybersecurity & Network Defense,Information Security Intern,1.0,"Security Fundamentals, Network Security, TCP/IP, Vulnerability Assessment, OWASP Top 10, Forensics, Metasploit, Nessus, Adaptability, Problem Solving, Code Documentation, Git",12,"{""Security Fundamentals"": 5, ""Network Security"": 3, ""TCP/IP"": 4, ""Vulnerability Assessment"": 5, ""OWASP Top 10"": 3, ""Forensics"": 3, ""Metasploit"": 3, ""Nessus"": 3, ""Adaptability"": 4, ""Problem Solving"": 3, ""Code Documentation"": 4, ""Git"": 3}",None,"M.S. in Data Analytics candidate at MIT passionate about cybersecurity & network defense. Proficient in Security Fundamentals, Network Security, TCP/IP, Vulnerability Assessment, OWASP Top 10, Forensics with hands-on academic and project experience. Seeking a Information Security Intern internship."
INT-1020,William Green,william.green72@example.edu,IIT Delhi,B.S. in Data Science,2026,Mobile Application Development,React Native Developer,1.5,"REST APIs, Git, Kotlin, Flutter, Mobile UI Design, Offline Sync, Jetpack Compose, CocoaPods, Android Studio, Firebase, Technical Writing, Code Documentation, Adaptability",13,"{""REST APIs"": 4, ""Git"": 5, ""Kotlin"": 3, ""Flutter"": 4, ""Mobile UI Design"": 4, ""Offline Sync"": 2, ""Jetpack Compose"": 4, ""CocoaPods"": 2, ""Android Studio"": 4, ""Firebase"": 3, ""Technical Writing"": 3, ""Code Documentation"": 3, ""Adaptability"": 4}","Kotlin Certified Associate, CocoaPods Certified Associate","B.S. in Data Science candidate at IIT Delhi passionate about mobile application development. Proficient in REST APIs, Git, Kotlin, Flutter, Mobile UI Design, Offline Sync with hands-on academic and project experience. Seeking a React Native Developer internship."
INT-1021,Alexander Nguyen,alexander.nguyen18@example.edu,Cornell University,B.S. in Electrical & Computer Engineering,2024,Embedded Systems & IoT,Robotics Software Intern,0.0,"C++, RTOS, Electronics Fundamentals, Microcontrollers, C, Linux, Raspberry Pi, Arduino, PlatformIO, Team Collaboration, Time Management, Adaptability, Git, Python",14,"{""C++"": 4, ""RTOS"": 4, ""Electronics Fundamentals"": 4, ""Microcontrollers"": 3, ""C"": 5, ""Linux"": 4, ""Raspberry Pi"": 3, ""Arduino"": 4, ""PlatformIO"": 2, ""Team Collaboration"": 3, ""Time Management"": 4, ""Adaptability"": 4, ""Git"": 4, ""Python"": 4}",Linux Certified Associate,"B.S. in Electrical & Computer Engineering candidate at Cornell University passionate about embedded systems & iot. Proficient in C++, RTOS, Electronics Fundamentals, Microcontrollers, C, Linux with hands-on academic and project experience. Seeking a Robotics Software Intern internship."
INT-1022,Hannah Thompson,hannah.thompson83@example.edu,Cornell University,M.S. in Computer Science,2026,Embedded Systems & IoT,Embedded Software Engineer,1.0,"C, Embedded C, UART/SPI/I2C Protocols, PCB Basics, ARM Architecture, BLE / Zigbee, Oscilloscope, Logic Analyzer, Time Management, Git, Python, Docker",12,"{""C"": 4, ""Embedded C"": 3, ""UART/SPI/I2C Protocols"": 3, ""PCB Basics"": 3, ""ARM Architecture"": 4, ""BLE / Zigbee"": 2, ""Oscilloscope"": 4, ""Logic Analyzer"": 3, ""Time Management"": 3, ""Git"": 3, ""Python"": 4, ""Docker"": 4}","Embedded C Certified Associate, UART/SPI/I2C Protocols Certified Associate","M.S. in Computer Science candidate at Cornell University passionate about embedded systems & iot. Proficient in C, Embedded C, UART/SPI/I2C Protocols, PCB Basics, ARM Architecture, BLE / Zigbee with hands-on academic and project experience. Seeking a Embedded Software Engineer internship."
INT-1023,Priya Williams,priya.williams28@example.edu,National University of Singapore,B.S. in Electrical & Computer Engineering,2026,Data Engineering & Big Data,Data Engineer,1.0,"SQL, ETL, Data Pipelines, dbt, PySpark, Data Modeling, Kafka Connect, Critical Thinking, Communication, Git",10,"{""SQL"": 4, ""ETL"": 4, ""Data Pipelines"": 3, ""dbt"": 4, ""PySpark"": 3, ""Data Modeling"": 4, ""Kafka Connect"": 2, ""Critical Thinking"": 3, ""Communication"": 3, ""Git"": 3}","Data Pipelines Certified Associate, PySpark Certified Associate","B.S. in Electrical & Computer Engineering candidate at National University of Singapore passionate about data engineering & big data. Proficient in SQL, ETL, Data Pipelines, dbt, PySpark, Data Modeling with hands-on academic and project experience. Seeking a Data Engineer internship."
INT-1024,Mei Jones,mei.jones72@example.edu,University of Michigan,M.S. in Artificial Intelligence,2024,Cloud Architecture & DevOps,Cloud Security Engineer,1.0,"Git, Linux, Cloud Computing, Docker, Grafana, Ansible, Terraform, Datadog, ArgoCD, Communication",10,"{""Git"": 3, ""Linux"": 4, ""Cloud Computing"": 3, ""Docker"": 3, ""Grafana"": 3, ""Ansible"": 3, ""Terraform"": 3, ""Datadog"": 4, ""ArgoCD"": 2, ""Communication"": 3}",Grafana Certified Associate,"M.S. in Artificial Intelligence candidate at University of Michigan passionate about cloud architecture & devops. Proficient in Git, Linux, Cloud Computing, Docker, Grafana, Ansible with hands-on academic and project experience. Seeking a Cloud Security Engineer internship."
INT-1025,Ibrahim Martinez,ibrahim.martinez24@example.edu,Georgia Tech,B.S. in Computer Science,2024,Cloud Architecture & DevOps,Platform Engineer,1.0,"CI/CD, Linux, Bash Scripting, Kubernetes, Grafana, Infrastructure as Code, Jenkins, Technical Writing, Git, Python",10,"{""CI/CD"": 5, ""Linux"": 4, ""Bash Scripting"": 3, ""Kubernetes"": 4, ""Grafana"": 4, ""Infrastructure as Code"": 2, ""Jenkins"": 2, ""Technical Writing"": 4, ""Git"": 4, ""Python"": 4}","Kubernetes Certified Associate, Grafana Certified Associate","B.S. in Computer Science candidate at Georgia Tech passionate about cloud architecture & devops. Proficient in CI/CD, Linux, Bash Scripting, Kubernetes, Grafana, Infrastructure as Code with hands-on academic and project experience. Seeking a Platform Engineer internship."
INT-1026,Yuki Young,yuki.young47@example.edu,ETH Zurich,M.S. in Data Analytics,2026,Data Engineering & Big Data,Data Platform Engineer,1.5,"ETL, Linux, Git, Redshift, MinIO, Databricks, Technical Writing, Code Documentation, Adaptability, Python",10,"{""ETL"": 4, ""Linux"": 4, ""Git"": 4, ""Redshift"": 4, ""MinIO"": 3, ""Databricks"": 2, ""Technical Writing"": 3, ""Code Documentation"": 3, ""Adaptability"": 3, ""Python"": 4}","ETL Certified Associate, Code Documentation Certified Associate","M.S. in Data Analytics candidate at ETH Zurich passionate about data engineering & big data. Proficient in ETL, Linux, Git, Redshift, MinIO, Databricks with hands-on academic and project experience. Seeking a Data Platform Engineer internship."
INT-1027,Amara Taylor,amara.taylor86@example.edu,Imperial College London,B.S. in Information Systems,2024,Business Intelligence & Analytics,Operations Analyst,2.0,"Tableau, Business Metrics, SQL, Excel & Spreadsheets, Predictive Analytics, Power BI Service, Mixpanel, Jupyter, Presentation Skills, Communication",10,"{""Tableau"": 3, ""Business Metrics"": 4, ""SQL"": 3, ""Excel & Spreadsheets"": 4, ""Predictive Analytics"": 3, ""Power BI Service"": 4, ""Mixpanel"": 3, ""Jupyter"": 3, ""Presentation Skills"": 4, ""Communication"": 3}","Tableau Certified Associate, Business Metrics Certified Associate","B.S. in Information Systems candidate at Imperial College London passionate about business intelligence & analytics. Proficient in Tableau, Business Metrics, SQL, Excel & Spreadsheets, Predictive Analytics, Power BI Service with hands-on academic and project experience. Seeking a Operations Analyst internship."
INT-1028,James Hall,james.hall51@example.edu,MIT,B.S. in Software Engineering,2024,Cloud Architecture & DevOps,Site Reliability Engineer (SRE),0.5,"Networking Basics, Kubernetes, CI/CD, Nginx, Vault, Team Collaboration, Communication, Python",8,"{""Networking Basics"": 4, ""Kubernetes"": 5, ""CI/CD"": 4, ""Nginx"": 2, ""Vault"": 2, ""Team Collaboration"": 4, ""Communication"": 3, ""Python"": 3}","Networking Basics Certified Associate, Team Collaboration Certified Associate","B.S. in Software Engineering candidate at MIT passionate about cloud architecture & devops. Proficient in Networking Basics, Kubernetes, CI/CD, Nginx, Vault, Team Collaboration with hands-on academic and project experience. Seeking a Site Reliability Engineer (SRE) internship."
INT-1029,Sophia Baker,sophia.baker39@example.edu,UC Berkeley,M.S. in Computer Science,2025,Cloud Architecture & DevOps,Cloud Security Engineer,0.0,"Git, CI/CD, Kubernetes, Networking Basics, Cloud Computing, Docker, Datadog, ArgoCD, Critical Thinking",9,"{""Git"": 5, ""CI/CD"": 4, ""Kubernetes"": 3, ""Networking Basics"": 5, ""Cloud Computing"": 3, ""Docker"": 4, ""Datadog"": 3, ""ArgoCD"": 4, ""Critical Thinking"": 4}","Docker Certified Associate, ArgoCD Certified Associate","M.S. in Computer Science candidate at UC Berkeley passionate about cloud architecture & devops. Proficient in Git, CI/CD, Kubernetes, Networking Basics, Cloud Computing, Docker with hands-on academic and project experience. Seeking a Cloud Security Engineer internship."
INT-1030,Dev Flores,dev.flores28@example.edu,Carnegie Mellon University,B.S. in Electrical & Computer Engineering,2024,Data Engineering & Big Data,ETL Developer,1.0,"SQL, Linux, Data Warehousing, ETL, Data Modeling, MinIO, Kafka Connect, PostgreSQL, Presentation Skills, Git",10,"{""SQL"": 5, ""Linux"": 3, ""Data Warehousing"": 5, ""ETL"": 5, ""Data Modeling"": 3, ""MinIO"": 3, ""Kafka Connect"": 4, ""PostgreSQL"": 2, ""Presentation Skills"": 4, ""Git"": 3}","Data Warehousing Certified Associate, Data Modeling Certified Associate","B.S. in Electrical & Computer Engineering candidate at Carnegie Mellon University passionate about data engineering & big data. Proficient in SQL, Linux, Data Warehousing, ETL, Data Modeling, MinIO with hands-on academic and project experience. Seeking a ETL Developer internship."
INT-1031,Vikram Flores,vikram.flores34@example.edu,BITS Pilani,M.S. in Computer Science,2026,AI & Machine Learning,NLP Engineer,0.5,"Machine Learning, NumPy, Deep Learning, Transformers, MLOps, NLP, AWS SageMaker, Technical Writing, Adaptability, Git, Python",11,"{""Machine Learning"": 4, ""NumPy"": 5, ""Deep Learning"": 5, ""Transformers"": 3, ""MLOps"": 2, ""NLP"": 3, ""AWS SageMaker"": 2, ""Technical Writing"": 4, ""Adaptability"": 3, ""Git"": 4, ""Python"": 4}","MLOps Certified Associate, NLP Certified Associate","M.S. in Computer Science candidate at BITS Pilani passionate about ai & machine learning. Proficient in Machine Learning, NumPy, Deep Learning, Transformers, MLOps, NLP with hands-on academic and project experience. Seeking a NLP Engineer internship."
INT-1032,Zara Brown,zara.brown49@example.edu,University of Toronto,M.S. in Artificial Intelligence,2024,Cloud Architecture & DevOps,Platform Engineer,2.0,"Linux, Docker, Networking Basics, AWS, Azure, Ansible, Nginx, Jenkins, Datadog, Agile & Scrum, Presentation Skills, Git",12,"{""Linux"": 3, ""Docker"": 4, ""Networking Basics"": 4, ""AWS"": 4, ""Azure"": 3, ""Ansible"": 3, ""Nginx"": 2, ""Jenkins"": 4, ""Datadog"": 4, ""Agile & Scrum"": 3, ""Presentation Skills"": 4, ""Git"": 3}",Networking Basics Certified Associate,"M.S. in Artificial Intelligence candidate at University of Toronto passionate about cloud architecture & devops. Proficient in Linux, Docker, Networking Basics, AWS, Azure, Ansible with hands-on academic and project experience. Seeking a Platform Engineer internship."
INT-1033,Vikram Clark,vikram.clark69@example.edu,National University of Singapore,B.S. in Information Systems,2026,Data Engineering & Big Data,Data Pipeline Intern,2.0,"Data Pipelines, Git, Linux, Python, ETL, SQL, BigQuery, AWS S3, Adaptability, Critical Thinking, Team Collaboration",11,"{""Data Pipelines"": 4, ""Git"": 5, ""Linux"": 3, ""Python"": 4, ""ETL"": 5, ""SQL"": 4, ""BigQuery"": 2, ""AWS S3"": 3, ""Adaptability"": 3, ""Critical Thinking"": 4, ""Team Collaboration"": 4}","Data Pipelines Certified Associate, Python Certified Associate","B.S. in Information Systems candidate at National University of Singapore passionate about data engineering & big data. Proficient in Data Pipelines, Git, Linux, Python, ETL, SQL with hands-on academic and project experience. Seeking a Data Pipeline Intern internship."
INT-1034,Rahul Clark,rahul.clark88@example.edu,UC Berkeley,B.S. in Computer Science,2024,Cloud Architecture & DevOps,DevOps Intern,1.0,"Networking Basics, Linux, Docker, Bash Scripting, GCP, Jenkins, GitLab CI, Nginx, Code Documentation, Technical Writing, Critical Thinking, Git",12,"{""Networking Basics"": 3, ""Linux"": 4, ""Docker"": 4, ""Bash Scripting"": 4, ""GCP"": 4, ""Jenkins"": 2, ""GitLab CI"": 4, ""Nginx"": 3, ""Code Documentation"": 3, ""Technical Writing"": 4, ""Critical Thinking"": 3, ""Git"": 3}","GitLab CI Certified Associate, Code Documentation Certified Associate","B.S. in Computer Science candidate at UC Berkeley passionate about cloud architecture & devops. Proficient in Networking Basics, Linux, Docker, Bash Scripting, GCP, Jenkins with hands-on academic and project experience. Seeking a DevOps Intern internship."
INT-1035,Kavya Wilson,kavya.wilson94@example.edu,University of Toronto,B.S. in Software Engineering,2024,Data Engineering & Big Data,Data Engineer,0.0,"Linux, Data Warehousing, ETL, SQL, Relational Databases, Apache Kafka, Data Modeling, Docker, Databricks, AWS S3, Problem Solving",11,"{""Linux"": 4, ""Data Warehousing"": 5, ""ETL"": 5, ""SQL"": 4, ""Relational Databases"": 3, ""Apache Kafka"": 3, ""Data Modeling"": 3, ""Docker"": 3, ""Databricks"": 2, ""AWS S3"": 4, ""Problem Solving"": 4}",Docker Certified Associate,"B.S. in Software Engineering candidate at University of Toronto passionate about data engineering & big data. Proficient in Linux, Data Warehousing, ETL, SQL, Relational Databases, Apache Kafka with hands-on academic and project experience. Seeking a Data Engineer internship."
INT-1036,Dev Sanchez,dev.sanchez20@example.edu,University of Washington,M.S. in Artificial Intelligence,2026,Mobile Application Development,Mobile App Developer,1.0,"React Native, State Management, Swift, Git, REST APIs, Firebase, Technical Writing, Time Management",8,"{""React Native"": 5, ""State Management"": 4, ""Swift"": 3, ""Git"": 3, ""REST APIs"": 5, ""Firebase"": 3, ""Technical Writing"": 3, ""Time Management"": 3}","React Native Certified Associate, Git Certified Associate","M.S. in Artificial Intelligence candidate at University of Washington passionate about mobile application development. Proficient in React Native, State Management, Swift, Git, REST APIs, Firebase with hands-on academic and project experience. Seeking a Mobile App Developer internship."
INT-1037,Elena Adams,elena.adams67@example.edu,Imperial College London,M.S. in Computer Science,2025,AI & Machine Learning,Computer Vision Engineer,0.0,"Mathematics, PyTorch, TensorFlow, Machine Learning, Transformers, Hugging Face, AWS SageMaker, FastAPI, Code Documentation, Adaptability, Git",11,"{""Mathematics"": 4, ""PyTorch"": 4, ""TensorFlow"": 5, ""Machine Learning"": 4, ""Transformers"": 2, ""Hugging Face"": 3, ""AWS SageMaker"": 2, ""FastAPI"": 3, ""Code Documentation"": 3, ""Adaptability"": 4, ""Git"": 3}",Code Documentation Certified Associate,"M.S. in Computer Science candidate at Imperial College London passionate about ai & machine learning. Proficient in Mathematics, PyTorch, TensorFlow, Machine Learning, Transformers, Hugging Face with hands-on academic and project experience. Seeking a Computer Vision Engineer internship."
INT-1038,Samantha Gonzalez,samantha.gonzalez25@example.edu,Georgia Tech,B.S. in Electrical & Computer Engineering,2024,Cloud Architecture & DevOps,Site Reliability Engineer (SRE),1.5,"Git, Kubernetes, CI/CD, AWS, Infrastructure as Code, Jenkins, ArgoCD, Vault, Technical Writing, Adaptability, Code Documentation, Docker",12,"{""Git"": 4, ""Kubernetes"": 3, ""CI/CD"": 5, ""AWS"": 4, ""Infrastructure as Code"": 3, ""Jenkins"": 2, ""ArgoCD"": 4, ""Vault"": 4, ""Technical Writing"": 3, ""Adaptability"": 3, ""Code Documentation"": 4, ""Docker"": 3}","AWS Certified Associate, Jenkins Certified Associate","B.S. in Electrical & Computer Engineering candidate at Georgia Tech passionate about cloud architecture & devops. Proficient in Git, Kubernetes, CI/CD, AWS, Infrastructure as Code, Jenkins with hands-on academic and project experience. Seeking a Site Reliability Engineer (SRE) internship."
INT-1039,Carlos Moore,carlos.moore88@example.edu,ETH Zurich,B.S. in Software Engineering,2026,Mobile Application Development,Flutter Developer,0.5,"Mobile UI Design, Dart, REST APIs, Git, Jetpack Compose, Android Studio, Figma, Fastlane, Team Collaboration, Communication, Code Documentation, Python",12,"{""Mobile UI Design"": 4, ""Dart"": 4, ""REST APIs"": 5, ""Git"": 4, ""Jetpack Compose"": 4, ""Android Studio"": 3, ""Figma"": 3, ""Fastlane"": 2, ""Team Collaboration"": 3, ""Communication"": 3, ""Code Documentation"": 4, ""Python"": 4}","Dart Certified Associate, Team Collaboration Certified Associate","B.S. in Software Engineering candidate at ETH Zurich passionate about mobile application development. Proficient in Mobile UI Design, Dart, REST APIs, Git, Jetpack Compose, Android Studio with hands-on academic and project experience. Seeking a Flutter Developer internship."
INT-1040,Isabella Clark,isabella.clark41@example.edu,Carnegie Mellon University,B.S. in Data Science,2024,Embedded Systems & IoT,Embedded Software Engineer,1.0,"UART/SPI/I2C Protocols, Embedded C, Electronics Fundamentals, Microcontrollers, C++, C, PCB Basics, Device Drivers, MQTT, ESP32, Team Collaboration, Git, Python",13,"{""UART/SPI/I2C Protocols"": 5, ""Embedded C"": 4, ""Electronics Fundamentals"": 4, ""Microcontrollers"": 4, ""C++"": 3, ""C"": 3, ""PCB Basics"": 3, ""Device Drivers"": 4, ""MQTT"": 4, ""ESP32"": 3, ""Team Collaboration"": 3, ""Git"": 3, ""Python"": 4}","UART/SPI/I2C Protocols Certified Associate, C++ Certified Associate","B.S. in Data Science candidate at Carnegie Mellon University passionate about embedded systems & iot. Proficient in UART/SPI/I2C Protocols, Embedded C, Electronics Fundamentals, Microcontrollers, C++, C with hands-on academic and project experience. Seeking a Embedded Software Engineer internship."
INT-1041,Chloe White,chloe.white57@example.edu,Technical University of Munich,M.S. in Computer Science,2025,Full Stack Web Development,Frontend Engineer,0.5,"JavaScript, Git, HTML5, Node.js, WebSockets, PostgreSQL, Microservices, Vercel, Docker, Vite, Adaptability",11,"{""JavaScript"": 5, ""Git"": 4, ""HTML5"": 4, ""Node.js"": 5, ""WebSockets"": 3, ""PostgreSQL"": 4, ""Microservices"": 2, ""Vercel"": 3, ""Docker"": 3, ""Vite"": 4, ""Adaptability"": 3}",PostgreSQL Certified Associate,"M.S. in Computer Science candidate at Technical University of Munich passionate about full stack web development. Proficient in JavaScript, Git, HTML5, Node.js, WebSockets, PostgreSQL with hands-on academic and project experience. Seeking a Frontend Engineer internship."
INT-1042,Rahul Rodriguez,rahul.rodriguez77@example.edu,Georgia Tech,M.S. in Artificial Intelligence,2026,AI & Machine Learning,Computer Vision Engineer,0.5,"Pandas, scikit-learn, Data Analysis, Git, Code Documentation",5,"{""Pandas"": 5, ""scikit-learn"": 3, ""Data Analysis"": 4, ""Git"": 4, ""Code Documentation"": 3}",None,"M.S. in Artificial Intelligence candidate at Georgia Tech passionate about ai & machine learning. Proficient in Pandas, scikit-learn, Data Analysis, Git, Code Documentation with hands-on academic and project experience. Seeking a Computer Vision Engineer internship."
INT-1043,Jin Allen,jin.allen55@example.edu,BITS Pilani,B.S. in Information Systems,2024,Embedded Systems & IoT,Robotics Software Intern,0.5,"Embedded C, UART/SPI/I2C Protocols, C++, RTOS, Microcontrollers, PCB Basics, BLE / Zigbee, Logic Analyzer, Team Collaboration, Critical Thinking, Git",11,"{""Embedded C"": 5, ""UART/SPI/I2C Protocols"": 4, ""C++"": 4, ""RTOS"": 4, ""Microcontrollers"": 3, ""PCB Basics"": 3, ""BLE / Zigbee"": 2, ""Logic Analyzer"": 3, ""Team Collaboration"": 4, ""Critical Thinking"": 4, ""Git"": 4}","Embedded C Certified Associate, PCB Basics Certified Associate","B.S. in Information Systems candidate at BITS Pilani passionate about embedded systems & iot. Proficient in Embedded C, UART/SPI/I2C Protocols, C++, RTOS, Microcontrollers, PCB Basics with hands-on academic and project experience. Seeking a Robotics Software Intern internship."
INT-1044,Chloe Harris,chloe.harris52@example.edu,Carnegie Mellon University,M.S. in Data Analytics,2026,Cybersecurity & Network Defense,Cybersecurity Analyst,0.5,"Security Fundamentals, Cryptography, Firewalls, OWASP Top 10, Nmap, Metasploit, Team Collaboration, Problem Solving, Critical Thinking, Python",10,"{""Security Fundamentals"": 3, ""Cryptography"": 4, ""Firewalls"": 5, ""OWASP Top 10"": 3, ""Nmap"": 2, ""Metasploit"": 3, ""Team Collaboration"": 4, ""Problem Solving"": 3, ""Critical Thinking"": 4, ""Python"": 3}","Security Fundamentals Certified Associate, Firewalls Certified Associate","M.S. in Data Analytics candidate at Carnegie Mellon University passionate about cybersecurity & network defense. Proficient in Security Fundamentals, Cryptography, Firewalls, OWASP Top 10, Nmap, Metasploit with hands-on academic and project experience. Seeking a Cybersecurity Analyst internship."
INT-1045,Fatima Garcia,fatima.garcia52@example.edu,IIT Delhi,B.S. in Data Science,2026,Embedded Systems & IoT,Firmware Developer,1.0,"Embedded C, Electronics Fundamentals, UART/SPI/I2C Protocols, C++, STM32CubeIDE, Logic Analyzer, Raspberry Pi, Code Documentation, Presentation Skills, Git, Python",11,"{""Embedded C"": 4, ""Electronics Fundamentals"": 4, ""UART/SPI/I2C Protocols"": 5, ""C++"": 4, ""STM32CubeIDE"": 2, ""Logic Analyzer"": 2, ""Raspberry Pi"": 3, ""Code Documentation"": 4, ""Presentation Skills"": 3, ""Git"": 4, ""Python"": 4}","C++ Certified Associate, Raspberry Pi Certified Associate","B.S. in Data Science candidate at IIT Delhi passionate about embedded systems & iot. Proficient in Embedded C, Electronics Fundamentals, UART/SPI/I2C Protocols, C++, STM32CubeIDE, Logic Analyzer with hands-on academic and project experience. Seeking a Firmware Developer internship."
INT-1046,Daniel Hill,daniel.hill47@example.edu,University of Texas at Austin,M.S. in Computer Science,2024,Mobile Application Development,Mobile Software Intern,0.5,"Mobile UI Design, REST APIs, State Management, React Native, Swift, Flutter, Room Database, Xcode, Fastlane, Technical Writing, Adaptability, Time Management, Git, Docker",14,"{""Mobile UI Design"": 4, ""REST APIs"": 4, ""State Management"": 4, ""React Native"": 4, ""Swift"": 5, ""Flutter"": 3, ""Room Database"": 3, ""Xcode"": 4, ""Fastlane"": 4, ""Technical Writing"": 4, ""Adaptability"": 3, ""Time Management"": 4, ""Git"": 3, ""Docker"": 4}","Mobile UI Design Certified Associate, Room Database Certified Associate","M.S. in Computer Science candidate at University of Texas at Austin passionate about mobile application development. Proficient in Mobile UI Design, REST APIs, State Management, React Native, Swift, Flutter with hands-on academic and project experience. Seeking a Mobile Software Intern internship."
INT-1047,Rahul Smith,rahul.smith46@example.edu,University of Washington,M.S. in Artificial Intelligence,2024,AI & Machine Learning,Machine Learning Engineer,1.5,"Data Analysis, Machine Learning, NumPy, Deep Learning, scikit-learn, NLP, Large Language Models, LangChain, CUDA, FastAPI, Agile & Scrum, Communication",12,"{""Data Analysis"": 5, ""Machine Learning"": 5, ""NumPy"": 5, ""Deep Learning"": 4, ""scikit-learn"": 4, ""NLP"": 4, ""Large Language Models"": 3, ""LangChain"": 3, ""CUDA"": 3, ""FastAPI"": 2, ""Agile & Scrum"": 3, ""Communication"": 3}","scikit-learn Certified Associate, NLP Certified Associate","M.S. in Artificial Intelligence candidate at University of Washington passionate about ai & machine learning. Proficient in Data Analysis, Machine Learning, NumPy, Deep Learning, scikit-learn, NLP with hands-on academic and project experience. Seeking a Machine Learning Engineer internship."
INT-1048,Grace Allen,grace.allen37@example.edu,Georgia Tech,B.S. in Computer Science,2026,Business Intelligence & Analytics,BI Developer,1.0,"Exploratory Data Analysis, Data Visualization, Excel & Spreadsheets, Business Metrics, Data Storytelling, ETL Basics, SQL Server, Jupyter, Tableau Desktop, Adaptability, Agile & Scrum, Code Documentation, Git, Python",14,"{""Exploratory Data Analysis"": 5, ""Data Visualization"": 4, ""Excel & Spreadsheets"": 5, ""Business Metrics"": 5, ""Data Storytelling"": 3, ""ETL Basics"": 3, ""SQL Server"": 3, ""Jupyter"": 2, ""Tableau Desktop"": 4, ""Adaptability"": 4, ""Agile & Scrum"": 3, ""Code Documentation"": 3, ""Git"": 4, ""Python"": 3}","ETL Basics Certified Associate, SQL Server Certified Associate","B.S. in Computer Science candidate at Georgia Tech passionate about business intelligence & analytics. Proficient in Exploratory Data Analysis, Data Visualization, Excel & Spreadsheets, Business Metrics, Data Storytelling, ETL Basics with hands-on academic and project experience. Seeking a BI Developer internship."
INT-1049,Chiara Torres,chiara.torres87@example.edu,UC Berkeley,B.S. in Computer Science,2024,Mobile Application Development,Android Developer,2.0,"React Native, Dart, Flutter, REST APIs, Jetpack Compose, App Store Deployment, Room Database, Postman, Presentation Skills, Communication, Git, Python",12,"{""React Native"": 4, ""Dart"": 5, ""Flutter"": 5, ""REST APIs"": 4, ""Jetpack Compose"": 3, ""App Store Deployment"": 3, ""Room Database"": 3, ""Postman"": 4, ""Presentation Skills"": 4, ""Communication"": 4, ""Git"": 3, ""Python"": 4}","Flutter Certified Associate, Jetpack Compose Certified Associate","B.S. in Computer Science candidate at UC Berkeley passionate about mobile application development. Proficient in React Native, Dart, Flutter, REST APIs, Jetpack Compose, App Store Deployment with hands-on academic and project experience. Seeking a Android Developer internship."
INT-1050,Grace Thompson,grace.thompson82@example.edu,BITS Pilani,B.S. in Electrical & Computer Engineering,2026,Cybersecurity & Network Defense,SOC Analyst,1.0,"Security Fundamentals, Cryptography, Linux, Python, Firewalls, Incident Response, Forensics, Ethical Hacking, Nessus, Burp Suite, Nmap, Problem Solving, Adaptability, Presentation Skills",14,"{""Security Fundamentals"": 3, ""Cryptography"": 3, ""Linux"": 5, ""Python"": 4, ""Firewalls"": 4, ""Incident Response"": 2, ""Forensics"": 3, ""Ethical Hacking"": 2, ""Nessus"": 2, ""Burp Suite"": 4, ""Nmap"": 3, ""Problem Solving"": 4, ""Adaptability"": 3, ""Presentation Skills"": 4}","Cryptography Certified Associate, Firewalls Certified Associate","B.S. in Electrical & Computer Engineering candidate at BITS Pilani passionate about cybersecurity & network defense. Proficient in Security Fundamentals, Cryptography, Linux, Python, Firewalls, Incident Response with hands-on academic and project experience. Seeking a SOC Analyst internship."
INT-1051,Fatima Nguyen,fatima.nguyen77@example.edu,Imperial College London,B.S. in Information Systems,2025,Cloud Architecture & DevOps,Cloud Infrastructure Engineer,1.5,"Kubernetes, Git, Bash Scripting, GCP, Infrastructure as Code, GitLab CI, Nginx, Code Documentation, Presentation Skills",9,"{""Kubernetes"": 4, ""Git"": 3, ""Bash Scripting"": 5, ""GCP"": 4, ""Infrastructure as Code"": 3, ""GitLab CI"": 4, ""Nginx"": 2, ""Code Documentation"": 3, ""Presentation Skills"": 3}","Kubernetes Certified Associate, Infrastructure as Code Certified Associate","B.S. in Information Systems candidate at Imperial College London passionate about cloud architecture & devops. Proficient in Kubernetes, Git, Bash Scripting, GCP, Infrastructure as Code, GitLab CI with hands-on academic and project experience. Seeking a Cloud Infrastructure Engineer internship."
INT-1052,Jasmine Patel,jasmine.patel36@example.edu,National University of Singapore,B.S. in Data Science,2024,AI & Machine Learning,Data Scientist,1.0,"Mathematics, NumPy, scikit-learn, Data Analysis, Hugging Face, Docker, FastAPI, MLflow, Time Management, Problem Solving, Git, Python",12,"{""Mathematics"": 5, ""NumPy"": 4, ""scikit-learn"": 3, ""Data Analysis"": 4, ""Hugging Face"": 4, ""Docker"": 3, ""FastAPI"": 2, ""MLflow"": 3, ""Time Management"": 4, ""Problem Solving"": 4, ""Git"": 3, ""Python"": 4}","Mathematics Certified Associate, Hugging Face Certified Associate","B.S. in Data Science candidate at National University of Singapore passionate about ai & machine learning. Proficient in Mathematics, NumPy, scikit-learn, Data Analysis, Hugging Face, Docker with hands-on academic and project experience. Seeking a Data Scientist internship."
INT-1053,Liam Campbell,liam.campbell44@example.edu,Georgia Tech,B.S. in Software Engineering,2024,Mobile Application Development,Android Developer,0.5,"State Management, REST APIs, Dart, Git, Mobile UI Design, Kotlin, Jetpack Compose, Push Notifications, Offline Sync, Figma, CocoaPods, Postman, Problem Solving, Team Collaboration, Code Documentation, Python",16,"{""State Management"": 4, ""REST APIs"": 4, ""Dart"": 5, ""Git"": 4, ""Mobile UI Design"": 4, ""Kotlin"": 4, ""Jetpack Compose"": 3, ""Push Notifications"": 3, ""Offline Sync"": 4, ""Figma"": 2, ""CocoaPods"": 2, ""Postman"": 2, ""Problem Solving"": 4, ""Team Collaboration"": 4, ""Code Documentation"": 4, ""Python"": 4}","REST APIs Certified Associate, Git Certified Associate","B.S. in Software Engineering candidate at Georgia Tech passionate about mobile application development. Proficient in State Management, REST APIs, Dart, Git, Mobile UI Design, Kotlin with hands-on academic and project experience. Seeking a Android Developer internship."
INT-1054,Jasmine Torres,jasmine.torres98@example.edu,BITS Pilani,B.S. in Electrical & Computer Engineering,2025,Cloud Architecture & DevOps,Site Reliability Engineer (SRE),0.5,"Cloud Computing, CI/CD, Bash Scripting, Docker, Kubernetes, Git, Helm, Ansible, Jenkins, Terraform Cloud, Communication, Adaptability, Agile & Scrum",13,"{""Cloud Computing"": 5, ""CI/CD"": 4, ""Bash Scripting"": 5, ""Docker"": 4, ""Kubernetes"": 3, ""Git"": 5, ""Helm"": 4, ""Ansible"": 3, ""Jenkins"": 4, ""Terraform Cloud"": 3, ""Communication"": 3, ""Adaptability"": 4, ""Agile & Scrum"": 3}",Bash Scripting Certified Associate,"B.S. in Electrical & Computer Engineering candidate at BITS Pilani passionate about cloud architecture & devops. Proficient in Cloud Computing, CI/CD, Bash Scripting, Docker, Kubernetes, Git with hands-on academic and project experience. Seeking a Site Reliability Engineer (SRE) internship."
INT-1055,Fatou Wilson,fatou.wilson94@example.edu,University of Washington,M.S. in Computer Science,2026,Full Stack Web Development,Full Stack Developer,2.0,"TypeScript, JavaScript, Git, Microservices, Tailwind CSS, MongoDB, Redis, Webpack, Technical Writing, Time Management",10,"{""TypeScript"": 4, ""JavaScript"": 4, ""Git"": 3, ""Microservices"": 4, ""Tailwind CSS"": 2, ""MongoDB"": 3, ""Redis"": 3, ""Webpack"": 2, ""Technical Writing"": 3, ""Time Management"": 3}","MongoDB Certified Associate, Technical Writing Certified Associate","M.S. in Computer Science candidate at University of Washington passionate about full stack web development. Proficient in TypeScript, JavaScript, Git, Microservices, Tailwind CSS, MongoDB with hands-on academic and project experience. Seeking a Full Stack Developer internship."
INT-1056,Jin Flores,jin.flores23@example.edu,University of Texas at Austin,B.S. in Data Science,2026,Full Stack Web Development,Full Stack Developer,0.5,"REST APIs, CSS3, Express.js, Node.js, Redux, MongoDB, GitHub Actions, Redis, VS Code, Presentation Skills, Communication, Git, Docker",13,"{""REST APIs"": 4, ""CSS3"": 4, ""Express.js"": 4, ""Node.js"": 3, ""Redux"": 2, ""MongoDB"": 3, ""GitHub Actions"": 3, ""Redis"": 3, ""VS Code"": 2, ""Presentation Skills"": 4, ""Communication"": 3, ""Git"": 4, ""Docker"": 4}",Docker Certified Associate,"B.S. in Data Science candidate at University of Texas at Austin passionate about full stack web development. Proficient in REST APIs, CSS3, Express.js, Node.js, Redux, MongoDB with hands-on academic and project experience. Seeking a Full Stack Developer internship."
INT-1057,Daniel Wilson,daniel.wilson49@example.edu,University of Washington,B.S. in Software Engineering,2025,Cloud Architecture & DevOps,Site Reliability Engineer (SRE),0.5,"Networking Basics, Kubernetes, Bash Scripting, Cloud Computing, Git, Docker, AWS, Prometheus, GCP, ArgoCD, Jenkins, Nginx, Technical Writing",13,"{""Networking Basics"": 5, ""Kubernetes"": 4, ""Bash Scripting"": 4, ""Cloud Computing"": 5, ""Git"": 5, ""Docker"": 5, ""AWS"": 4, ""Prometheus"": 4, ""GCP"": 4, ""ArgoCD"": 3, ""Jenkins"": 2, ""Nginx"": 2, ""Technical Writing"": 3}","Kubernetes Certified Associate, Bash Scripting Certified Associate","B.S. in Software Engineering candidate at University of Washington passionate about cloud architecture & devops. Proficient in Networking Basics, Kubernetes, Bash Scripting, Cloud Computing, Git, Docker with hands-on academic and project experience. Seeking a Site Reliability Engineer (SRE) internship."
INT-1058,Siddharth Smith,siddharth.smith66@example.edu,IIT Bombay,B.S. in Electrical & Computer Engineering,2024,Data Engineering & Big Data,Analytics Engineer,0.5,"Data Warehousing, Git, Python, ETL, Linux, Redshift, AWS S3, Presentation Skills, Time Management",9,"{""Data Warehousing"": 4, ""Git"": 4, ""Python"": 4, ""ETL"": 3, ""Linux"": 4, ""Redshift"": 4, ""AWS S3"": 3, ""Presentation Skills"": 3, ""Time Management"": 4}",Presentation Skills Certified Associate,"B.S. in Electrical & Computer Engineering candidate at IIT Bombay passionate about data engineering & big data. Proficient in Data Warehousing, Git, Python, ETL, Linux, Redshift with hands-on academic and project experience. Seeking a Analytics Engineer internship."
INT-1059,Isabella Flores,isabella.flores26@example.edu,University of Texas at Austin,B.S. in Data Science,2024,Business Intelligence & Analytics,Business Intelligence Analyst,1.0,"Power BI, Exploratory Data Analysis, Tableau, Business Metrics, ETL Basics, Python for Analytics, Predictive Analytics, Power BI Service, Looker, Adaptability",10,"{""Power BI"": 5, ""Exploratory Data Analysis"": 5, ""Tableau"": 4, ""Business Metrics"": 3, ""ETL Basics"": 2, ""Python for Analytics"": 4, ""Predictive Analytics"": 3, ""Power BI Service"": 2, ""Looker"": 4, ""Adaptability"": 4}","Power BI Certified Associate, Tableau Certified Associate","B.S. in Data Science candidate at University of Texas at Austin passionate about business intelligence & analytics. Proficient in Power BI, Exploratory Data Analysis, Tableau, Business Metrics, ETL Basics, Python for Analytics with hands-on academic and project experience. Seeking a Business Intelligence Analyst internship."
INT-1060,Chloe Hill,chloe.hill68@example.edu,Carnegie Mellon University,B.S. in Computer Science,2024,AI & Machine Learning,Machine Learning Engineer,1.5,"Deep Learning, PyTorch, Mathematics, Statistics, Python, scikit-learn, MLflow, Git, Critical Thinking, Docker",10,"{""Deep Learning"": 5, ""PyTorch"": 4, ""Mathematics"": 4, ""Statistics"": 5, ""Python"": 3, ""scikit-learn"": 3, ""MLflow"": 2, ""Git"": 2, ""Critical Thinking"": 4, ""Docker"": 3}","Deep Learning Certified Associate, PyTorch Certified Associate","B.S. in Computer Science candidate at Carnegie Mellon University passionate about ai & machine learning. Proficient in Deep Learning, PyTorch, Mathematics, Statistics, Python, scikit-learn with hands-on academic and project experience. Seeking a Machine Learning Engineer internship."
INT-1061,Dev Jones,dev.jones23@example.edu,Imperial College London,M.S. in Computer Science,2025,Business Intelligence & Analytics,Business Intelligence Analyst,0.5,"Excel & Spreadsheets, SQL, Power BI, Exploratory Data Analysis, Business Metrics, Statistics, Cohort Analysis, HubSpot, Jupyter, Metabase, Communication, Agile & Scrum, Code Documentation, Docker",14,"{""Excel & Spreadsheets"": 3, ""SQL"": 4, ""Power BI"": 3, ""Exploratory Data Analysis"": 5, ""Business Metrics"": 4, ""Statistics"": 5, ""Cohort Analysis"": 3, ""HubSpot"": 2, ""Jupyter"": 2, ""Metabase"": 3, ""Communication"": 3, ""Agile & Scrum"": 3, ""Code Documentation"": 4, ""Docker"": 3}","HubSpot Certified Associate, Agile & Scrum Certified Associate","M.S. in Computer Science candidate at Imperial College London passionate about business intelligence & analytics. Proficient in Excel & Spreadsheets, SQL, Power BI, Exploratory Data Analysis, Business Metrics, Statistics with hands-on academic and project experience. Seeking a Business Intelligence Analyst internship."
INT-1062,Jasmine Miller,jasmine.miller59@example.edu,Imperial College London,M.S. in Artificial Intelligence,2026,AI & Machine Learning,AI Research Intern,0.5,"Machine Learning, Python, PyTorch, TensorFlow, Statistics, Data Analysis, CUDA, Adaptability, Team Collaboration, Code Documentation, Git",11,"{""Machine Learning"": 4, ""Python"": 4, ""PyTorch"": 3, ""TensorFlow"": 4, ""Statistics"": 3, ""Data Analysis"": 4, ""CUDA"": 2, ""Adaptability"": 4, ""Team Collaboration"": 4, ""Code Documentation"": 3, ""Git"": 4}","TensorFlow Certified Associate, Statistics Certified Associate","M.S. in Artificial Intelligence candidate at Imperial College London passionate about ai & machine learning. Proficient in Machine Learning, Python, PyTorch, TensorFlow, Statistics, Data Analysis with hands-on academic and project experience. Seeking a AI Research Intern internship."
INT-1063,Zara Miller,zara.miller99@example.edu,University of Washington,B.S. in Computer Science,2025,Full Stack Web Development,Full Stack Developer,1.0,"React, TypeScript, JavaScript, HTML5, CSS3, Microservices, Redis, Postman, Team Collaboration, Docker",10,"{""React"": 5, ""TypeScript"": 4, ""JavaScript"": 3, ""HTML5"": 5, ""CSS3"": 4, ""Microservices"": 3, ""Redis"": 2, ""Postman"": 3, ""Team Collaboration"": 3, ""Docker"": 3}","React Certified Associate, JavaScript Certified Associate","B.S. in Computer Science candidate at University of Washington passionate about full stack web development. Proficient in React, TypeScript, JavaScript, HTML5, CSS3, Microservices with hands-on academic and project experience. Seeking a Full Stack Developer internship."
INT-1064,Jasmine Wilson,jasmine.wilson63@example.edu,University of Michigan,M.S. in Computer Science,2024,Business Intelligence & Analytics,Data Analyst,2.0,"SQL, Data Visualization, Business Metrics, Power BI, Statistics, Mixpanel, Tableau Desktop, Looker, Team Collaboration, Presentation Skills, Time Management, Git",12,"{""SQL"": 4, ""Data Visualization"": 4, ""Business Metrics"": 4, ""Power BI"": 5, ""Statistics"": 4, ""Mixpanel"": 4, ""Tableau Desktop"": 3, ""Looker"": 2, ""Team Collaboration"": 3, ""Presentation Skills"": 3, ""Time Management"": 3, ""Git"": 4}","SQL Certified Associate, Statistics Certified Associate","M.S. in Computer Science candidate at University of Michigan passionate about business intelligence & analytics. Proficient in SQL, Data Visualization, Business Metrics, Power BI, Statistics, Mixpanel with hands-on academic and project experience. Seeking a Data Analyst internship."
INT-1065,Amara Davis,amara.davis45@example.edu,MIT,B.S. in Software Engineering,2024,Business Intelligence & Analytics,BI Developer,2.0,"Data Visualization, Power BI, SQL, Business Metrics, Statistics, Excel & Spreadsheets, Google Analytics 4, Python for Analytics, Tableau Desktop, Looker, Agile & Scrum, Communication, Team Collaboration, Git, Python",15,"{""Data Visualization"": 4, ""Power BI"": 4, ""SQL"": 5, ""Business Metrics"": 4, ""Statistics"": 4, ""Excel & Spreadsheets"": 3, ""Google Analytics 4"": 3, ""Python for Analytics"": 3, ""Tableau Desktop"": 4, ""Looker"": 2, ""Agile & Scrum"": 3, ""Communication"": 3, ""Team Collaboration"": 3, ""Git"": 4, ""Python"": 4}","Power BI Certified Associate, Python for Analytics Certified Associate","B.S. in Software Engineering candidate at MIT passionate about business intelligence & analytics. Proficient in Data Visualization, Power BI, SQL, Business Metrics, Statistics, Excel & Spreadsheets with hands-on academic and project experience. Seeking a BI Developer internship."
INT-1066,Maya Walker,maya.walker16@example.edu,University of Michigan,B.S. in Information Systems,2024,Cybersecurity & Network Defense,SOC Analyst,0.0,"Cryptography, Network Security, Security Fundamentals, TCP/IP, Linux, Vulnerability Assessment, Penetration Testing, Identity & Access Management (IAM), SIEM, Metasploit, Burp Suite, Splunk, Time Management, Critical Thinking, Team Collaboration, Python",16,"{""Cryptography"": 4, ""Network Security"": 5, ""Security Fundamentals"": 4, ""TCP/IP"": 3, ""Linux"": 4, ""Vulnerability Assessment"": 3, ""Penetration Testing"": 2, ""Identity & Access Management (IAM)"": 4, ""SIEM"": 2, ""Metasploit"": 2, ""Burp Suite"": 4, ""Splunk"": 3, ""Time Management"": 4, ""Critical Thinking"": 4, ""Team Collaboration"": 3, ""Python"": 4}","Network Security Certified Associate, Security Fundamentals Certified Associate","B.S. in Information Systems candidate at University of Michigan passionate about cybersecurity & network defense. Proficient in Cryptography, Network Security, Security Fundamentals, TCP/IP, Linux, Vulnerability Assessment with hands-on academic and project experience. Seeking a SOC Analyst internship."
INT-1067,Sophia Patel,sophia.patel58@example.edu,BITS Pilani,M.S. in Computer Science,2026,Cybersecurity & Network Defense,Threat Intelligence Analyst,1.5,"Python, Network Security, Security Fundamentals, Vulnerability Assessment, Linux, Penetration Testing, Cloud Security, Nmap, Wireshark, Technical Writing, Adaptability, Git, Docker",13,"{""Python"": 4, ""Network Security"": 3, ""Security Fundamentals"": 4, ""Vulnerability Assessment"": 4, ""Linux"": 4, ""Penetration Testing"": 2, ""Cloud Security"": 3, ""Nmap"": 4, ""Wireshark"": 3, ""Technical Writing"": 4, ""Adaptability"": 3, ""Git"": 3, ""Docker"": 3}","Linux Certified Associate, Technical Writing Certified Associate","M.S. in Computer Science candidate at BITS Pilani passionate about cybersecurity & network defense. Proficient in Python, Network Security, Security Fundamentals, Vulnerability Assessment, Linux, Penetration Testing with hands-on academic and project experience. Seeking a Threat Intelligence Analyst internship."
INT-1068,Rohan Smith,rohan.smith21@example.edu,University of Texas at Austin,B.S. in Computer Science,2026,Mobile Application Development,Flutter Developer,0.5,"Swift, Kotlin, Git, CoreData, Offline Sync, Performance Optimization, Android Studio, Problem Solving, Agile & Scrum",9,"{""Swift"": 4, ""Kotlin"": 3, ""Git"": 4, ""CoreData"": 4, ""Offline Sync"": 2, ""Performance Optimization"": 3, ""Android Studio"": 3, ""Problem Solving"": 4, ""Agile & Scrum"": 3}",None,"B.S. in Computer Science candidate at University of Texas at Austin passionate about mobile application development. Proficient in Swift, Kotlin, Git, CoreData, Offline Sync, Performance Optimization with hands-on academic and project experience. Seeking a Flutter Developer internship."
INT-1069,Lars Scott,lars.scott32@example.edu,Cornell University,M.S. in Artificial Intelligence,2026,Data Engineering & Big Data,Big Data Developer,1.0,"Git, Linux, Relational Databases, Python, Airflow, Kafka Connect, Tableau, PostgreSQL, Communication",9,"{""Git"": 4, ""Linux"": 3, ""Relational Databases"": 4, ""Python"": 4, ""Airflow"": 3, ""Kafka Connect"": 2, ""Tableau"": 4, ""PostgreSQL"": 2, ""Communication"": 4}","Relational Databases Certified Associate, Python Certified Associate","M.S. in Artificial Intelligence candidate at Cornell University passionate about data engineering & big data. Proficient in Git, Linux, Relational Databases, Python, Airflow, Kafka Connect with hands-on academic and project experience. Seeking a Big Data Developer internship."
INT-1070,Rohan Thompson,rohan.thompson54@example.edu,Carnegie Mellon University,M.S. in Artificial Intelligence,2025,Cloud Architecture & DevOps,Cloud Security Engineer,2.0,"Linux, Docker, Cloud Computing, Networking Basics, GCP, Jenkins, GitLab CI, Time Management, Git, Python",10,"{""Linux"": 3, ""Docker"": 4, ""Cloud Computing"": 5, ""Networking Basics"": 3, ""GCP"": 4, ""Jenkins"": 4, ""GitLab CI"": 2, ""Time Management"": 4, ""Git"": 3, ""Python"": 3}","Linux Certified Associate, Docker Certified Associate","M.S. in Artificial Intelligence candidate at Carnegie Mellon University passionate about cloud architecture & devops. Proficient in Linux, Docker, Cloud Computing, Networking Basics, GCP, Jenkins with hands-on academic and project experience. Seeking a Cloud Security Engineer internship."
INT-1071,Amara Perez,amara.perez10@example.edu,UC Berkeley,M.S. in Artificial Intelligence,2025,Embedded Systems & IoT,IoT Systems Engineer,2.0,"RTOS, C++, UART/SPI/I2C Protocols, Microcontrollers, C, Linux, Embedded Linux, Logic Analyzer, Code Documentation, Git, Docker",11,"{""RTOS"": 5, ""C++"": 4, ""UART/SPI/I2C Protocols"": 4, ""Microcontrollers"": 5, ""C"": 4, ""Linux"": 4, ""Embedded Linux"": 4, ""Logic Analyzer"": 2, ""Code Documentation"": 4, ""Git"": 4, ""Docker"": 4}","Microcontrollers Certified Associate, Linux Certified Associate","M.S. in Artificial Intelligence candidate at UC Berkeley passionate about embedded systems & iot. Proficient in RTOS, C++, UART/SPI/I2C Protocols, Microcontrollers, C, Linux with hands-on academic and project experience. Seeking a IoT Systems Engineer internship."
INT-1072,Sara Harris,sara.harris78@example.edu,University of Texas at Austin,M.S. in Data Analytics,2025,AI & Machine Learning,NLP Engineer,1.0,"NumPy, Statistics, Mathematics, Hugging Face, Large Language Models, Model Deployment, AWS SageMaker, Docker, CUDA, Communication, Python",11,"{""NumPy"": 5, ""Statistics"": 4, ""Mathematics"": 4, ""Hugging Face"": 3, ""Large Language Models"": 3, ""Model Deployment"": 2, ""AWS SageMaker"": 2, ""Docker"": 3, ""CUDA"": 4, ""Communication"": 4, ""Python"": 4}","Hugging Face Certified Associate, Docker Certified Associate","M.S. in Data Analytics candidate at University of Texas at Austin passionate about ai & machine learning. Proficient in NumPy, Statistics, Mathematics, Hugging Face, Large Language Models, Model Deployment with hands-on academic and project experience. Seeking a NLP Engineer internship."
INT-1073,Vikram Mitchell,vikram.mitchell22@example.edu,Technical University of Munich,B.S. in Information Systems,2025,Full Stack Web Development,Full Stack Developer,1.5,"Git, REST APIs, JavaScript, TypeScript, HTML5, Authentication & JWT, Redux, Microservices, GitHub Actions, VS Code, Webpack, Time Management, Communication, Docker",14,"{""Git"": 4, ""REST APIs"": 3, ""JavaScript"": 4, ""TypeScript"": 4, ""HTML5"": 4, ""Authentication & JWT"": 3, ""Redux"": 4, ""Microservices"": 2, ""GitHub Actions"": 2, ""VS Code"": 2, ""Webpack"": 3, ""Time Management"": 4, ""Communication"": 4, ""Docker"": 4}","JavaScript Certified Associate, VS Code Certified Associate","B.S. in Information Systems candidate at Technical University of Munich passionate about full stack web development. Proficient in Git, REST APIs, JavaScript, TypeScript, HTML5, Authentication & JWT with hands-on academic and project experience. Seeking a Full Stack Developer internship."
INT-1074,Fatima Hernandez,fatima.hernandez17@example.edu,MIT,B.S. in Electrical & Computer Engineering,2025,AI & Machine Learning,Data Scientist,0.0,"Pandas, NumPy, Data Analysis, Machine Learning, scikit-learn, Transformers, Weights & Biases, Git, Technical Writing, Presentation Skills",10,"{""Pandas"": 4, ""NumPy"": 4, ""Data Analysis"": 4, ""Machine Learning"": 4, ""scikit-learn"": 3, ""Transformers"": 3, ""Weights & Biases"": 2, ""Git"": 3, ""Technical Writing"": 3, ""Presentation Skills"": 3}","Data Analysis Certified Associate, Machine Learning Certified Associate","B.S. in Electrical & Computer Engineering candidate at MIT passionate about ai & machine learning. Proficient in Pandas, NumPy, Data Analysis, Machine Learning, scikit-learn, Transformers with hands-on academic and project experience. Seeking a Data Scientist internship."
INT-1075,David Flores,david.flores32@example.edu,University of Texas at Austin,B.S. in Computer Science,2025,AI & Machine Learning,NLP Engineer,2.0,"scikit-learn, Pandas, PyTorch, TensorFlow, Statistics, Computer Vision, Model Deployment, Docker, Jupyter, Adaptability, Time Management, Git",12,"{""scikit-learn"": 3, ""Pandas"": 5, ""PyTorch"": 3, ""TensorFlow"": 4, ""Statistics"": 4, ""Computer Vision"": 3, ""Model Deployment"": 3, ""Docker"": 3, ""Jupyter"": 4, ""Adaptability"": 4, ""Time Management"": 3, ""Git"": 3}","Pandas Certified Associate, PyTorch Certified Associate","B.S. in Computer Science candidate at University of Texas at Austin passionate about ai & machine learning. Proficient in scikit-learn, Pandas, PyTorch, TensorFlow, Statistics, Computer Vision with hands-on academic and project experience. Seeking a NLP Engineer internship."
INT-1076,Nadia Smith,nadia.smith84@example.edu,University of Toronto,B.S. in Electrical & Computer Engineering,2026,Business Intelligence & Analytics,BI Developer,0.5,"Excel & Spreadsheets, Business Metrics, Exploratory Data Analysis, Power BI, Data Visualization, Tableau, A/B Testing, Data Storytelling, Jupyter, Metabase, HubSpot, Adaptability, Agile & Scrum",13,"{""Excel & Spreadsheets"": 4, ""Business Metrics"": 4, ""Exploratory Data Analysis"": 4, ""Power BI"": 4, ""Data Visualization"": 5, ""Tableau"": 4, ""A/B Testing"": 3, ""Data Storytelling"": 3, ""Jupyter"": 4, ""Metabase"": 3, ""HubSpot"": 3, ""Adaptability"": 3, ""Agile & Scrum"": 4}","Excel & Spreadsheets Certified Associate, Tableau Certified Associate","B.S. in Electrical & Computer Engineering candidate at University of Toronto passionate about business intelligence & analytics. Proficient in Excel & Spreadsheets, Business Metrics, Exploratory Data Analysis, Power BI, Data Visualization, Tableau with hands-on academic and project experience. Seeking a BI Developer internship."
INT-1077,Vikram Ramirez,vikram.ramirez28@example.edu,University of Washington,M.S. in Computer Science,2024,Data Engineering & Big Data,Data Platform Engineer,1.5,"Python, Linux, ETL, Data Pipelines, SQL, Airflow, Databricks, Redshift, Critical Thinking, Agile & Scrum, Code Documentation",11,"{""Python"": 5, ""Linux"": 3, ""ETL"": 3, ""Data Pipelines"": 4, ""SQL"": 4, ""Airflow"": 2, ""Databricks"": 3, ""Redshift"": 4, ""Critical Thinking"": 3, ""Agile & Scrum"": 3, ""Code Documentation"": 3}","Linux Certified Associate, SQL Certified Associate","M.S. in Computer Science candidate at University of Washington passionate about data engineering & big data. Proficient in Python, Linux, ETL, Data Pipelines, SQL, Airflow with hands-on academic and project experience. Seeking a Data Platform Engineer internship."
INT-1078,Chiara Miller,chiara.miller53@example.edu,Imperial College London,M.S. in Data Analytics,2024,Data Engineering & Big Data,Data Platform Engineer,0.5,"Data Pipelines, SQL, Data Warehousing, Python, Git, Relational Databases, Kafka Connect, Problem Solving",8,"{""Data Pipelines"": 3, ""SQL"": 3, ""Data Warehousing"": 3, ""Python"": 3, ""Git"": 3, ""Relational Databases"": 3, ""Kafka Connect"": 3, ""Problem Solving"": 4}",Python Certified Associate,"M.S. in Data Analytics candidate at Imperial College London passionate about data engineering & big data. Proficient in Data Pipelines, SQL, Data Warehousing, Python, Git, Relational Databases with hands-on academic and project experience. Seeking a Data Platform Engineer internship."
INT-1079,Yuki Nelson,yuki.nelson27@example.edu,Carnegie Mellon University,M.S. in Artificial Intelligence,2026,Mobile Application Development,React Native Developer,2.0,"Git, Swift, React Native, Room Database, Offline Sync, Fastlane, Adaptability, Python",8,"{""Git"": 4, ""Swift"": 3, ""React Native"": 5, ""Room Database"": 3, ""Offline Sync"": 4, ""Fastlane"": 3, ""Adaptability"": 3, ""Python"": 3}","Git Certified Associate, Swift Certified Associate","M.S. in Artificial Intelligence candidate at Carnegie Mellon University passionate about mobile application development. Proficient in Git, Swift, React Native, Room Database, Offline Sync, Fastlane with hands-on academic and project experience. Seeking a React Native Developer internship."
INT-1080,Mei Gonzalez,mei.gonzalez68@example.edu,University of Michigan,B.S. in Information Systems,2025,Full Stack Web Development,Backend Developer,0.0,"Node.js, Git, Express.js, GraphQL, Postman, Problem Solving, Presentation Skills, Docker",8,"{""Node.js"": 4, ""Git"": 5, ""Express.js"": 4, ""GraphQL"": 2, ""Postman"": 3, ""Problem Solving"": 4, ""Presentation Skills"": 3, ""Docker"": 3}",None,"B.S. in Information Systems candidate at University of Michigan passionate about full stack web development. Proficient in Node.js, Git, Express.js, GraphQL, Postman, Problem Solving with hands-on academic and project experience. Seeking a Backend Developer internship."
INT-1081,Arjun Hall,arjun.hall17@example.edu,Carnegie Mellon University,B.S. in Data Science,2025,Full Stack Web Development,Frontend Engineer,2.0,"Express.js, Node.js, JavaScript, Git, SQL, TypeScript, PostgreSQL, MongoDB, Next.js, GitHub Actions, Technical Writing, Problem Solving, Critical Thinking, Python",14,"{""Express.js"": 4, ""Node.js"": 4, ""JavaScript"": 3, ""Git"": 5, ""SQL"": 4, ""TypeScript"": 5, ""PostgreSQL"": 3, ""MongoDB"": 4, ""Next.js"": 3, ""GitHub Actions"": 4, ""Technical Writing"": 3, ""Problem Solving"": 3, ""Critical Thinking"": 3, ""Python"": 4}","JavaScript Certified Associate, SQL Certified Associate","B.S. in Data Science candidate at Carnegie Mellon University passionate about full stack web development. Proficient in Express.js, Node.js, JavaScript, Git, SQL, TypeScript with hands-on academic and project experience. Seeking a Frontend Engineer internship."
INT-1082,Jasmine Garcia,jasmine.garcia73@example.edu,Carnegie Mellon University,B.S. in Computer Science,2025,Embedded Systems & IoT,Hardware/Software Integrator,1.5,"Embedded C, Electronics Fundamentals, Linux, Oscilloscope, Technical Writing, Time Management, Adaptability",7,"{""Embedded C"": 4, ""Electronics Fundamentals"": 5, ""Linux"": 4, ""Oscilloscope"": 4, ""Technical Writing"": 4, ""Time Management"": 3, ""Adaptability"": 3}",Electronics Fundamentals Certified Associate,"B.S. in Computer Science candidate at Carnegie Mellon University passionate about embedded systems & iot. Proficient in Embedded C, Electronics Fundamentals, Linux, Oscilloscope, Technical Writing, Time Management with hands-on academic and project experience. Seeking a Hardware/Software Integrator internship."
INT-1083,Emily Robinson,emily.robinson27@example.edu,Carnegie Mellon University,M.S. in Artificial Intelligence,2025,Full Stack Web Development,Full Stack Developer,2.0,"CSS3, REST APIs, Git, Node.js, WebSockets, Postman, Code Documentation, Problem Solving",8,"{""CSS3"": 5, ""REST APIs"": 5, ""Git"": 4, ""Node.js"": 5, ""WebSockets"": 2, ""Postman"": 4, ""Code Documentation"": 3, ""Problem Solving"": 4}","WebSockets Certified Associate, Problem Solving Certified Associate","M.S. in Artificial Intelligence candidate at Carnegie Mellon University passionate about full stack web development. Proficient in CSS3, REST APIs, Git, Node.js, WebSockets, Postman with hands-on academic and project experience. Seeking a Full Stack Developer internship."
INT-1084,Yuki Torres,yuki.torres51@example.edu,IIT Bombay,M.S. in Artificial Intelligence,2026,Business Intelligence & Analytics,Operations Analyst,0.5,"Statistics, Business Metrics, Data Visualization, Exploratory Data Analysis, Tableau, DAX, Google Analytics 4, Predictive Analytics, Metabase, HubSpot, Adaptability, Communication, Git, Docker",14,"{""Statistics"": 4, ""Business Metrics"": 4, ""Data Visualization"": 4, ""Exploratory Data Analysis"": 4, ""Tableau"": 3, ""DAX"": 3, ""Google Analytics 4"": 4, ""Predictive Analytics"": 4, ""Metabase"": 4, ""HubSpot"": 4, ""Adaptability"": 4, ""Communication"": 4, ""Git"": 3, ""Docker"": 3}","Statistics Certified Associate, Business Metrics Certified Associate","M.S. in Artificial Intelligence candidate at IIT Bombay passionate about business intelligence & analytics. Proficient in Statistics, Business Metrics, Data Visualization, Exploratory Data Analysis, Tableau, DAX with hands-on academic and project experience. Seeking a Operations Analyst internship."
INT-1085,Chiara Rivera,chiara.rivera81@example.edu,Technical University of Munich,B.S. in Electrical & Computer Engineering,2025,Full Stack Web Development,Software Engineer - Web,0.5,"Express.js, Node.js, JavaScript, REST APIs, SQL, Vite, Webpack, Presentation Skills, Technical Writing",9,"{""Express.js"": 4, ""Node.js"": 4, ""JavaScript"": 4, ""REST APIs"": 4, ""SQL"": 5, ""Vite"": 2, ""Webpack"": 4, ""Presentation Skills"": 3, ""Technical Writing"": 3}","JavaScript Certified Associate, REST APIs Certified Associate","B.S. in Electrical & Computer Engineering candidate at Technical University of Munich passionate about full stack web development. Proficient in Express.js, Node.js, JavaScript, REST APIs, SQL, Vite with hands-on academic and project experience. Seeking a Software Engineer - Web internship."
INT-1086,Elena Smith,elena.smith29@example.edu,MIT,M.S. in Computer Science,2026,Embedded Systems & IoT,Embedded Linux Developer,2.0,"UART/SPI/I2C Protocols, C, Electronics Fundamentals, Microcontrollers, C++, BLE / Zigbee, Device Drivers, FreeRTOS, STM32CubeIDE, Oscilloscope, Logic Analyzer, Adaptability, Code Documentation, Critical Thinking, Git",15,"{""UART/SPI/I2C Protocols"": 4, ""C"": 4, ""Electronics Fundamentals"": 4, ""Microcontrollers"": 4, ""C++"": 5, ""BLE / Zigbee"": 2, ""Device Drivers"": 2, ""FreeRTOS"": 3, ""STM32CubeIDE"": 3, ""Oscilloscope"": 2, ""Logic Analyzer"": 4, ""Adaptability"": 3, ""Code Documentation"": 3, ""Critical Thinking"": 4, ""Git"": 4}","Logic Analyzer Certified Associate, Code Documentation Certified Associate","M.S. in Computer Science candidate at MIT passionate about embedded systems & iot. Proficient in UART/SPI/I2C Protocols, C, Electronics Fundamentals, Microcontrollers, C++, BLE / Zigbee with hands-on academic and project experience. Seeking a Embedded Linux Developer internship."
INT-1087,Sophia Sharma,sophia.sharma90@example.edu,University of Illinois Urbana-Champaign,B.S. in Software Engineering,2026,Cloud Architecture & DevOps,Platform Engineer,0.5,"Networking Basics, Git, Linux, Bash Scripting, Cloud Computing, CI/CD, ELK Stack, Problem Solving, Critical Thinking, Adaptability",10,"{""Networking Basics"": 4, ""Git"": 4, ""Linux"": 5, ""Bash Scripting"": 5, ""Cloud Computing"": 5, ""CI/CD"": 5, ""ELK Stack"": 3, ""Problem Solving"": 4, ""Critical Thinking"": 3, ""Adaptability"": 4}","Problem Solving Certified Associate, Adaptability Certified Associate","B.S. in Software Engineering candidate at University of Illinois Urbana-Champaign passionate about cloud architecture & devops. Proficient in Networking Basics, Git, Linux, Bash Scripting, Cloud Computing, CI/CD with hands-on academic and project experience. Seeking a Platform Engineer internship."
INT-1088,Benjamin Taylor,benjamin.taylor66@example.edu,National University of Singapore,M.S. in Artificial Intelligence,2026,Mobile Application Development,React Native Developer,0.0,"Kotlin, REST APIs, Git, React Native, State Management, Flutter, Push Notifications, Figma, Android Studio, Fastlane, Adaptability, Python",12,"{""Kotlin"": 5, ""REST APIs"": 3, ""Git"": 4, ""React Native"": 4, ""State Management"": 4, ""Flutter"": 4, ""Push Notifications"": 4, ""Figma"": 4, ""Android Studio"": 4, ""Fastlane"": 2, ""Adaptability"": 3, ""Python"": 3}","Kotlin Certified Associate, Git Certified Associate","M.S. in Artificial Intelligence candidate at National University of Singapore passionate about mobile application development. Proficient in Kotlin, REST APIs, Git, React Native, State Management, Flutter with hands-on academic and project experience. Seeking a React Native Developer internship."
INT-1089,Chloe Hernandez,chloe.hernandez84@example.edu,University of Toronto,M.S. in Data Analytics,2025,Full Stack Web Development,Backend Developer,0.5,"TypeScript, CSS3, Node.js, SQL, Vercel, Jest, Presentation Skills, Team Collaboration, Agile & Scrum, Git, Python",11,"{""TypeScript"": 5, ""CSS3"": 4, ""Node.js"": 3, ""SQL"": 4, ""Vercel"": 2, ""Jest"": 2, ""Presentation Skills"": 4, ""Team Collaboration"": 4, ""Agile & Scrum"": 4, ""Git"": 3, ""Python"": 4}","Jest Certified Associate, Git Certified Associate","M.S. in Data Analytics candidate at University of Toronto passionate about full stack web development. Proficient in TypeScript, CSS3, Node.js, SQL, Vercel, Jest with hands-on academic and project experience. Seeking a Backend Developer internship."
INT-1090,Carlos Williams,carlos.williams19@example.edu,ETH Zurich,B.S. in Computer Science,2026,Mobile Application Development,Mobile Software Intern,0.0,"React Native, Git, Mobile UI Design, Flutter, Kotlin, Swift, Room Database, Fastlane, Agile & Scrum, Technical Writing, Critical Thinking",11,"{""React Native"": 4, ""Git"": 4, ""Mobile UI Design"": 5, ""Flutter"": 4, ""Kotlin"": 4, ""Swift"": 4, ""Room Database"": 4, ""Fastlane"": 3, ""Agile & Scrum"": 3, ""Technical Writing"": 3, ""Critical Thinking"": 4}","React Native Certified Associate, Mobile UI Design Certified Associate","B.S. in Computer Science candidate at ETH Zurich passionate about mobile application development. Proficient in React Native, Git, Mobile UI Design, Flutter, Kotlin, Swift with hands-on academic and project experience. Seeking a Mobile Software Intern internship."
INT-1091,Sara Hill,sara.hill45@example.edu,Technical University of Munich,B.S. in Information Systems,2026,Full Stack Web Development,Web Application Intern,0.5,"TypeScript, SQL, React, CSS3, Git, REST APIs, Authentication & JWT, WebSockets, MongoDB, Jest, Vercel, Technical Writing, Problem Solving, Agile & Scrum, Python",15,"{""TypeScript"": 4, ""SQL"": 4, ""React"": 4, ""CSS3"": 4, ""Git"": 4, ""REST APIs"": 4, ""Authentication & JWT"": 2, ""WebSockets"": 3, ""MongoDB"": 4, ""Jest"": 3, ""Vercel"": 4, ""Technical Writing"": 3, ""Problem Solving"": 4, ""Agile & Scrum"": 4, ""Python"": 4}","TypeScript Certified Associate, SQL Certified Associate","B.S. in Information Systems candidate at Technical University of Munich passionate about full stack web development. Proficient in TypeScript, SQL, React, CSS3, Git, REST APIs with hands-on academic and project experience. Seeking a Web Application Intern internship."
INT-1092,Dev Green,dev.green46@example.edu,University of Illinois Urbana-Champaign,B.S. in Software Engineering,2025,AI & Machine Learning,Deep Learning Specialist,2.0,"Data Analysis, Statistics, Deep Learning, NumPy, PyTorch, scikit-learn, Vector Databases, Computer Vision, Large Language Models, MLflow, Technical Writing, Git, Python",13,"{""Data Analysis"": 4, ""Statistics"": 3, ""Deep Learning"": 3, ""NumPy"": 4, ""PyTorch"": 5, ""scikit-learn"": 4, ""Vector Databases"": 2, ""Computer Vision"": 3, ""Large Language Models"": 4, ""MLflow"": 4, ""Technical Writing"": 3, ""Git"": 3, ""Python"": 3}","Statistics Certified Associate, MLflow Certified Associate","B.S. in Software Engineering candidate at University of Illinois Urbana-Champaign passionate about ai & machine learning. Proficient in Data Analysis, Statistics, Deep Learning, NumPy, PyTorch, scikit-learn with hands-on academic and project experience. Seeking a Deep Learning Specialist internship."
INT-1093,William Rivera,william.rivera99@example.edu,IIT Bombay,B.S. in Software Engineering,2024,Business Intelligence & Analytics,Product Analyst,1.0,"Business Metrics, Excel & Spreadsheets, Data Visualization, SQL, Power BI, Statistics, A/B Testing, Tableau Desktop, Code Documentation, Communication, Python",11,"{""Business Metrics"": 4, ""Excel & Spreadsheets"": 5, ""Data Visualization"": 4, ""SQL"": 4, ""Power BI"": 5, ""Statistics"": 4, ""A/B Testing"": 3, ""Tableau Desktop"": 4, ""Code Documentation"": 4, ""Communication"": 3, ""Python"": 4}","Data Visualization Certified Associate, Communication Certified Associate","B.S. in Software Engineering candidate at IIT Bombay passionate about business intelligence & analytics. Proficient in Business Metrics, Excel & Spreadsheets, Data Visualization, SQL, Power BI, Statistics with hands-on academic and project experience. Seeking a Product Analyst internship."
INT-1094,Grace Clark,grace.clark99@example.edu,Carnegie Mellon University,B.S. in Data Science,2024,Full Stack Web Development,Web Application Intern,2.0,"JavaScript, HTML5, Express.js, Node.js, Git, REST APIs, Redux, PostgreSQL, GitHub Actions, Postman, VS Code, Team Collaboration, Communication, Time Management, Python",15,"{""JavaScript"": 5, ""HTML5"": 4, ""Express.js"": 3, ""Node.js"": 4, ""Git"": 5, ""REST APIs"": 5, ""Redux"": 2, ""PostgreSQL"": 3, ""GitHub Actions"": 4, ""Postman"": 4, ""VS Code"": 3, ""Team Collaboration"": 3, ""Communication"": 3, ""Time Management"": 3, ""Python"": 3}","Git Certified Associate, Postman Certified Associate","B.S. in Data Science candidate at Carnegie Mellon University passionate about full stack web development. Proficient in JavaScript, HTML5, Express.js, Node.js, Git, REST APIs with hands-on academic and project experience. Seeking a Web Application Intern internship."
INT-1095,Isabella Gonzalez,isabella.gonzalez87@example.edu,IIT Delhi,B.S. in Electrical & Computer Engineering,2025,Data Engineering & Big Data,ETL Developer,2.0,"SQL, Relational Databases, Python, BigQuery, dbt, Kafka Connect, Critical Thinking, Adaptability",8,"{""SQL"": 4, ""Relational Databases"": 5, ""Python"": 5, ""BigQuery"": 4, ""dbt"": 3, ""Kafka Connect"": 3, ""Critical Thinking"": 4, ""Adaptability"": 4}",Critical Thinking Certified Associate,"B.S. in Electrical & Computer Engineering candidate at IIT Delhi passionate about data engineering & big data. Proficient in SQL, Relational Databases, Python, BigQuery, dbt, Kafka Connect with hands-on academic and project experience. Seeking a ETL Developer internship."
INT-1096,Kavya Young,kavya.young78@example.edu,University of Michigan,B.S. in Computer Science,2024,Data Engineering & Big Data,Data Platform Engineer,1.0,"Data Warehousing, Python, Relational Databases, Airflow, Data Modeling, BigQuery, Kafka Connect, AWS S3, PostgreSQL, Team Collaboration, Agile & Scrum, Communication, Git",13,"{""Data Warehousing"": 4, ""Python"": 4, ""Relational Databases"": 4, ""Airflow"": 3, ""Data Modeling"": 3, ""BigQuery"": 3, ""Kafka Connect"": 2, ""AWS S3"": 2, ""PostgreSQL"": 2, ""Team Collaboration"": 3, ""Agile & Scrum"": 4, ""Communication"": 3, ""Git"": 3}","AWS S3 Certified Associate, Git Certified Associate","B.S. in Computer Science candidate at University of Michigan passionate about data engineering & big data. Proficient in Data Warehousing, Python, Relational Databases, Airflow, Data Modeling, BigQuery with hands-on academic and project experience. Seeking a Data Platform Engineer internship."
INT-1097,Sophia Smith,sophia.smith74@example.edu,National University of Singapore,M.S. in Computer Science,2026,Business Intelligence & Analytics,BI Developer,0.5,"Statistics, Excel & Spreadsheets, Exploratory Data Analysis, SQL, Power BI, Business Metrics, Looker, HubSpot, SQL Server, Critical Thinking, Time Management, Adaptability, Python",13,"{""Statistics"": 4, ""Excel & Spreadsheets"": 4, ""Exploratory Data Analysis"": 5, ""SQL"": 4, ""Power BI"": 4, ""Business Metrics"": 4, ""Looker"": 3, ""HubSpot"": 3, ""SQL Server"": 2, ""Critical Thinking"": 4, ""Time Management"": 4, ""Adaptability"": 4, ""Python"": 4}","Excel & Spreadsheets Certified Associate, Exploratory Data Analysis Certified Associate","M.S. in Computer Science candidate at National University of Singapore passionate about business intelligence & analytics. Proficient in Statistics, Excel & Spreadsheets, Exploratory Data Analysis, SQL, Power BI, Business Metrics with hands-on academic and project experience. Seeking a BI Developer internship."
INT-1098,Michael Robinson,michael.robinson27@example.edu,BITS Pilani,M.S. in Computer Science,2025,AI & Machine Learning,Data Scientist,1.0,"Deep Learning, Python, TensorFlow, Computer Vision, LangChain, Model Deployment, Docker, Technical Writing, Time Management, Team Collaboration, Git",11,"{""Deep Learning"": 4, ""Python"": 4, ""TensorFlow"": 3, ""Computer Vision"": 4, ""LangChain"": 2, ""Model Deployment"": 3, ""Docker"": 4, ""Technical Writing"": 3, ""Time Management"": 3, ""Team Collaboration"": 4, ""Git"": 4}",LangChain Certified Associate,"M.S. in Computer Science candidate at BITS Pilani passionate about ai & machine learning. Proficient in Deep Learning, Python, TensorFlow, Computer Vision, LangChain, Model Deployment with hands-on academic and project experience. Seeking a Data Scientist internship."
INT-1099,Zaid Wright,zaid.wright61@example.edu,UC Berkeley,B.S. in Software Engineering,2024,Business Intelligence & Analytics,Operations Analyst,1.0,"Power BI, Exploratory Data Analysis, Excel & Spreadsheets, Statistics, Google Analytics 4, Cohort Analysis, HubSpot, Mixpanel, Time Management, Adaptability, Technical Writing, Git, Python, Docker",14,"{""Power BI"": 4, ""Exploratory Data Analysis"": 4, ""Excel & Spreadsheets"": 3, ""Statistics"": 4, ""Google Analytics 4"": 3, ""Cohort Analysis"": 4, ""HubSpot"": 2, ""Mixpanel"": 2, ""Time Management"": 3, ""Adaptability"": 4, ""Technical Writing"": 3, ""Git"": 3, ""Python"": 4, ""Docker"": 3}","Power BI Certified Associate, Excel & Spreadsheets Certified Associate","B.S. in Software Engineering candidate at UC Berkeley passionate about business intelligence & analytics. Proficient in Power BI, Exploratory Data Analysis, Excel & Spreadsheets, Statistics, Google Analytics 4, Cohort Analysis with hands-on academic and project experience. Seeking a Operations Analyst internship."
INT-1100,Sophia Thomas,sophia.thomas80@example.edu,Georgia Tech,M.S. in Data Analytics,2026,Embedded Systems & IoT,Hardware/Software Integrator,2.0,"Linux, Embedded C, UART/SPI/I2C Protocols, Electronics Fundamentals, Device Drivers, BLE / Zigbee, MQTT, Oscilloscope, Arduino, PlatformIO, Technical Writing, Team Collaboration, Time Management, Git, Python, Docker",16,"{""Linux"": 4, ""Embedded C"": 4, ""UART/SPI/I2C Protocols"": 4, ""Electronics Fundamentals"": 5, ""Device Drivers"": 2, ""BLE / Zigbee"": 4, ""MQTT"": 4, ""Oscilloscope"": 3, ""Arduino"": 2, ""PlatformIO"": 3, ""Technical Writing"": 4, ""Team Collaboration"": 3, ""Time Management"": 3, ""Git"": 4, ""Python"": 3, ""Docker"": 4}","UART/SPI/I2C Protocols Certified Associate, MQTT Certified Associate","M.S. in Data Analytics candidate at Georgia Tech passionate about embedded systems & iot. Proficient in Linux, Embedded C, UART/SPI/I2C Protocols, Electronics Fundamentals, Device Drivers, BLE / Zigbee with hands-on academic and project experience. Seeking a Hardware/Software Integrator internship."
INT-1101,Fatima Williams,fatima.williams33@example.edu,Cornell University,B.S. in Data Science,2024,Mobile Application Development,Android Developer,1.5,"Git, Swift, Kotlin, Dart, Flutter, Mobile UI Design, SwiftUI, Jetpack Compose, Xcode, Firebase, CocoaPods, Agile & Scrum, Technical Writing, Problem Solving, Python",15,"{""Git"": 4, ""Swift"": 5, ""Kotlin"": 4, ""Dart"": 5, ""Flutter"": 4, ""Mobile UI Design"": 5, ""SwiftUI"": 2, ""Jetpack Compose"": 3, ""Xcode"": 2, ""Firebase"": 2, ""CocoaPods"": 2, ""Agile & Scrum"": 4, ""Technical Writing"": 4, ""Problem Solving"": 3, ""Python"": 4}","Git Certified Associate, Flutter Certified Associate","B.S. in Data Science candidate at Cornell University passionate about mobile application development. Proficient in Git, Swift, Kotlin, Dart, Flutter, Mobile UI Design with hands-on academic and project experience. Seeking a Android Developer internship."
INT-1102,Lucas Adams,lucas.adams49@example.edu,University of Washington,M.S. in Computer Science,2026,Cybersecurity & Network Defense,Penetration Tester,0.0,"Vulnerability Assessment, Linux, Python, Penetration Testing, Cloud Security, Splunk, Wireshark, Communication, Code Documentation, Time Management, Git",11,"{""Vulnerability Assessment"": 5, ""Linux"": 4, ""Python"": 3, ""Penetration Testing"": 2, ""Cloud Security"": 4, ""Splunk"": 4, ""Wireshark"": 4, ""Communication"": 3, ""Code Documentation"": 4, ""Time Management"": 3, ""Git"": 3}","Vulnerability Assessment Certified Associate, Linux Certified Associate","M.S. in Computer Science candidate at University of Washington passionate about cybersecurity & network defense. Proficient in Vulnerability Assessment, Linux, Python, Penetration Testing, Cloud Security, Splunk with hands-on academic and project experience. Seeking a Penetration Tester internship."
INT-1103,Tariq Flores,tariq.flores54@example.edu,University of Illinois Urbana-Champaign,M.S. in Data Analytics,2024,Cybersecurity & Network Defense,SOC Analyst,1.5,"Security Fundamentals, Firewalls, Cryptography, Vulnerability Assessment, Python, Identity & Access Management (IAM), Splunk, Nmap, Agile & Scrum, Git",10,"{""Security Fundamentals"": 4, ""Firewalls"": 3, ""Cryptography"": 4, ""Vulnerability Assessment"": 5, ""Python"": 4, ""Identity & Access Management (IAM)"": 3, ""Splunk"": 4, ""Nmap"": 3, ""Agile & Scrum"": 4, ""Git"": 3}",Agile & Scrum Certified Associate,"M.S. in Data Analytics candidate at University of Illinois Urbana-Champaign passionate about cybersecurity & network defense. Proficient in Security Fundamentals, Firewalls, Cryptography, Vulnerability Assessment, Python, Identity & Access Management (IAM) with hands-on academic and project experience. Seeking a SOC Analyst internship."
INT-1104,Sara Adams,sara.adams73@example.edu,Cornell University,B.S. in Data Science,2025,Business Intelligence & Analytics,Data Analyst,1.5,"Data Visualization, SQL, Statistics, Exploratory Data Analysis, Business Metrics, Looker, Critical Thinking, Technical Writing, Communication, Git",10,"{""Data Visualization"": 5, ""SQL"": 4, ""Statistics"": 3, ""Exploratory Data Analysis"": 4, ""Business Metrics"": 4, ""Looker"": 4, ""Critical Thinking"": 3, ""Technical Writing"": 3, ""Communication"": 3, ""Git"": 4}",Git Certified Associate,"B.S. in Data Science candidate at Cornell University passionate about business intelligence & analytics. Proficient in Data Visualization, SQL, Statistics, Exploratory Data Analysis, Business Metrics, Looker with hands-on academic and project experience. Seeking a Data Analyst internship."
INT-1105,Alexander Hall,alexander.hall19@example.edu,UC Berkeley,B.S. in Information Systems,2024,Mobile Application Development,React Native Developer,2.0,"State Management, REST APIs, Flutter, Postman, Fastlane, Figma, Communication, Git",8,"{""State Management"": 5, ""REST APIs"": 3, ""Flutter"": 4, ""Postman"": 4, ""Fastlane"": 3, ""Figma"": 4, ""Communication"": 4, ""Git"": 3}","State Management Certified Associate, REST APIs Certified Associate","B.S. in Information Systems candidate at UC Berkeley passionate about mobile application development. Proficient in State Management, REST APIs, Flutter, Postman, Fastlane, Figma with hands-on academic and project experience. Seeking a React Native Developer internship."
INT-1106,Jasmine Perez,jasmine.perez62@example.edu,University of Toronto,M.S. in Artificial Intelligence,2026,Data Engineering & Big Data,Analytics Engineer,0.5,"Relational Databases, Data Pipelines, ETL, Data Warehousing, PySpark, Apache Spark, Hadoop, Docker, Databricks, PostgreSQL, Problem Solving, Adaptability, Agile & Scrum, Python",14,"{""Relational Databases"": 4, ""Data Pipelines"": 4, ""ETL"": 4, ""Data Warehousing"": 3, ""PySpark"": 3, ""Apache Spark"": 3, ""Hadoop"": 2, ""Docker"": 2, ""Databricks"": 3, ""PostgreSQL"": 3, ""Problem Solving"": 3, ""Adaptability"": 3, ""Agile & Scrum"": 4, ""Python"": 4}","Data Pipelines Certified Associate, Hadoop Certified Associate","M.S. in Artificial Intelligence candidate at University of Toronto passionate about data engineering & big data. Proficient in Relational Databases, Data Pipelines, ETL, Data Warehousing, PySpark, Apache Spark with hands-on academic and project experience. Seeking a Analytics Engineer internship."
INT-1107,Mei Moore,mei.moore14@example.edu,UC Berkeley,M.S. in Artificial Intelligence,2024,Full Stack Web Development,Software Engineer - Web,1.0,"CSS3, JavaScript, Express.js, SQL, HTML5, MongoDB, Next.js, Redux, Redis, Docker, Time Management, Git, Python",13,"{""CSS3"": 5, ""JavaScript"": 5, ""Express.js"": 3, ""SQL"": 4, ""HTML5"": 5, ""MongoDB"": 3, ""Next.js"": 4, ""Redux"": 3, ""Redis"": 2, ""Docker"": 3, ""Time Management"": 3, ""Git"": 4, ""Python"": 3}",Redux Certified Associate,"M.S. in Artificial Intelligence candidate at UC Berkeley passionate about full stack web development. Proficient in CSS3, JavaScript, Express.js, SQL, HTML5, MongoDB with hands-on academic and project experience. Seeking a Software Engineer - Web internship."
INT-1108,Isabella Mitchell,isabella.mitchell65@example.edu,UC Berkeley,M.S. in Computer Science,2024,Cybersecurity & Network Defense,Cybersecurity Analyst,1.5,"Firewalls, Python, Vulnerability Assessment, Network Security, TCP/IP, Security Fundamentals, Forensics, Ethical Hacking, Nessus, Nmap, Agile & Scrum, Git, Docker",13,"{""Firewalls"": 4, ""Python"": 4, ""Vulnerability Assessment"": 3, ""Network Security"": 3, ""TCP/IP"": 3, ""Security Fundamentals"": 4, ""Forensics"": 3, ""Ethical Hacking"": 3, ""Nessus"": 2, ""Nmap"": 3, ""Agile & Scrum"": 3, ""Git"": 4, ""Docker"": 4}",Network Security Certified Associate,"M.S. in Computer Science candidate at UC Berkeley passionate about cybersecurity & network defense. Proficient in Firewalls, Python, Vulnerability Assessment, Network Security, TCP/IP, Security Fundamentals with hands-on academic and project experience. Seeking a Cybersecurity Analyst internship."
INT-1109,Emily Johnson,emily.johnson46@example.edu,University of Michigan,B.S. in Electrical & Computer Engineering,2024,AI & Machine Learning,AI Research Intern,1.5,"PyTorch, scikit-learn, Machine Learning, Jupyter, Git, Code Documentation, Communication, Presentation Skills",8,"{""PyTorch"": 5, ""scikit-learn"": 3, ""Machine Learning"": 4, ""Jupyter"": 2, ""Git"": 4, ""Code Documentation"": 4, ""Communication"": 3, ""Presentation Skills"": 3}","PyTorch Certified Associate, Git Certified Associate","B.S. in Electrical & Computer Engineering candidate at University of Michigan passionate about ai & machine learning. Proficient in PyTorch, scikit-learn, Machine Learning, Jupyter, Git, Code Documentation with hands-on academic and project experience. Seeking a AI Research Intern internship."
INT-1110,Isabella Johnson,isabella.johnson90@example.edu,National University of Singapore,B.S. in Information Systems,2024,Cybersecurity & Network Defense,Information Security Intern,2.0,"TCP/IP, Firewalls, Linux, Network Security, Cryptography, OWASP Top 10, Snort, Communication, Agile & Scrum, Git, Python",11,"{""TCP/IP"": 5, ""Firewalls"": 4, ""Linux"": 4, ""Network Security"": 4, ""Cryptography"": 4, ""OWASP Top 10"": 3, ""Snort"": 3, ""Communication"": 3, ""Agile & Scrum"": 4, ""Git"": 3, ""Python"": 3}",Network Security Certified Associate,"B.S. in Information Systems candidate at National University of Singapore passionate about cybersecurity & network defense. Proficient in TCP/IP, Firewalls, Linux, Network Security, Cryptography, OWASP Top 10 with hands-on academic and project experience. Seeking a Information Security Intern internship."
INT-1111,Carlos Rivera,carlos.rivera45@example.edu,University of Illinois Urbana-Champaign,B.S. in Data Science,2024,Embedded Systems & IoT,Embedded Linux Developer,0.5,"Embedded C, Electronics Fundamentals, Linux, UART/SPI/I2C Protocols, Oscilloscope, Logic Analyzer, Keil uVision, Communication, Problem Solving, Time Management, Git, Docker",12,"{""Embedded C"": 5, ""Electronics Fundamentals"": 4, ""Linux"": 4, ""UART/SPI/I2C Protocols"": 5, ""Oscilloscope"": 3, ""Logic Analyzer"": 3, ""Keil uVision"": 2, ""Communication"": 3, ""Problem Solving"": 3, ""Time Management"": 3, ""Git"": 3, ""Docker"": 4}","Electronics Fundamentals Certified Associate, Communication Certified Associate","B.S. in Data Science candidate at University of Illinois Urbana-Champaign passionate about embedded systems & iot. Proficient in Embedded C, Electronics Fundamentals, Linux, UART/SPI/I2C Protocols, Oscilloscope, Logic Analyzer with hands-on academic and project experience. Seeking a Embedded Linux Developer internship."
INT-1112,Hannah Sanchez,hannah.sanchez61@example.edu,National University of Singapore,B.S. in Computer Science,2026,Data Engineering & Big Data,Data Platform Engineer,1.0,"Linux, ETL, Python, SQL, Git, Data Pipelines, Docker, PostgreSQL, Redshift, Adaptability",10,"{""Linux"": 5, ""ETL"": 5, ""Python"": 4, ""SQL"": 4, ""Git"": 5, ""Data Pipelines"": 4, ""Docker"": 3, ""PostgreSQL"": 3, ""Redshift"": 4, ""Adaptability"": 3}","Git Certified Associate, Docker Certified Associate","B.S. in Computer Science candidate at National University of Singapore passionate about data engineering & big data. Proficient in Linux, ETL, Python, SQL, Git, Data Pipelines with hands-on academic and project experience. Seeking a Data Platform Engineer internship."
INT-1113,Jasmine Clark,jasmine.clark13@example.edu,IIT Delhi,B.S. in Data Science,2026,Business Intelligence & Analytics,BI Developer,0.5,"Excel & Spreadsheets, Exploratory Data Analysis, Business Metrics, SQL, Power BI, Tableau, HubSpot, Metabase, Time Management, Critical Thinking, Git, Python",12,"{""Excel & Spreadsheets"": 4, ""Exploratory Data Analysis"": 5, ""Business Metrics"": 5, ""SQL"": 3, ""Power BI"": 4, ""Tableau"": 4, ""HubSpot"": 4, ""Metabase"": 4, ""Time Management"": 3, ""Critical Thinking"": 3, ""Git"": 3, ""Python"": 3}","Exploratory Data Analysis Certified Associate, HubSpot Certified Associate","B.S. in Data Science candidate at IIT Delhi passionate about business intelligence & analytics. Proficient in Excel & Spreadsheets, Exploratory Data Analysis, Business Metrics, SQL, Power BI, Tableau with hands-on academic and project experience. Seeking a BI Developer internship."
INT-1114,Sophia Sharma,sophia.sharma87@example.edu,University of Texas at Austin,M.S. in Data Analytics,2024,Embedded Systems & IoT,Hardware/Software Integrator,2.0,"C++, Embedded C, Linux, C, Electronics Fundamentals, Microcontrollers, Device Drivers, PCB Basics, Hardware Debugging, Oscilloscope, PlatformIO, Agile & Scrum, Presentation Skills, Git, Python, Docker",16,"{""C++"": 3, ""Embedded C"": 4, ""Linux"": 4, ""C"": 3, ""Electronics Fundamentals"": 3, ""Microcontrollers"": 3, ""Device Drivers"": 4, ""PCB Basics"": 3, ""Hardware Debugging"": 3, ""Oscilloscope"": 4, ""PlatformIO"": 3, ""Agile & Scrum"": 3, ""Presentation Skills"": 4, ""Git"": 4, ""Python"": 3, ""Docker"": 3}","Device Drivers Certified Associate, Hardware Debugging Certified Associate","M.S. in Data Analytics candidate at University of Texas at Austin passionate about embedded systems & iot. Proficient in C++, Embedded C, Linux, C, Electronics Fundamentals, Microcontrollers with hands-on academic and project experience. Seeking a Hardware/Software Integrator internship."
INT-1115,Dev Nelson,dev.nelson87@example.edu,IIT Bombay,B.S. in Information Systems,2026,Full Stack Web Development,React / Node.js Developer,1.0,"Git, REST APIs, SQL, CSS3, TypeScript, Tailwind CSS, Microservices, Webpack, Problem Solving, Critical Thinking, Presentation Skills",11,"{""Git"": 4, ""REST APIs"": 5, ""SQL"": 5, ""CSS3"": 3, ""TypeScript"": 4, ""Tailwind CSS"": 3, ""Microservices"": 3, ""Webpack"": 2, ""Problem Solving"": 3, ""Critical Thinking"": 4, ""Presentation Skills"": 4}","TypeScript Certified Associate, Critical Thinking Certified Associate","B.S. in Information Systems candidate at IIT Bombay passionate about full stack web development. Proficient in Git, REST APIs, SQL, CSS3, TypeScript, Tailwind CSS with hands-on academic and project experience. Seeking a React / Node.js Developer internship."
INT-1116,Chiara Lewis,chiara.lewis70@example.edu,Georgia Tech,B.S. in Computer Science,2025,Data Engineering & Big Data,ETL Developer,0.5,"Python, Git, Relational Databases, Data Pipelines, Data Warehousing, ETL, BigQuery, Apache Spark, Redshift, PostgreSQL, Time Management, Presentation Skills",12,"{""Python"": 4, ""Git"": 5, ""Relational Databases"": 4, ""Data Pipelines"": 5, ""Data Warehousing"": 4, ""ETL"": 3, ""BigQuery"": 3, ""Apache Spark"": 3, ""Redshift"": 4, ""PostgreSQL"": 2, ""Time Management"": 4, ""Presentation Skills"": 4}","Python Certified Associate, BigQuery Certified Associate","B.S. in Computer Science candidate at Georgia Tech passionate about data engineering & big data. Proficient in Python, Git, Relational Databases, Data Pipelines, Data Warehousing, ETL with hands-on academic and project experience. Seeking a ETL Developer internship."
INT-1117,Elena Hernandez,elena.hernandez53@example.edu,ETH Zurich,M.S. in Data Analytics,2025,Embedded Systems & IoT,Robotics Software Intern,1.0,"Microcontrollers, C++, UART/SPI/I2C Protocols, C, ESP32, Oscilloscope, Raspberry Pi, Adaptability, Critical Thinking, Problem Solving, Git, Python",12,"{""Microcontrollers"": 3, ""C++"": 4, ""UART/SPI/I2C Protocols"": 5, ""C"": 3, ""ESP32"": 2, ""Oscilloscope"": 4, ""Raspberry Pi"": 4, ""Adaptability"": 4, ""Critical Thinking"": 3, ""Problem Solving"": 4, ""Git"": 3, ""Python"": 4}","Microcontrollers Certified Associate, Raspberry Pi Certified Associate","M.S. in Data Analytics candidate at ETH Zurich passionate about embedded systems & iot. Proficient in Microcontrollers, C++, UART/SPI/I2C Protocols, C, ESP32, Oscilloscope with hands-on academic and project experience. Seeking a Robotics Software Intern internship."
INT-1118,Elena Baker,elena.baker46@example.edu,University of Washington,B.S. in Electrical & Computer Engineering,2024,Data Engineering & Big Data,ETL Developer,1.0,"Python, ETL, Data Warehousing, Linux, Relational Databases, PySpark, Apache Spark, Data Modeling, Tableau, Code Documentation, Git",11,"{""Python"": 5, ""ETL"": 4, ""Data Warehousing"": 4, ""Linux"": 4, ""Relational Databases"": 4, ""PySpark"": 2, ""Apache Spark"": 4, ""Data Modeling"": 3, ""Tableau"": 2, ""Code Documentation"": 4, ""Git"": 3}","Relational Databases Certified Associate, PySpark Certified Associate","B.S. in Electrical & Computer Engineering candidate at University of Washington passionate about data engineering & big data. Proficient in Python, ETL, Data Warehousing, Linux, Relational Databases, PySpark with hands-on academic and project experience. Seeking a ETL Developer internship."
INT-1119,Priya Robinson,priya.robinson13@example.edu,BITS Pilani,B.S. in Software Engineering,2024,Data Engineering & Big Data,ETL Developer,1.0,"Data Warehousing, Relational Databases, Git, SQL, Python, Linux, Apache Kafka, Hadoop, dbt, AWS S3, Team Collaboration, Adaptability, Docker",13,"{""Data Warehousing"": 4, ""Relational Databases"": 4, ""Git"": 5, ""SQL"": 5, ""Python"": 3, ""Linux"": 4, ""Apache Kafka"": 3, ""Hadoop"": 4, ""dbt"": 4, ""AWS S3"": 4, ""Team Collaboration"": 4, ""Adaptability"": 3, ""Docker"": 3}","Relational Databases Certified Associate, AWS S3 Certified Associate","B.S. in Software Engineering candidate at BITS Pilani passionate about data engineering & big data. Proficient in Data Warehousing, Relational Databases, Git, SQL, Python, Linux with hands-on academic and project experience. Seeking a ETL Developer internship."
INT-1120,Rohan Flores,rohan.flores94@example.edu,UC Berkeley,B.S. in Computer Science,2024,Business Intelligence & Analytics,Product Analyst,0.5,"Statistics, Power BI, Excel & Spreadsheets, Google Analytics 4, HubSpot, Power BI Service, Mixpanel, Time Management, Git",9,"{""Statistics"": 5, ""Power BI"": 4, ""Excel & Spreadsheets"": 3, ""Google Analytics 4"": 2, ""HubSpot"": 4, ""Power BI Service"": 4, ""Mixpanel"": 3, ""Time Management"": 3, ""Git"": 4}","Statistics Certified Associate, Google Analytics 4 Certified Associate","B.S. in Computer Science candidate at UC Berkeley passionate about business intelligence & analytics. Proficient in Statistics, Power BI, Excel & Spreadsheets, Google Analytics 4, HubSpot, Power BI Service with hands-on academic and project experience. Seeking a Product Analyst internship."
INT-1121,William White,william.white90@example.edu,National University of Singapore,M.S. in Computer Science,2025,Business Intelligence & Analytics,Operations Analyst,1.5,"Statistics, Data Visualization, Business Metrics, Power BI, Tableau, Exploratory Data Analysis, Google Analytics 4, Jupyter, HubSpot, Metabase, Agile & Scrum, Git, Python, Docker",14,"{""Statistics"": 5, ""Data Visualization"": 5, ""Business Metrics"": 4, ""Power BI"": 3, ""Tableau"": 4, ""Exploratory Data Analysis"": 5, ""Google Analytics 4"": 4, ""Jupyter"": 4, ""HubSpot"": 4, ""Metabase"": 3, ""Agile & Scrum"": 3, ""Git"": 4, ""Python"": 4, ""Docker"": 4}","Data Visualization Certified Associate, Power BI Certified Associate","M.S. in Computer Science candidate at National University of Singapore passionate about business intelligence & analytics. Proficient in Statistics, Data Visualization, Business Metrics, Power BI, Tableau, Exploratory Data Analysis with hands-on academic and project experience. Seeking a Operations Analyst internship."
INT-1122,Benjamin Davis,benjamin.davis77@example.edu,IIT Delhi,B.S. in Information Systems,2026,Embedded Systems & IoT,Embedded Linux Developer,0.0,"C++, UART/SPI/I2C Protocols, Linux, Device Drivers, PlatformIO, STM32CubeIDE, Adaptability, Problem Solving, Technical Writing, Git",10,"{""C++"": 4, ""UART/SPI/I2C Protocols"": 5, ""Linux"": 4, ""Device Drivers"": 3, ""PlatformIO"": 3, ""STM32CubeIDE"": 2, ""Adaptability"": 3, ""Problem Solving"": 4, ""Technical Writing"": 4, ""Git"": 3}","Adaptability Certified Associate, Technical Writing Certified Associate","B.S. in Information Systems candidate at IIT Delhi passionate about embedded systems & iot. Proficient in C++, UART/SPI/I2C Protocols, Linux, Device Drivers, PlatformIO, STM32CubeIDE with hands-on academic and project experience. Seeking a Embedded Linux Developer internship."
INT-1123,David Nguyen,david.nguyen45@example.edu,University of Michigan,B.S. in Information Systems,2024,Mobile Application Development,iOS Engineer,0.0,"Mobile UI Design, Kotlin, Git, State Management, Room Database, Gradle, Xcode, Fastlane, Problem Solving, Time Management",10,"{""Mobile UI Design"": 4, ""Kotlin"": 5, ""Git"": 5, ""State Management"": 5, ""Room Database"": 3, ""Gradle"": 4, ""Xcode"": 3, ""Fastlane"": 4, ""Problem Solving"": 3, ""Time Management"": 3}","Git Certified Associate, Gradle Certified Associate","B.S. in Information Systems candidate at University of Michigan passionate about mobile application development. Proficient in Mobile UI Design, Kotlin, Git, State Management, Room Database, Gradle with hands-on academic and project experience. Seeking a iOS Engineer internship."
INT-1124,Chiara Baker,chiara.baker59@example.edu,University of Michigan,M.S. in Data Analytics,2024,Cybersecurity & Network Defense,Penetration Tester,2.0,"TCP/IP, Firewalls, Python, Vulnerability Assessment, Network Security, Cryptography, Kali Linux, Snort, Code Documentation, Team Collaboration, Git, Docker",12,"{""TCP/IP"": 5, ""Firewalls"": 5, ""Python"": 4, ""Vulnerability Assessment"": 4, ""Network Security"": 4, ""Cryptography"": 4, ""Kali Linux"": 3, ""Snort"": 4, ""Code Documentation"": 3, ""Team Collaboration"": 3, ""Git"": 3, ""Docker"": 3}","Kali Linux Certified Associate, Code Documentation Certified Associate","M.S. in Data Analytics candidate at University of Michigan passionate about cybersecurity & network defense. Proficient in TCP/IP, Firewalls, Python, Vulnerability Assessment, Network Security, Cryptography with hands-on academic and project experience. Seeking a Penetration Tester internship."
INT-1125,Daniel Brown,daniel.brown87@example.edu,National University of Singapore,B.S. in Data Science,2026,Full Stack Web Development,Web Application Intern,2.0,"React, Git, REST APIs, Node.js, Postman, Vercel, Docker, Code Documentation",8,"{""React"": 4, ""Git"": 4, ""REST APIs"": 3, ""Node.js"": 4, ""Postman"": 2, ""Vercel"": 3, ""Docker"": 3, ""Code Documentation"": 4}","Node.js Certified Associate, Postman Certified Associate","B.S. in Data Science candidate at National University of Singapore passionate about full stack web development. Proficient in React, Git, REST APIs, Node.js, Postman, Vercel with hands-on academic and project experience. Seeking a Web Application Intern internship."
INT-1126,Elena Allen,elena.allen65@example.edu,Carnegie Mellon University,B.S. in Electrical & Computer Engineering,2025,Embedded Systems & IoT,Embedded Software Engineer,1.0,"Embedded C, Linux, RTOS, PlatformIO, Technical Writing, Git",6,"{""Embedded C"": 5, ""Linux"": 4, ""RTOS"": 4, ""PlatformIO"": 4, ""Technical Writing"": 4, ""Git"": 4}",None,"B.S. in Electrical & Computer Engineering candidate at Carnegie Mellon University passionate about embedded systems & iot. Proficient in Embedded C, Linux, RTOS, PlatformIO, Technical Writing, Git with hands-on academic and project experience. Seeking a Embedded Software Engineer internship."
INT-1127,Grace Sharma,grace.sharma59@example.edu,Carnegie Mellon University,M.S. in Data Analytics,2026,Full Stack Web Development,Software Engineer - Web,2.0,"Express.js, JavaScript, TypeScript, HTML5, React, WebSockets, GraphQL, Vercel, Vite, Jest, Communication, Agile & Scrum, Git",13,"{""Express.js"": 4, ""JavaScript"": 5, ""TypeScript"": 3, ""HTML5"": 4, ""React"": 5, ""WebSockets"": 2, ""GraphQL"": 4, ""Vercel"": 4, ""Vite"": 2, ""Jest"": 2, ""Communication"": 3, ""Agile & Scrum"": 3, ""Git"": 3}","HTML5 Certified Associate, Communication Certified Associate","M.S. in Data Analytics candidate at Carnegie Mellon University passionate about full stack web development. Proficient in Express.js, JavaScript, TypeScript, HTML5, React, WebSockets with hands-on academic and project experience. Seeking a Software Engineer - Web internship."
INT-1128,Daniel Lopez,daniel.lopez93@example.edu,Technical University of Munich,M.S. in Data Analytics,2024,AI & Machine Learning,NLP Engineer,2.0,"Deep Learning, Pandas, Python, Statistics, Jupyter, Communication, Agile & Scrum, Problem Solving, Git",9,"{""Deep Learning"": 3, ""Pandas"": 5, ""Python"": 4, ""Statistics"": 3, ""Jupyter"": 2, ""Communication"": 3, ""Agile & Scrum"": 4, ""Problem Solving"": 3, ""Git"": 3}",Git Certified Associate,"M.S. in Data Analytics candidate at Technical University of Munich passionate about ai & machine learning. Proficient in Deep Learning, Pandas, Python, Statistics, Jupyter, Communication with hands-on academic and project experience. Seeking a NLP Engineer internship."
INT-1129,William Martinez,william.martinez52@example.edu,Carnegie Mellon University,B.S. in Software Engineering,2025,Cybersecurity & Network Defense,Cybersecurity Analyst,0.5,"Python, Cryptography, Linux, Vulnerability Assessment, Network Security, TCP/IP, SIEM, Snort, Nessus, Burp Suite, Problem Solving, Technical Writing, Git",13,"{""Python"": 4, ""Cryptography"": 5, ""Linux"": 5, ""Vulnerability Assessment"": 4, ""Network Security"": 4, ""TCP/IP"": 4, ""SIEM"": 3, ""Snort"": 4, ""Nessus"": 3, ""Burp Suite"": 3, ""Problem Solving"": 3, ""Technical Writing"": 3, ""Git"": 3}","Vulnerability Assessment Certified Associate, Nessus Certified Associate","B.S. in Software Engineering candidate at Carnegie Mellon University passionate about cybersecurity & network defense. Proficient in Python, Cryptography, Linux, Vulnerability Assessment, Network Security, TCP/IP with hands-on academic and project experience. Seeking a Cybersecurity Analyst internship."
INT-1130,Fatou Hill,fatou.hill94@example.edu,University of Michigan,B.S. in Electrical & Computer Engineering,2024,Cybersecurity & Network Defense,Penetration Tester,0.5,"Security Fundamentals, Linux, TCP/IP, Penetration Testing, Wireshark, Kali Linux, Metasploit, Team Collaboration, Communication, Git, Python",11,"{""Security Fundamentals"": 5, ""Linux"": 3, ""TCP/IP"": 3, ""Penetration Testing"": 2, ""Wireshark"": 4, ""Kali Linux"": 2, ""Metasploit"": 2, ""Team Collaboration"": 3, ""Communication"": 4, ""Git"": 3, ""Python"": 3}","Wireshark Certified Associate, Git Certified Associate","B.S. in Electrical & Computer Engineering candidate at University of Michigan passionate about cybersecurity & network defense. Proficient in Security Fundamentals, Linux, TCP/IP, Penetration Testing, Wireshark, Kali Linux with hands-on academic and project experience. Seeking a Penetration Tester internship."
INT-1131,Grace Williams,grace.williams70@example.edu,MIT,M.S. in Data Analytics,2025,Cybersecurity & Network Defense,Penetration Tester,0.5,"Firewalls, Linux, Cryptography, TCP/IP, Forensics, Incident Response, SIEM, Kali Linux, Agile & Scrum, Problem Solving, Python, Docker",12,"{""Firewalls"": 5, ""Linux"": 5, ""Cryptography"": 5, ""TCP/IP"": 4, ""Forensics"": 3, ""Incident Response"": 3, ""SIEM"": 3, ""Kali Linux"": 4, ""Agile & Scrum"": 3, ""Problem Solving"": 3, ""Python"": 3, ""Docker"": 3}","TCP/IP Certified Associate, SIEM Certified Associate","M.S. in Data Analytics candidate at MIT passionate about cybersecurity & network defense. Proficient in Firewalls, Linux, Cryptography, TCP/IP, Forensics, Incident Response with hands-on academic and project experience. Seeking a Penetration Tester internship."
INT-1132,Aarav Harris,aarav.harris15@example.edu,BITS Pilani,B.S. in Computer Science,2026,Cloud Architecture & DevOps,Platform Engineer,2.0,"Cloud Computing, Networking Basics, Git, Infrastructure as Code, Prometheus, Grafana, Vault, GitLab CI, Terraform Cloud, Problem Solving, Code Documentation, Python, Docker",13,"{""Cloud Computing"": 3, ""Networking Basics"": 3, ""Git"": 5, ""Infrastructure as Code"": 3, ""Prometheus"": 3, ""Grafana"": 4, ""Vault"": 4, ""GitLab CI"": 4, ""Terraform Cloud"": 4, ""Problem Solving"": 3, ""Code Documentation"": 4, ""Python"": 4, ""Docker"": 3}","GitLab CI Certified Associate, Code Documentation Certified Associate","B.S. in Computer Science candidate at BITS Pilani passionate about cloud architecture & devops. Proficient in Cloud Computing, Networking Basics, Git, Infrastructure as Code, Prometheus, Grafana with hands-on academic and project experience. Seeking a Platform Engineer internship."
INT-1133,Benjamin Nguyen,benjamin.nguyen52@example.edu,ETH Zurich,B.S. in Computer Science,2026,Cybersecurity & Network Defense,Threat Intelligence Analyst,1.0,"Security Fundamentals, Vulnerability Assessment, Network Security, Kali Linux, Metasploit, Agile & Scrum, Adaptability",7,"{""Security Fundamentals"": 4, ""Vulnerability Assessment"": 4, ""Network Security"": 4, ""Kali Linux"": 4, ""Metasploit"": 2, ""Agile & Scrum"": 4, ""Adaptability"": 3}",Adaptability Certified Associate,"B.S. in Computer Science candidate at ETH Zurich passionate about cybersecurity & network defense. Proficient in Security Fundamentals, Vulnerability Assessment, Network Security, Kali Linux, Metasploit, Agile & Scrum with hands-on academic and project experience. Seeking a Threat Intelligence Analyst internship."
INT-1134,Olivia Robinson,olivia.robinson74@example.edu,BITS Pilani,B.S. in Software Engineering,2026,Data Engineering & Big Data,ETL Developer,2.0,"SQL, Linux, ETL, Python, Relational Databases, PySpark, Airflow, Data Modeling, AWS S3, Docker, MinIO, Team Collaboration, Critical Thinking",13,"{""SQL"": 3, ""Linux"": 4, ""ETL"": 5, ""Python"": 4, ""Relational Databases"": 5, ""PySpark"": 3, ""Airflow"": 4, ""Data Modeling"": 4, ""AWS S3"": 4, ""Docker"": 4, ""MinIO"": 2, ""Team Collaboration"": 4, ""Critical Thinking"": 3}","SQL Certified Associate, ETL Certified Associate","B.S. in Software Engineering candidate at BITS Pilani passionate about data engineering & big data. Proficient in SQL, Linux, ETL, Python, Relational Databases, PySpark with hands-on academic and project experience. Seeking a ETL Developer internship."
INT-1135,David Moore,david.moore31@example.edu,University of Texas at Austin,B.S. in Information Systems,2025,Mobile Application Development,React Native Developer,1.0,"React Native, Git, Flutter, State Management, REST APIs, Fastlane, Agile & Scrum, Presentation Skills",8,"{""React Native"": 4, ""Git"": 4, ""Flutter"": 4, ""State Management"": 3, ""REST APIs"": 3, ""Fastlane"": 3, ""Agile & Scrum"": 3, ""Presentation Skills"": 4}","Git Certified Associate, State Management Certified Associate","B.S. in Information Systems candidate at University of Texas at Austin passionate about mobile application development. Proficient in React Native, Git, Flutter, State Management, REST APIs, Fastlane with hands-on academic and project experience. Seeking a React Native Developer internship."
INT-1136,James Garcia,james.garcia13@example.edu,BITS Pilani,M.S. in Artificial Intelligence,2024,Cloud Architecture & DevOps,Platform Engineer,1.5,"Git, Cloud Computing, Networking Basics, Docker, Kubernetes, GCP, ArgoCD, Presentation Skills, Technical Writing, Time Management",10,"{""Git"": 4, ""Cloud Computing"": 3, ""Networking Basics"": 4, ""Docker"": 3, ""Kubernetes"": 5, ""GCP"": 3, ""ArgoCD"": 3, ""Presentation Skills"": 4, ""Technical Writing"": 3, ""Time Management"": 4}","Git Certified Associate, Docker Certified Associate","M.S. in Artificial Intelligence candidate at BITS Pilani passionate about cloud architecture & devops. Proficient in Git, Cloud Computing, Networking Basics, Docker, Kubernetes, GCP with hands-on academic and project experience. Seeking a Platform Engineer internship."
INT-1137,Maya Hernandez,maya.hernandez72@example.edu,ETH Zurich,M.S. in Computer Science,2024,Full Stack Web Development,Software Engineer - Web,1.0,"Node.js, Express.js, Git, JavaScript, HTML5, REST APIs, WebSockets, Vite, Vercel, GitHub Actions, Adaptability, Critical Thinking",12,"{""Node.js"": 5, ""Express.js"": 5, ""Git"": 4, ""JavaScript"": 4, ""HTML5"": 5, ""REST APIs"": 5, ""WebSockets"": 3, ""Vite"": 4, ""Vercel"": 4, ""GitHub Actions"": 2, ""Adaptability"": 3, ""Critical Thinking"": 3}","Vite Certified Associate, Adaptability Certified Associate","M.S. in Computer Science candidate at ETH Zurich passionate about full stack web development. Proficient in Node.js, Express.js, Git, JavaScript, HTML5, REST APIs with hands-on academic and project experience. Seeking a Software Engineer - Web internship."
INT-1138,Ethan Thompson,ethan.thompson47@example.edu,MIT,M.S. in Data Analytics,2025,Cloud Architecture & DevOps,Cloud Infrastructure Engineer,2.0,"Cloud Computing, Bash Scripting, Linux, Git, Networking Basics, GCP, Service Mesh, Prometheus, Jenkins, ELK Stack, Datadog, Team Collaboration, Code Documentation, Agile & Scrum, Docker",15,"{""Cloud Computing"": 3, ""Bash Scripting"": 4, ""Linux"": 5, ""Git"": 3, ""Networking Basics"": 4, ""GCP"": 4, ""Service Mesh"": 4, ""Prometheus"": 3, ""Jenkins"": 4, ""ELK Stack"": 4, ""Datadog"": 3, ""Team Collaboration"": 3, ""Code Documentation"": 4, ""Agile & Scrum"": 3, ""Docker"": 4}","Cloud Computing Certified Associate, Bash Scripting Certified Associate","M.S. in Data Analytics candidate at MIT passionate about cloud architecture & devops. Proficient in Cloud Computing, Bash Scripting, Linux, Git, Networking Basics, GCP with hands-on academic and project experience. Seeking a Cloud Infrastructure Engineer internship."
INT-1139,Yuki Campbell,yuki.campbell31@example.edu,University of Toronto,M.S. in Computer Science,2026,Cloud Architecture & DevOps,DevOps Engineer,1.0,"Git, Networking Basics, Bash Scripting, Linux, Cloud Computing, Grafana, GCP, ELK Stack, Technical Writing, Code Documentation, Time Management, Python, Docker",13,"{""Git"": 4, ""Networking Basics"": 4, ""Bash Scripting"": 3, ""Linux"": 5, ""Cloud Computing"": 5, ""Grafana"": 2, ""GCP"": 2, ""ELK Stack"": 2, ""Technical Writing"": 3, ""Code Documentation"": 4, ""Time Management"": 4, ""Python"": 4, ""Docker"": 4}","Git Certified Associate, Grafana Certified Associate","M.S. in Computer Science candidate at University of Toronto passionate about cloud architecture & devops. Proficient in Git, Networking Basics, Bash Scripting, Linux, Cloud Computing, Grafana with hands-on academic and project experience. Seeking a DevOps Engineer internship."
INT-1140,Benjamin Sanchez,benjamin.sanchez98@example.edu,UC Berkeley,B.S. in Software Engineering,2024,Cybersecurity & Network Defense,Security Engineer,1.5,"Network Security, TCP/IP, Firewalls, Vulnerability Assessment, Security Fundamentals, Linux, Burp Suite, Team Collaboration, Git, Python, Docker",11,"{""Network Security"": 3, ""TCP/IP"": 3, ""Firewalls"": 4, ""Vulnerability Assessment"": 4, ""Security Fundamentals"": 4, ""Linux"": 4, ""Burp Suite"": 2, ""Team Collaboration"": 3, ""Git"": 3, ""Python"": 4, ""Docker"": 4}",Linux Certified Associate,"B.S. in Software Engineering candidate at UC Berkeley passionate about cybersecurity & network defense. Proficient in Network Security, TCP/IP, Firewalls, Vulnerability Assessment, Security Fundamentals, Linux with hands-on academic and project experience. Seeking a Security Engineer internship."
INT-1141,Aarav Hall,aarav.hall22@example.edu,ETH Zurich,B.S. in Electrical & Computer Engineering,2026,Cloud Architecture & DevOps,Platform Engineer,1.5,"Bash Scripting, Cloud Computing, Docker, Kubernetes, CI/CD, Azure, Vault, Nginx, Critical Thinking, Time Management, Presentation Skills, Git",12,"{""Bash Scripting"": 4, ""Cloud Computing"": 4, ""Docker"": 3, ""Kubernetes"": 3, ""CI/CD"": 4, ""Azure"": 4, ""Vault"": 2, ""Nginx"": 3, ""Critical Thinking"": 4, ""Time Management"": 4, ""Presentation Skills"": 4, ""Git"": 4}","Bash Scripting Certified Associate, Time Management Certified Associate","B.S. in Electrical & Computer Engineering candidate at ETH Zurich passionate about cloud architecture & devops. Proficient in Bash Scripting, Cloud Computing, Docker, Kubernetes, CI/CD, Azure with hands-on academic and project experience. Seeking a Platform Engineer internship."
INT-1142,Sara Green,sara.green96@example.edu,Carnegie Mellon University,B.S. in Software Engineering,2024,Business Intelligence & Analytics,BI Developer,1.5,"Data Visualization, Excel & Spreadsheets, Statistics, Business Metrics, Exploratory Data Analysis, Power BI, Mixpanel, Tableau Desktop, Power BI Service, Code Documentation, Python",11,"{""Data Visualization"": 4, ""Excel & Spreadsheets"": 5, ""Statistics"": 4, ""Business Metrics"": 5, ""Exploratory Data Analysis"": 5, ""Power BI"": 5, ""Mixpanel"": 4, ""Tableau Desktop"": 3, ""Power BI Service"": 2, ""Code Documentation"": 4, ""Python"": 3}","Data Visualization Certified Associate, Statistics Certified Associate","B.S. in Software Engineering candidate at Carnegie Mellon University passionate about business intelligence & analytics. Proficient in Data Visualization, Excel & Spreadsheets, Statistics, Business Metrics, Exploratory Data Analysis, Power BI with hands-on academic and project experience. Seeking a BI Developer internship."
INT-1143,James Nguyen,james.nguyen89@example.edu,UC Berkeley,B.S. in Software Engineering,2026,Data Engineering & Big Data,Big Data Developer,2.0,"Linux, ETL, Relational Databases, Data Pipelines, Data Warehousing, Git, BigQuery, Apache Spark, PySpark, Docker, Code Documentation, Critical Thinking, Python",13,"{""Linux"": 5, ""ETL"": 3, ""Relational Databases"": 3, ""Data Pipelines"": 4, ""Data Warehousing"": 4, ""Git"": 4, ""BigQuery"": 4, ""Apache Spark"": 4, ""PySpark"": 3, ""Docker"": 3, ""Code Documentation"": 4, ""Critical Thinking"": 4, ""Python"": 3}","BigQuery Certified Associate, Apache Spark Certified Associate","B.S. in Software Engineering candidate at UC Berkeley passionate about data engineering & big data. Proficient in Linux, ETL, Relational Databases, Data Pipelines, Data Warehousing, Git with hands-on academic and project experience. Seeking a Big Data Developer internship."
INT-1144,Amara Patel,amara.patel85@example.edu,Georgia Tech,B.S. in Computer Science,2025,Mobile Application Development,iOS Engineer,1.0,"REST APIs, Mobile UI Design, Kotlin, Offline Sync, CoreData, Android Studio, Figma, Communication, Git",9,"{""REST APIs"": 3, ""Mobile UI Design"": 4, ""Kotlin"": 3, ""Offline Sync"": 3, ""CoreData"": 3, ""Android Studio"": 2, ""Figma"": 4, ""Communication"": 4, ""Git"": 3}",None,"B.S. in Computer Science candidate at Georgia Tech passionate about mobile application development. Proficient in REST APIs, Mobile UI Design, Kotlin, Offline Sync, CoreData, Android Studio with hands-on academic and project experience. Seeking a iOS Engineer internship."
INT-1145,Vikram Jones,vikram.jones72@example.edu,University of Illinois Urbana-Champaign,B.S. in Software Engineering,2025,Business Intelligence & Analytics,Product Analyst,1.5,"Exploratory Data Analysis, Tableau, Data Visualization, Business Metrics, SQL, Data Storytelling, SQL Server, Jupyter, Tableau Desktop, Team Collaboration, Code Documentation",11,"{""Exploratory Data Analysis"": 3, ""Tableau"": 4, ""Data Visualization"": 4, ""Business Metrics"": 3, ""SQL"": 5, ""Data Storytelling"": 4, ""SQL Server"": 2, ""Jupyter"": 3, ""Tableau Desktop"": 2, ""Team Collaboration"": 4, ""Code Documentation"": 4}","Data Visualization Certified Associate, Jupyter Certified Associate","B.S. in Software Engineering candidate at University of Illinois Urbana-Champaign passionate about business intelligence & analytics. Proficient in Exploratory Data Analysis, Tableau, Data Visualization, Business Metrics, SQL, Data Storytelling with hands-on academic and project experience. Seeking a Product Analyst internship."
INT-1146,Lars Rivera,lars.rivera69@example.edu,Technical University of Munich,B.S. in Information Systems,2026,Embedded Systems & IoT,IoT Systems Engineer,1.5,"Microcontrollers, C++, Linux, Device Drivers, Arduino, Oscilloscope, Time Management, Critical Thinking, Docker",9,"{""Microcontrollers"": 4, ""C++"": 4, ""Linux"": 4, ""Device Drivers"": 3, ""Arduino"": 3, ""Oscilloscope"": 2, ""Time Management"": 3, ""Critical Thinking"": 3, ""Docker"": 3}","Microcontrollers Certified Associate, Critical Thinking Certified Associate","B.S. in Information Systems candidate at Technical University of Munich passionate about embedded systems & iot. Proficient in Microcontrollers, C++, Linux, Device Drivers, Arduino, Oscilloscope with hands-on academic and project experience. Seeking a IoT Systems Engineer internship."
INT-1147,Isabella Green,isabella.green80@example.edu,MIT,B.S. in Data Science,2026,AI & Machine Learning,AI Research Intern,1.5,"Statistics, PyTorch, Machine Learning, CUDA, Time Management, Critical Thinking, Git",7,"{""Statistics"": 4, ""PyTorch"": 3, ""Machine Learning"": 3, ""CUDA"": 4, ""Time Management"": 4, ""Critical Thinking"": 4, ""Git"": 3}","Statistics Certified Associate, PyTorch Certified Associate","B.S. in Data Science candidate at MIT passionate about ai & machine learning. Proficient in Statistics, PyTorch, Machine Learning, CUDA, Time Management, Critical Thinking with hands-on academic and project experience. Seeking a AI Research Intern internship."
INT-1148,Gabriel Davis,gabriel.davis23@example.edu,University of Illinois Urbana-Champaign,B.S. in Data Science,2025,Cybersecurity & Network Defense,Penetration Tester,1.5,"Security Fundamentals, Vulnerability Assessment, Python, Network Security, Firewalls, Cryptography, Cloud Security, OWASP Top 10, Splunk, Metasploit, Burp Suite, Time Management, Git",13,"{""Security Fundamentals"": 3, ""Vulnerability Assessment"": 3, ""Python"": 4, ""Network Security"": 4, ""Firewalls"": 5, ""Cryptography"": 4, ""Cloud Security"": 3, ""OWASP Top 10"": 2, ""Splunk"": 4, ""Metasploit"": 2, ""Burp Suite"": 3, ""Time Management"": 4, ""Git"": 3}","Firewalls Certified Associate, Cloud Security Certified Associate","B.S. in Data Science candidate at University of Illinois Urbana-Champaign passionate about cybersecurity & network defense. Proficient in Security Fundamentals, Vulnerability Assessment, Python, Network Security, Firewalls, Cryptography with hands-on academic and project experience. Seeking a Penetration Tester internship."
INT-1149,Isabella Brown,isabella.brown72@example.edu,IIT Bombay,M.S. in Data Analytics,2025,Business Intelligence & Analytics,Business Intelligence Analyst,1.5,"Data Visualization, Excel & Spreadsheets, Tableau, Predictive Analytics, HubSpot, Metabase, Tableau Desktop, Problem Solving, Agile & Scrum, Docker",10,"{""Data Visualization"": 5, ""Excel & Spreadsheets"": 4, ""Tableau"": 4, ""Predictive Analytics"": 3, ""HubSpot"": 4, ""Metabase"": 2, ""Tableau Desktop"": 2, ""Problem Solving"": 3, ""Agile & Scrum"": 3, ""Docker"": 3}",None,"M.S. in Data Analytics candidate at IIT Bombay passionate about business intelligence & analytics. Proficient in Data Visualization, Excel & Spreadsheets, Tableau, Predictive Analytics, HubSpot, Metabase with hands-on academic and project experience. Seeking a Business Intelligence Analyst internship."
INT-1150,Michael Perez,michael.perez33@example.edu,National University of Singapore,M.S. in Artificial Intelligence,2026,Cybersecurity & Network Defense,Cybersecurity Analyst,0.5,"Cryptography, Network Security, Security Fundamentals, Splunk, Metasploit, Kali Linux, Agile & Scrum, Problem Solving, Code Documentation, Docker",10,"{""Cryptography"": 4, ""Network Security"": 4, ""Security Fundamentals"": 3, ""Splunk"": 2, ""Metasploit"": 4, ""Kali Linux"": 4, ""Agile & Scrum"": 4, ""Problem Solving"": 4, ""Code Documentation"": 4, ""Docker"": 3}","Cryptography Certified Associate, Network Security Certified Associate","M.S. in Artificial Intelligence candidate at National University of Singapore passionate about cybersecurity & network defense. Proficient in Cryptography, Network Security, Security Fundamentals, Splunk, Metasploit, Kali Linux with hands-on academic and project experience. Seeking a Cybersecurity Analyst internship."
INT-1151,Chiara Hernandez,chiara.hernandez63@example.edu,IIT Bombay,B.S. in Data Science,2024,Mobile Application Development,Mobile Software Intern,0.0,"Git, Swift, Kotlin, React Native, State Management, Jetpack Compose, SwiftUI, Gradle, Agile & Scrum, Time Management, Code Documentation",11,"{""Git"": 4, ""Swift"": 3, ""Kotlin"": 3, ""React Native"": 3, ""State Management"": 3, ""Jetpack Compose"": 3, ""SwiftUI"": 3, ""Gradle"": 3, ""Agile & Scrum"": 4, ""Time Management"": 3, ""Code Documentation"": 3}",None,"B.S. in Data Science candidate at IIT Bombay passionate about mobile application development. Proficient in Git, Swift, Kotlin, React Native, State Management, Jetpack Compose with hands-on academic and project experience. Seeking a Mobile Software Intern internship."
INT-1152,Benjamin Jackson,benjamin.jackson77@example.edu,Georgia Tech,M.S. in Artificial Intelligence,2025,Embedded Systems & IoT,IoT Systems Engineer,0.0,"Embedded C, UART/SPI/I2C Protocols, Microcontrollers, RTOS, Linux, Logic Analyzer, Presentation Skills, Team Collaboration, Git, Docker",10,"{""Embedded C"": 5, ""UART/SPI/I2C Protocols"": 4, ""Microcontrollers"": 5, ""RTOS"": 3, ""Linux"": 4, ""Logic Analyzer"": 2, ""Presentation Skills"": 3, ""Team Collaboration"": 3, ""Git"": 3, ""Docker"": 3}","UART/SPI/I2C Protocols Certified Associate, RTOS Certified Associate","M.S. in Artificial Intelligence candidate at Georgia Tech passionate about embedded systems & iot. Proficient in Embedded C, UART/SPI/I2C Protocols, Microcontrollers, RTOS, Linux, Logic Analyzer with hands-on academic and project experience. Seeking a IoT Systems Engineer internship."
INT-1153,Elena Garcia,elena.garcia54@example.edu,University of Illinois Urbana-Champaign,B.S. in Software Engineering,2025,Full Stack Web Development,Web Application Intern,0.5,"Git, CSS3, JavaScript, React, Redux, Authentication & JWT, Postman, Webpack, GitHub Actions, Technical Writing, Critical Thinking, Time Management",12,"{""Git"": 5, ""CSS3"": 4, ""JavaScript"": 3, ""React"": 4, ""Redux"": 3, ""Authentication & JWT"": 2, ""Postman"": 2, ""Webpack"": 3, ""GitHub Actions"": 4, ""Technical Writing"": 4, ""Critical Thinking"": 4, ""Time Management"": 4}","CSS3 Certified Associate, Critical Thinking Certified Associate","B.S. in Software Engineering candidate at University of Illinois Urbana-Champaign passionate about full stack web development. Proficient in Git, CSS3, JavaScript, React, Redux, Authentication & JWT with hands-on academic and project experience. Seeking a Web Application Intern internship."
INT-1154,Amara Rivera,amara.rivera19@example.edu,UC Berkeley,M.S. in Artificial Intelligence,2025,Mobile Application Development,iOS Engineer,1.0,"Dart, Swift, Flutter, Git, Offline Sync, Fastlane, Figma, Agile & Scrum",8,"{""Dart"": 4, ""Swift"": 4, ""Flutter"": 4, ""Git"": 3, ""Offline Sync"": 3, ""Fastlane"": 4, ""Figma"": 2, ""Agile & Scrum"": 4}","Offline Sync Certified Associate, Agile & Scrum Certified Associate","M.S. in Artificial Intelligence candidate at UC Berkeley passionate about mobile application development. Proficient in Dart, Swift, Flutter, Git, Offline Sync, Fastlane with hands-on academic and project experience. Seeking a iOS Engineer internship."
INT-1155,Alexander Walker,alexander.walker53@example.edu,University of Texas at Austin,M.S. in Data Analytics,2026,Business Intelligence & Analytics,Business Intelligence Analyst,0.5,"Business Metrics, SQL, Tableau, Excel & Spreadsheets, Data Visualization, Statistics, SQL Server, Mixpanel, Communication, Adaptability, Git",11,"{""Business Metrics"": 3, ""SQL"": 3, ""Tableau"": 5, ""Excel & Spreadsheets"": 5, ""Data Visualization"": 3, ""Statistics"": 5, ""SQL Server"": 4, ""Mixpanel"": 4, ""Communication"": 4, ""Adaptability"": 4, ""Git"": 4}","Tableau Certified Associate, Mixpanel Certified Associate","M.S. in Data Analytics candidate at University of Texas at Austin passionate about business intelligence & analytics. Proficient in Business Metrics, SQL, Tableau, Excel & Spreadsheets, Data Visualization, Statistics with hands-on academic and project experience. Seeking a Business Intelligence Analyst internship."
INT-1156,Olivia Nguyen,olivia.nguyen43@example.edu,University of Washington,M.S. in Computer Science,2024,Embedded Systems & IoT,Embedded Linux Developer,0.5,"Linux, Embedded C, C, FreeRTOS, MQTT, Keil uVision, PlatformIO, ESP32, Technical Writing, Git",10,"{""Linux"": 5, ""Embedded C"": 4, ""C"": 4, ""FreeRTOS"": 4, ""MQTT"": 3, ""Keil uVision"": 2, ""PlatformIO"": 2, ""ESP32"": 2, ""Technical Writing"": 3, ""Git"": 3}","Linux Certified Associate, Embedded C Certified Associate","M.S. in Computer Science candidate at University of Washington passionate about embedded systems & iot. Proficient in Linux, Embedded C, C, FreeRTOS, MQTT, Keil uVision with hands-on academic and project experience. Seeking a Embedded Linux Developer internship."
INT-1157,James Mitchell,james.mitchell69@example.edu,BITS Pilani,B.S. in Data Science,2025,Cybersecurity & Network Defense,Cybersecurity Analyst,0.0,"Security Fundamentals, Cryptography, TCP/IP, Penetration Testing, Nessus, Presentation Skills, Communication, Adaptability, Git",9,"{""Security Fundamentals"": 4, ""Cryptography"": 3, ""TCP/IP"": 3, ""Penetration Testing"": 4, ""Nessus"": 3, ""Presentation Skills"": 4, ""Communication"": 4, ""Adaptability"": 3, ""Git"": 4}","Communication Certified Associate, Adaptability Certified Associate","B.S. in Data Science candidate at BITS Pilani passionate about cybersecurity & network defense. Proficient in Security Fundamentals, Cryptography, TCP/IP, Penetration Testing, Nessus, Presentation Skills with hands-on academic and project experience. Seeking a Cybersecurity Analyst internship."
INT-1158,Ananya Thomas,ananya.thomas92@example.edu,BITS Pilani,M.S. in Artificial Intelligence,2024,Data Engineering & Big Data,Analytics Engineer,1.5,"Python, SQL, Data Pipelines, Git, ETL, Hadoop, Data Modeling, Apache Kafka, Redshift, PostgreSQL, Kafka Connect, Time Management, Technical Writing",13,"{""Python"": 5, ""SQL"": 4, ""Data Pipelines"": 5, ""Git"": 4, ""ETL"": 4, ""Hadoop"": 3, ""Data Modeling"": 2, ""Apache Kafka"": 4, ""Redshift"": 2, ""PostgreSQL"": 2, ""Kafka Connect"": 2, ""Time Management"": 3, ""Technical Writing"": 4}","Python Certified Associate, ETL Certified Associate","M.S. in Artificial Intelligence candidate at BITS Pilani passionate about data engineering & big data. Proficient in Python, SQL, Data Pipelines, Git, ETL, Hadoop with hands-on academic and project experience. Seeking a Analytics Engineer internship."
INT-1159,Noah Garcia,noah.garcia89@example.edu,Carnegie Mellon University,B.S. in Electrical & Computer Engineering,2026,Full Stack Web Development,Backend Developer,0.5,"JavaScript, SQL, React, TypeScript, Node.js, REST APIs, GraphQL, Next.js, Vercel, Redis, Critical Thinking, Presentation Skills",12,"{""JavaScript"": 3, ""SQL"": 3, ""React"": 3, ""TypeScript"": 4, ""Node.js"": 3, ""REST APIs"": 4, ""GraphQL"": 3, ""Next.js"": 3, ""Vercel"": 4, ""Redis"": 3, ""Critical Thinking"": 4, ""Presentation Skills"": 4}","SQL Certified Associate, Node.js Certified Associate","B.S. in Electrical & Computer Engineering candidate at Carnegie Mellon University passionate about full stack web development. Proficient in JavaScript, SQL, React, TypeScript, Node.js, REST APIs with hands-on academic and project experience. Seeking a Backend Developer internship."
INT-1160,Isabella Perez,isabella.perez63@example.edu,University of Texas at Austin,M.S. in Computer Science,2024,Cloud Architecture & DevOps,DevOps Engineer,2.0,"Networking Basics, Kubernetes, Cloud Computing, CI/CD, Docker, Linux, Prometheus, ArgoCD, Problem Solving, Adaptability, Python",11,"{""Networking Basics"": 4, ""Kubernetes"": 5, ""Cloud Computing"": 3, ""CI/CD"": 5, ""Docker"": 3, ""Linux"": 4, ""Prometheus"": 2, ""ArgoCD"": 4, ""Problem Solving"": 4, ""Adaptability"": 4, ""Python"": 4}",Adaptability Certified Associate,"M.S. in Computer Science candidate at University of Texas at Austin passionate about cloud architecture & devops. Proficient in Networking Basics, Kubernetes, Cloud Computing, CI/CD, Docker, Linux with hands-on academic and project experience. Seeking a DevOps Engineer internship."
INT-1161,Zaid Nguyen,zaid.nguyen93@example.edu,Imperial College London,M.S. in Data Analytics,2026,Cybersecurity & Network Defense,Information Security Intern,1.5,"Firewalls, Cryptography, Security Fundamentals, Linux, Ethical Hacking, SIEM, Burp Suite, Adaptability, Git",9,"{""Firewalls"": 4, ""Cryptography"": 3, ""Security Fundamentals"": 3, ""Linux"": 4, ""Ethical Hacking"": 3, ""SIEM"": 3, ""Burp Suite"": 4, ""Adaptability"": 4, ""Git"": 3}",Ethical Hacking Certified Associate,"M.S. in Data Analytics candidate at Imperial College London passionate about cybersecurity & network defense. Proficient in Firewalls, Cryptography, Security Fundamentals, Linux, Ethical Hacking, SIEM with hands-on academic and project experience. Seeking a Information Security Intern internship."
INT-1162,Jin Wilson,jin.wilson84@example.edu,Imperial College London,B.S. in Electrical & Computer Engineering,2025,AI & Machine Learning,NLP Engineer,1.0,"TensorFlow, Machine Learning, scikit-learn, Mathematics, NLP, LangChain, Transformers, Git, MLflow, Weights & Biases, Code Documentation, Critical Thinking, Adaptability",13,"{""TensorFlow"": 5, ""Machine Learning"": 3, ""scikit-learn"": 4, ""Mathematics"": 5, ""NLP"": 4, ""LangChain"": 3, ""Transformers"": 4, ""Git"": 4, ""MLflow"": 3, ""Weights & Biases"": 3, ""Code Documentation"": 4, ""Critical Thinking"": 4, ""Adaptability"": 3}","TensorFlow Certified Associate, Machine Learning Certified Associate","B.S. in Electrical & Computer Engineering candidate at Imperial College London passionate about ai & machine learning. Proficient in TensorFlow, Machine Learning, scikit-learn, Mathematics, NLP, LangChain with hands-on academic and project experience. Seeking a NLP Engineer internship."
INT-1163,Daniel Perez,daniel.perez83@example.edu,MIT,B.S. in Information Systems,2026,Business Intelligence & Analytics,Business Intelligence Analyst,0.5,"Power BI, Excel & Spreadsheets, Tableau, Python for Analytics, Google Analytics 4, Jupyter, Power BI Service, Presentation Skills, Code Documentation, Git",10,"{""Power BI"": 4, ""Excel & Spreadsheets"": 4, ""Tableau"": 5, ""Python for Analytics"": 2, ""Google Analytics 4"": 2, ""Jupyter"": 4, ""Power BI Service"": 3, ""Presentation Skills"": 3, ""Code Documentation"": 3, ""Git"": 4}","Presentation Skills Certified Associate, Code Documentation Certified Associate","B.S. in Information Systems candidate at MIT passionate about business intelligence & analytics. Proficient in Power BI, Excel & Spreadsheets, Tableau, Python for Analytics, Google Analytics 4, Jupyter with hands-on academic and project experience. Seeking a Business Intelligence Analyst internship."
INT-1164,Olivia Davis,olivia.davis51@example.edu,IIT Bombay,B.S. in Software Engineering,2025,Embedded Systems & IoT,Embedded Linux Developer,0.5,"Electronics Fundamentals, UART/SPI/I2C Protocols, Microcontrollers, C, C++, Linux, FreeRTOS, Device Drivers, Logic Analyzer, ESP32, Raspberry Pi, Critical Thinking, Python",13,"{""Electronics Fundamentals"": 3, ""UART/SPI/I2C Protocols"": 4, ""Microcontrollers"": 5, ""C"": 3, ""C++"": 3, ""Linux"": 4, ""FreeRTOS"": 2, ""Device Drivers"": 3, ""Logic Analyzer"": 2, ""ESP32"": 2, ""Raspberry Pi"": 4, ""Critical Thinking"": 4, ""Python"": 3}","C Certified Associate, Linux Certified Associate","B.S. in Software Engineering candidate at IIT Bombay passionate about embedded systems & iot. Proficient in Electronics Fundamentals, UART/SPI/I2C Protocols, Microcontrollers, C, C++, Linux with hands-on academic and project experience. Seeking a Embedded Linux Developer internship."
INT-1165,Elena Martinez,elena.martinez42@example.edu,Georgia Tech,B.S. in Software Engineering,2025,Cloud Architecture & DevOps,Site Reliability Engineer (SRE),1.5,"Docker, Linux, Git, Networking Basics, Terraform Cloud, Vault, GitLab CI, Time Management, Agile & Scrum, Python",10,"{""Docker"": 3, ""Linux"": 3, ""Git"": 4, ""Networking Basics"": 4, ""Terraform Cloud"": 4, ""Vault"": 4, ""GitLab CI"": 2, ""Time Management"": 4, ""Agile & Scrum"": 4, ""Python"": 3}","Networking Basics Certified Associate, Terraform Cloud Certified Associate","B.S. in Software Engineering candidate at Georgia Tech passionate about cloud architecture & devops. Proficient in Docker, Linux, Git, Networking Basics, Terraform Cloud, Vault with hands-on academic and project experience. Seeking a Site Reliability Engineer (SRE) internship."
INT-1166,Siddharth King,siddharth.king93@example.edu,Cornell University,B.S. in Data Science,2026,Full Stack Web Development,Frontend Engineer,1.5,"CSS3, HTML5, Node.js, React, TypeScript, REST APIs, Redis, GitHub Actions, Vite, Technical Writing, Problem Solving, Adaptability",12,"{""CSS3"": 4, ""HTML5"": 3, ""Node.js"": 3, ""React"": 5, ""TypeScript"": 4, ""REST APIs"": 4, ""Redis"": 4, ""GitHub Actions"": 3, ""Vite"": 3, ""Technical Writing"": 3, ""Problem Solving"": 4, ""Adaptability"": 3}","CSS3 Certified Associate, Node.js Certified Associate","B.S. in Data Science candidate at Cornell University passionate about full stack web development. Proficient in CSS3, HTML5, Node.js, React, TypeScript, REST APIs with hands-on academic and project experience. Seeking a Frontend Engineer internship."
INT-1167,Ibrahim Campbell,ibrahim.campbell67@example.edu,University of Texas at Austin,B.S. in Information Systems,2026,Data Engineering & Big Data,Data Pipeline Intern,1.0,"Data Warehousing, Python, Linux, SQL, Git, Data Modeling, Docker, MinIO, Agile & Scrum, Code Documentation, Technical Writing",11,"{""Data Warehousing"": 3, ""Python"": 3, ""Linux"": 5, ""SQL"": 3, ""Git"": 4, ""Data Modeling"": 4, ""Docker"": 4, ""MinIO"": 3, ""Agile & Scrum"": 4, ""Code Documentation"": 3, ""Technical Writing"": 3}","Data Warehousing Certified Associate, Linux Certified Associate","B.S. in Information Systems candidate at University of Texas at Austin passionate about data engineering & big data. Proficient in Data Warehousing, Python, Linux, SQL, Git, Data Modeling with hands-on academic and project experience. Seeking a Data Pipeline Intern internship."
INT-1168,Rohan Perez,rohan.perez14@example.edu,BITS Pilani,B.S. in Information Systems,2026,Cybersecurity & Network Defense,Security Engineer,2.0,"TCP/IP, Network Security, Python, Vulnerability Assessment, Nessus, Agile & Scrum, Adaptability, Communication",8,"{""TCP/IP"": 4, ""Network Security"": 3, ""Python"": 4, ""Vulnerability Assessment"": 3, ""Nessus"": 2, ""Agile & Scrum"": 4, ""Adaptability"": 3, ""Communication"": 4}",TCP/IP Certified Associate,"B.S. in Information Systems candidate at BITS Pilani passionate about cybersecurity & network defense. Proficient in TCP/IP, Network Security, Python, Vulnerability Assessment, Nessus, Agile & Scrum with hands-on academic and project experience. Seeking a Security Engineer internship."
INT-1169,Chiara Flores,chiara.flores16@example.edu,IIT Bombay,M.S. in Computer Science,2025,Business Intelligence & Analytics,Operations Analyst,1.0,"SQL, Exploratory Data Analysis, Data Visualization, Python for Analytics, Cohort Analysis, Data Storytelling, HubSpot, Jupyter, Problem Solving, Code Documentation, Git, Python",12,"{""SQL"": 3, ""Exploratory Data Analysis"": 4, ""Data Visualization"": 5, ""Python for Analytics"": 2, ""Cohort Analysis"": 3, ""Data Storytelling"": 3, ""HubSpot"": 2, ""Jupyter"": 3, ""Problem Solving"": 4, ""Code Documentation"": 3, ""Git"": 3, ""Python"": 3}","HubSpot Certified Associate, Jupyter Certified Associate","M.S. in Computer Science candidate at IIT Bombay passionate about business intelligence & analytics. Proficient in SQL, Exploratory Data Analysis, Data Visualization, Python for Analytics, Cohort Analysis, Data Storytelling with hands-on academic and project experience. Seeking a Operations Analyst internship."
INT-1170,Zaid Clark,zaid.clark22@example.edu,Carnegie Mellon University,M.S. in Data Analytics,2024,Full Stack Web Development,Software Engineer - Web,0.0,"TypeScript, HTML5, JavaScript, PostgreSQL, Next.js, Redux, GitHub Actions, Postman, Critical Thinking, Problem Solving, Adaptability, Git, Python, Docker",14,"{""TypeScript"": 5, ""HTML5"": 4, ""JavaScript"": 3, ""PostgreSQL"": 4, ""Next.js"": 4, ""Redux"": 4, ""GitHub Actions"": 3, ""Postman"": 4, ""Critical Thinking"": 3, ""Problem Solving"": 4, ""Adaptability"": 3, ""Git"": 4, ""Python"": 4, ""Docker"": 3}","TypeScript Certified Associate, HTML5 Certified Associate","M.S. in Data Analytics candidate at Carnegie Mellon University passionate about full stack web development. Proficient in TypeScript, HTML5, JavaScript, PostgreSQL, Next.js, Redux with hands-on academic and project experience. Seeking a Software Engineer - Web internship."
INT-1171,William Sanchez,william.sanchez75@example.edu,Cornell University,M.S. in Computer Science,2026,Cloud Architecture & DevOps,Site Reliability Engineer (SRE),2.0,"Git, Docker, Networking Basics, Linux, Grafana, ArgoCD, GitLab CI, Communication, Adaptability",9,"{""Git"": 4, ""Docker"": 4, ""Networking Basics"": 4, ""Linux"": 4, ""Grafana"": 2, ""ArgoCD"": 3, ""GitLab CI"": 2, ""Communication"": 4, ""Adaptability"": 4}",GitLab CI Certified Associate,"M.S. in Computer Science candidate at Cornell University passionate about cloud architecture & devops. Proficient in Git, Docker, Networking Basics, Linux, Grafana, ArgoCD with hands-on academic and project experience. Seeking a Site Reliability Engineer (SRE) internship."
INT-1172,Grace Sharma,grace.sharma91@example.edu,University of Texas at Austin,B.S. in Electrical & Computer Engineering,2025,AI & Machine Learning,NLP Engineer,2.0,"scikit-learn, Data Analysis, TensorFlow, Statistics, Hugging Face, Jupyter, Git, Problem Solving, Critical Thinking, Time Management, Python, Docker",12,"{""scikit-learn"": 4, ""Data Analysis"": 4, ""TensorFlow"": 3, ""Statistics"": 3, ""Hugging Face"": 3, ""Jupyter"": 2, ""Git"": 3, ""Problem Solving"": 3, ""Critical Thinking"": 3, ""Time Management"": 4, ""Python"": 3, ""Docker"": 4}","Data Analysis Certified Associate, TensorFlow Certified Associate","B.S. in Electrical & Computer Engineering candidate at University of Texas at Austin passionate about ai & machine learning. Proficient in scikit-learn, Data Analysis, TensorFlow, Statistics, Hugging Face, Jupyter with hands-on academic and project experience. Seeking a NLP Engineer internship."
INT-1173,Liam Perez,liam.perez94@example.edu,ETH Zurich,B.S. in Data Science,2026,Embedded Systems & IoT,IoT Systems Engineer,1.5,"RTOS, C++, Embedded C, Arduino, Time Management, Git",6,"{""RTOS"": 3, ""C++"": 4, ""Embedded C"": 4, ""Arduino"": 2, ""Time Management"": 4, ""Git"": 3}",RTOS Certified Associate,"B.S. in Data Science candidate at ETH Zurich passionate about embedded systems & iot. Proficient in RTOS, C++, Embedded C, Arduino, Time Management, Git with hands-on academic and project experience. Seeking a IoT Systems Engineer internship."
INT-1174,Benjamin Lewis,benjamin.lewis94@example.edu,University of Washington,B.S. in Software Engineering,2026,Cybersecurity & Network Defense,Threat Intelligence Analyst,1.5,"Python, Security Fundamentals, Firewalls, TCP/IP, Cryptography, Identity & Access Management (IAM), OWASP Top 10, Incident Response, Snort, Kali Linux, Nmap, Problem Solving, Communication, Git",14,"{""Python"": 5, ""Security Fundamentals"": 4, ""Firewalls"": 4, ""TCP/IP"": 5, ""Cryptography"": 5, ""Identity & Access Management (IAM)"": 3, ""OWASP Top 10"": 3, ""Incident Response"": 3, ""Snort"": 4, ""Kali Linux"": 2, ""Nmap"": 2, ""Problem Solving"": 3, ""Communication"": 4, ""Git"": 4}","Security Fundamentals Certified Associate, Firewalls Certified Associate","B.S. in Software Engineering candidate at University of Washington passionate about cybersecurity & network defense. Proficient in Python, Security Fundamentals, Firewalls, TCP/IP, Cryptography, Identity & Access Management (IAM) with hands-on academic and project experience. Seeking a Threat Intelligence Analyst internship."
INT-1175,Samantha Walker,samantha.walker79@example.edu,University of Michigan,B.S. in Software Engineering,2024,Full Stack Web Development,Backend Developer,0.0,"SQL, CSS3, Node.js, Webpack, Jest, Team Collaboration, Git",7,"{""SQL"": 4, ""CSS3"": 4, ""Node.js"": 4, ""Webpack"": 4, ""Jest"": 4, ""Team Collaboration"": 4, ""Git"": 3}",None,"B.S. in Software Engineering candidate at University of Michigan passionate about full stack web development. Proficient in SQL, CSS3, Node.js, Webpack, Jest, Team Collaboration with hands-on academic and project experience. Seeking a Backend Developer internship."
INT-1176,Mei Walker,mei.walker29@example.edu,University of Texas at Austin,M.S. in Artificial Intelligence,2024,AI & Machine Learning,NLP Engineer,0.5,"NumPy, Pandas, Statistics, scikit-learn, Data Analysis, Python, NLP, Weights & Biases, AWS SageMaker, MLflow, Code Documentation, Communication, Technical Writing, Git",14,"{""NumPy"": 4, ""Pandas"": 4, ""Statistics"": 3, ""scikit-learn"": 5, ""Data Analysis"": 4, ""Python"": 4, ""NLP"": 3, ""Weights & Biases"": 3, ""AWS SageMaker"": 3, ""MLflow"": 4, ""Code Documentation"": 4, ""Communication"": 4, ""Technical Writing"": 4, ""Git"": 3}","Pandas Certified Associate, Statistics Certified Associate","M.S. in Artificial Intelligence candidate at University of Texas at Austin passionate about ai & machine learning. Proficient in NumPy, Pandas, Statistics, scikit-learn, Data Analysis, Python with hands-on academic and project experience. Seeking a NLP Engineer internship."
INT-1177,Jin Wright,jin.wright67@example.edu,UC Berkeley,B.S. in Information Systems,2024,Embedded Systems & IoT,Embedded Software Engineer,0.0,"Electronics Fundamentals, C, C++, UART/SPI/I2C Protocols, Keil uVision, Oscilloscope, STM32CubeIDE, Communication, Presentation Skills, Team Collaboration, Python, Docker",12,"{""Electronics Fundamentals"": 3, ""C"": 4, ""C++"": 4, ""UART/SPI/I2C Protocols"": 5, ""Keil uVision"": 3, ""Oscilloscope"": 2, ""STM32CubeIDE"": 2, ""Communication"": 3, ""Presentation Skills"": 4, ""Team Collaboration"": 4, ""Python"": 3, ""Docker"": 4}","C++ Certified Associate, UART/SPI/I2C Protocols Certified Associate","B.S. in Information Systems candidate at UC Berkeley passionate about embedded systems & iot. Proficient in Electronics Fundamentals, C, C++, UART/SPI/I2C Protocols, Keil uVision, Oscilloscope with hands-on academic and project experience. Seeking a Embedded Software Engineer internship."
INT-1178,Aarav Davis,aarav.davis67@example.edu,National University of Singapore,B.S. in Software Engineering,2026,Mobile Application Development,Flutter Developer,0.5,"Dart, Flutter, Kotlin, Mobile UI Design, Swift, App Store Deployment, Performance Optimization, Offline Sync, Fastlane, Postman, Presentation Skills, Agile & Scrum, Git, Python",14,"{""Dart"": 5, ""Flutter"": 5, ""Kotlin"": 5, ""Mobile UI Design"": 4, ""Swift"": 3, ""App Store Deployment"": 4, ""Performance Optimization"": 2, ""Offline Sync"": 3, ""Fastlane"": 2, ""Postman"": 3, ""Presentation Skills"": 4, ""Agile & Scrum"": 3, ""Git"": 3, ""Python"": 4}","Kotlin Certified Associate, Fastlane Certified Associate","B.S. in Software Engineering candidate at National University of Singapore passionate about mobile application development. Proficient in Dart, Flutter, Kotlin, Mobile UI Design, Swift, App Store Deployment with hands-on academic and project experience. Seeking a Flutter Developer internship."
INT-1179,Jin Rivera,jin.rivera61@example.edu,National University of Singapore,B.S. in Electrical & Computer Engineering,2024,Embedded Systems & IoT,Hardware/Software Integrator,0.0,"UART/SPI/I2C Protocols, Electronics Fundamentals, Linux, RTOS, Embedded C, ESP32, PlatformIO, Arduino, Adaptability",9,"{""UART/SPI/I2C Protocols"": 5, ""Electronics Fundamentals"": 4, ""Linux"": 4, ""RTOS"": 4, ""Embedded C"": 3, ""ESP32"": 4, ""PlatformIO"": 2, ""Arduino"": 2, ""Adaptability"": 4}","UART/SPI/I2C Protocols Certified Associate, Linux Certified Associate","B.S. in Electrical & Computer Engineering candidate at National University of Singapore passionate about embedded systems & iot. Proficient in UART/SPI/I2C Protocols, Electronics Fundamentals, Linux, RTOS, Embedded C, ESP32 with hands-on academic and project experience. Seeking a Hardware/Software Integrator internship."
INT-1180,Arjun Johnson,arjun.johnson91@example.edu,National University of Singapore,B.S. in Software Engineering,2026,Cybersecurity & Network Defense,Penetration Tester,1.0,"Network Security, TCP/IP, Cryptography, Linux, Vulnerability Assessment, Firewalls, Splunk, Burp Suite, Wireshark, Problem Solving, Git",11,"{""Network Security"": 4, ""TCP/IP"": 3, ""Cryptography"": 4, ""Linux"": 3, ""Vulnerability Assessment"": 4, ""Firewalls"": 4, ""Splunk"": 2, ""Burp Suite"": 3, ""Wireshark"": 4, ""Problem Solving"": 3, ""Git"": 4}","Splunk Certified Associate, Burp Suite Certified Associate","B.S. in Software Engineering candidate at National University of Singapore passionate about cybersecurity & network defense. Proficient in Network Security, TCP/IP, Cryptography, Linux, Vulnerability Assessment, Firewalls with hands-on academic and project experience. Seeking a Penetration Tester internship."
INT-1181,Gabriel Ramirez,gabriel.ramirez38@example.edu,University of Michigan,B.S. in Software Engineering,2026,AI & Machine Learning,NLP Engineer,2.0,"Data Analysis, PyTorch, Pandas, Machine Learning, scikit-learn, Git, Team Collaboration",7,"{""Data Analysis"": 5, ""PyTorch"": 4, ""Pandas"": 4, ""Machine Learning"": 4, ""scikit-learn"": 4, ""Git"": 4, ""Team Collaboration"": 4}","Data Analysis Certified Associate, PyTorch Certified Associate","B.S. in Software Engineering candidate at University of Michigan passionate about ai & machine learning. Proficient in Data Analysis, PyTorch, Pandas, Machine Learning, scikit-learn, Git with hands-on academic and project experience. Seeking a NLP Engineer internship."
INT-1182,Aditi Nguyen,aditi.nguyen25@example.edu,University of Texas at Austin,B.S. in Information Systems,2026,AI & Machine Learning,Data Scientist,1.5,"scikit-learn, Pandas, PyTorch, TensorFlow, Git, Code Documentation, Python",7,"{""scikit-learn"": 5, ""Pandas"": 4, ""PyTorch"": 4, ""TensorFlow"": 4, ""Git"": 3, ""Code Documentation"": 3, ""Python"": 4}","PyTorch Certified Associate, Code Documentation Certified Associate","B.S. in Information Systems candidate at University of Texas at Austin passionate about ai & machine learning. Proficient in scikit-learn, Pandas, PyTorch, TensorFlow, Git, Code Documentation with hands-on academic and project experience. Seeking a Data Scientist internship."
INT-1183,Arjun Hall,arjun.hall38@example.edu,ETH Zurich,M.S. in Artificial Intelligence,2025,Cybersecurity & Network Defense,Threat Intelligence Analyst,0.5,"Linux, Security Fundamentals, Network Security, TCP/IP, Vulnerability Assessment, Firewalls, Burp Suite, Agile & Scrum, Adaptability, Docker",10,"{""Linux"": 3, ""Security Fundamentals"": 5, ""Network Security"": 5, ""TCP/IP"": 4, ""Vulnerability Assessment"": 4, ""Firewalls"": 4, ""Burp Suite"": 2, ""Agile & Scrum"": 4, ""Adaptability"": 3, ""Docker"": 3}",TCP/IP Certified Associate,"M.S. in Artificial Intelligence candidate at ETH Zurich passionate about cybersecurity & network defense. Proficient in Linux, Security Fundamentals, Network Security, TCP/IP, Vulnerability Assessment, Firewalls with hands-on academic and project experience. Seeking a Threat Intelligence Analyst internship."
INT-1184,Zaid Rivera,zaid.rivera65@example.edu,BITS Pilani,B.S. in Data Science,2024,Business Intelligence & Analytics,Marketing Analytics Intern,1.5,"Excel & Spreadsheets, Power BI, Exploratory Data Analysis, Data Visualization, Statistics, Business Metrics, HubSpot, Jupyter, Technical Writing, Team Collaboration, Code Documentation, Git",12,"{""Excel & Spreadsheets"": 5, ""Power BI"": 4, ""Exploratory Data Analysis"": 4, ""Data Visualization"": 4, ""Statistics"": 3, ""Business Metrics"": 3, ""HubSpot"": 4, ""Jupyter"": 4, ""Technical Writing"": 4, ""Team Collaboration"": 4, ""Code Documentation"": 4, ""Git"": 4}","Jupyter Certified Associate, Git Certified Associate","B.S. in Data Science candidate at BITS Pilani passionate about business intelligence & analytics. Proficient in Excel & Spreadsheets, Power BI, Exploratory Data Analysis, Data Visualization, Statistics, Business Metrics with hands-on academic and project experience. Seeking a Marketing Analytics Intern internship."
INT-1185,Fatou Campbell,fatou.campbell54@example.edu,Imperial College London,M.S. in Data Analytics,2026,Business Intelligence & Analytics,Product Analyst,0.0,"Tableau, Statistics, SQL, Excel & Spreadsheets, Exploratory Data Analysis, Power BI, Cohort Analysis, ETL Basics, DAX, HubSpot, Metabase, Power BI Service, Team Collaboration, Git",14,"{""Tableau"": 4, ""Statistics"": 3, ""SQL"": 3, ""Excel & Spreadsheets"": 3, ""Exploratory Data Analysis"": 5, ""Power BI"": 5, ""Cohort Analysis"": 2, ""ETL Basics"": 3, ""DAX"": 4, ""HubSpot"": 2, ""Metabase"": 3, ""Power BI Service"": 3, ""Team Collaboration"": 4, ""Git"": 4}","Power BI Certified Associate, Metabase Certified Associate","M.S. in Data Analytics candidate at Imperial College London passionate about business intelligence & analytics. Proficient in Tableau, Statistics, SQL, Excel & Spreadsheets, Exploratory Data Analysis, Power BI with hands-on academic and project experience. Seeking a Product Analyst internship."
INT-1186,Aarav Jones,aarav.jones18@example.edu,ETH Zurich,M.S. in Artificial Intelligence,2025,Cloud Architecture & DevOps,Cloud Security Engineer,1.0,"Docker, Git, Bash Scripting, Networking Basics, Kubernetes, Linux, Grafana, Jenkins, Technical Writing, Communication, Python",11,"{""Docker"": 4, ""Git"": 4, ""Bash Scripting"": 5, ""Networking Basics"": 5, ""Kubernetes"": 3, ""Linux"": 4, ""Grafana"": 2, ""Jenkins"": 3, ""Technical Writing"": 3, ""Communication"": 4, ""Python"": 3}","Linux Certified Associate, Grafana Certified Associate","M.S. in Artificial Intelligence candidate at ETH Zurich passionate about cloud architecture & devops. Proficient in Docker, Git, Bash Scripting, Networking Basics, Kubernetes, Linux with hands-on academic and project experience. Seeking a Cloud Security Engineer internship."
INT-1187,Sara Sharma,sara.sharma58@example.edu,BITS Pilani,B.S. in Information Systems,2025,Full Stack Web Development,Frontend Engineer,1.0,"Node.js, Git, CSS3, HTML5, SQL, REST APIs, Authentication & JWT, Next.js, Jest, Redis, Critical Thinking, Problem Solving, Technical Writing",13,"{""Node.js"": 4, ""Git"": 3, ""CSS3"": 3, ""HTML5"": 4, ""SQL"": 4, ""REST APIs"": 4, ""Authentication & JWT"": 4, ""Next.js"": 4, ""Jest"": 4, ""Redis"": 3, ""Critical Thinking"": 3, ""Problem Solving"": 3, ""Technical Writing"": 4}","Node.js Certified Associate, CSS3 Certified Associate","B.S. in Information Systems candidate at BITS Pilani passionate about full stack web development. Proficient in Node.js, Git, CSS3, HTML5, SQL, REST APIs with hands-on academic and project experience. Seeking a Frontend Engineer internship."
INT-1188,Lucas Taylor,lucas.taylor87@example.edu,Georgia Tech,B.S. in Electrical & Computer Engineering,2026,Full Stack Web Development,Web Application Intern,2.0,"React, SQL, REST APIs, Redux, Vercel, Postman, Technical Writing, Python, Docker",9,"{""React"": 3, ""SQL"": 3, ""REST APIs"": 5, ""Redux"": 2, ""Vercel"": 2, ""Postman"": 3, ""Technical Writing"": 4, ""Python"": 4, ""Docker"": 3}",None,"B.S. in Electrical & Computer Engineering candidate at Georgia Tech passionate about full stack web development. Proficient in React, SQL, REST APIs, Redux, Vercel, Postman with hands-on academic and project experience. Seeking a Web Application Intern internship."
INT-1189,Vikram Mitchell,vikram.mitchell86@example.edu,University of Toronto,B.S. in Software Engineering,2025,Data Engineering & Big Data,Big Data Developer,1.5,"SQL, Data Pipelines, Python, Data Warehousing, Relational Databases, Linux, Snowflake, AWS S3, Presentation Skills, Time Management, Git",11,"{""SQL"": 3, ""Data Pipelines"": 4, ""Python"": 3, ""Data Warehousing"": 4, ""Relational Databases"": 5, ""Linux"": 5, ""Snowflake"": 3, ""AWS S3"": 3, ""Presentation Skills"": 3, ""Time Management"": 3, ""Git"": 3}","Data Warehousing Certified Associate, Time Management Certified Associate","B.S. in Software Engineering candidate at University of Toronto passionate about data engineering & big data. Proficient in SQL, Data Pipelines, Python, Data Warehousing, Relational Databases, Linux with hands-on academic and project experience. Seeking a Big Data Developer internship."
INT-1190,Jasmine Moore,jasmine.moore74@example.edu,University of Michigan,B.S. in Software Engineering,2026,AI & Machine Learning,Computer Vision Engineer,2.0,"Data Analysis, Python, scikit-learn, Deep Learning, Mathematics, NumPy, MLOps, Weights & Biases, MLflow, Problem Solving, Agile & Scrum, Docker",12,"{""Data Analysis"": 4, ""Python"": 3, ""scikit-learn"": 5, ""Deep Learning"": 4, ""Mathematics"": 5, ""NumPy"": 5, ""MLOps"": 3, ""Weights & Biases"": 3, ""MLflow"": 3, ""Problem Solving"": 3, ""Agile & Scrum"": 4, ""Docker"": 4}","Python Certified Associate, Mathematics Certified Associate","B.S. in Software Engineering candidate at University of Michigan passionate about ai & machine learning. Proficient in Data Analysis, Python, scikit-learn, Deep Learning, Mathematics, NumPy with hands-on academic and project experience. Seeking a Computer Vision Engineer internship."
INT-1191,Arjun Lewis,arjun.lewis47@example.edu,University of Illinois Urbana-Champaign,B.S. in Data Science,2024,Cloud Architecture & DevOps,Cloud Security Engineer,0.5,"Bash Scripting, Git, Cloud Computing, Helm, Service Mesh, ArgoCD, GitLab CI, Datadog, Time Management, Technical Writing, Agile & Scrum, Python",12,"{""Bash Scripting"": 4, ""Git"": 5, ""Cloud Computing"": 4, ""Helm"": 4, ""Service Mesh"": 3, ""ArgoCD"": 2, ""GitLab CI"": 2, ""Datadog"": 2, ""Time Management"": 4, ""Technical Writing"": 4, ""Agile & Scrum"": 4, ""Python"": 3}",Python Certified Associate,"B.S. in Data Science candidate at University of Illinois Urbana-Champaign passionate about cloud architecture & devops. Proficient in Bash Scripting, Git, Cloud Computing, Helm, Service Mesh, ArgoCD with hands-on academic and project experience. Seeking a Cloud Security Engineer internship."
INT-1192,Rohan Flores,rohan.flores95@example.edu,Stanford University,B.S. in Electrical & Computer Engineering,2026,Full Stack Web Development,Full Stack Developer,2.0,"TypeScript, HTML5, Express.js, CSS3, Node.js, REST APIs, Microservices, Redux, Postman, Jest, VS Code, Adaptability, Agile & Scrum, Code Documentation, Python",15,"{""TypeScript"": 5, ""HTML5"": 3, ""Express.js"": 3, ""CSS3"": 4, ""Node.js"": 3, ""REST APIs"": 4, ""Microservices"": 3, ""Redux"": 2, ""Postman"": 4, ""Jest"": 3, ""VS Code"": 3, ""Adaptability"": 3, ""Agile & Scrum"": 3, ""Code Documentation"": 3, ""Python"": 3}","HTML5 Certified Associate, Node.js Certified Associate","B.S. in Electrical & Computer Engineering candidate at Stanford University passionate about full stack web development. Proficient in TypeScript, HTML5, Express.js, CSS3, Node.js, REST APIs with hands-on academic and project experience. Seeking a Full Stack Developer internship."
INT-1193,Sophia Clark,sophia.clark27@example.edu,University of Toronto,M.S. in Data Analytics,2026,Mobile Application Development,Mobile Software Intern,1.0,"Swift, Dart, Flutter, REST APIs, Fastlane, CocoaPods, Xcode, Agile & Scrum, Python",9,"{""Swift"": 4, ""Dart"": 5, ""Flutter"": 3, ""REST APIs"": 4, ""Fastlane"": 3, ""CocoaPods"": 3, ""Xcode"": 4, ""Agile & Scrum"": 3, ""Python"": 4}","Fastlane Certified Associate, CocoaPods Certified Associate","M.S. in Data Analytics candidate at University of Toronto passionate about mobile application development. Proficient in Swift, Dart, Flutter, REST APIs, Fastlane, CocoaPods with hands-on academic and project experience. Seeking a Mobile Software Intern internship."
INT-1194,Liam Wright,liam.wright94@example.edu,IIT Bombay,B.S. in Data Science,2024,Cybersecurity & Network Defense,Threat Intelligence Analyst,1.0,"Cryptography, Network Security, Python, TCP/IP, Vulnerability Assessment, Firewalls, Cloud Security, Penetration Testing, Incident Response, Burp Suite, Time Management, Presentation Skills, Team Collaboration, Git, Docker",15,"{""Cryptography"": 3, ""Network Security"": 5, ""Python"": 4, ""TCP/IP"": 5, ""Vulnerability Assessment"": 3, ""Firewalls"": 3, ""Cloud Security"": 3, ""Penetration Testing"": 3, ""Incident Response"": 4, ""Burp Suite"": 2, ""Time Management"": 4, ""Presentation Skills"": 4, ""Team Collaboration"": 4, ""Git"": 3, ""Docker"": 3}","Cryptography Certified Associate, Time Management Certified Associate","B.S. in Data Science candidate at IIT Bombay passionate about cybersecurity & network defense. Proficient in Cryptography, Network Security, Python, TCP/IP, Vulnerability Assessment, Firewalls with hands-on academic and project experience. Seeking a Threat Intelligence Analyst internship."
INT-1195,Nadia Thomas,nadia.thomas16@example.edu,University of Texas at Austin,M.S. in Computer Science,2026,Business Intelligence & Analytics,Marketing Analytics Intern,2.0,"Exploratory Data Analysis, Business Metrics, Tableau, Power BI, Excel & Spreadsheets, Data Visualization, Google Analytics 4, DAX, Predictive Analytics, Looker, Team Collaboration, Critical Thinking",12,"{""Exploratory Data Analysis"": 3, ""Business Metrics"": 3, ""Tableau"": 3, ""Power BI"": 4, ""Excel & Spreadsheets"": 3, ""Data Visualization"": 4, ""Google Analytics 4"": 2, ""DAX"": 2, ""Predictive Analytics"": 3, ""Looker"": 4, ""Team Collaboration"": 4, ""Critical Thinking"": 3}",None,"M.S. in Computer Science candidate at University of Texas at Austin passionate about business intelligence & analytics. Proficient in Exploratory Data Analysis, Business Metrics, Tableau, Power BI, Excel & Spreadsheets, Data Visualization with hands-on academic and project experience. Seeking a Marketing Analytics Intern internship."
INT-1196,Noah Nelson,noah.nelson78@example.edu,University of Texas at Austin,M.S. in Computer Science,2026,AI & Machine Learning,Deep Learning Specialist,2.0,"NumPy, TensorFlow, Deep Learning, Large Language Models, NLP, Model Deployment, Git, Adaptability, Time Management, Problem Solving, Python",11,"{""NumPy"": 3, ""TensorFlow"": 4, ""Deep Learning"": 4, ""Large Language Models"": 2, ""NLP"": 3, ""Model Deployment"": 3, ""Git"": 3, ""Adaptability"": 4, ""Time Management"": 4, ""Problem Solving"": 3, ""Python"": 3}","Deep Learning Certified Associate, Adaptability Certified Associate","M.S. in Computer Science candidate at University of Texas at Austin passionate about ai & machine learning. Proficient in NumPy, TensorFlow, Deep Learning, Large Language Models, NLP, Model Deployment with hands-on academic and project experience. Seeking a Deep Learning Specialist internship."
INT-1197,Zaid Ramirez,zaid.ramirez52@example.edu,Imperial College London,B.S. in Information Systems,2024,Data Engineering & Big Data,Data Engineer,0.0,"Python, Linux, ETL, Data Warehousing, SQL, Apache Kafka, Databricks, Redshift, Critical Thinking, Technical Writing, Git, Docker",12,"{""Python"": 5, ""Linux"": 5, ""ETL"": 4, ""Data Warehousing"": 4, ""SQL"": 4, ""Apache Kafka"": 4, ""Databricks"": 2, ""Redshift"": 4, ""Critical Thinking"": 4, ""Technical Writing"": 3, ""Git"": 4, ""Docker"": 4}","Python Certified Associate, Apache Kafka Certified Associate","B.S. in Information Systems candidate at Imperial College London passionate about data engineering & big data. Proficient in Python, Linux, ETL, Data Warehousing, SQL, Apache Kafka with hands-on academic and project experience. Seeking a Data Engineer internship."
INT-1198,Lars Thomas,lars.thomas25@example.edu,BITS Pilani,M.S. in Artificial Intelligence,2026,Cybersecurity & Network Defense,Penetration Tester,1.5,"TCP/IP, Linux, Network Security, Firewalls, Penetration Testing, SIEM, Metasploit, Nessus, Adaptability, Problem Solving, Communication, Git",12,"{""TCP/IP"": 3, ""Linux"": 5, ""Network Security"": 5, ""Firewalls"": 4, ""Penetration Testing"": 3, ""SIEM"": 4, ""Metasploit"": 2, ""Nessus"": 3, ""Adaptability"": 3, ""Problem Solving"": 3, ""Communication"": 3, ""Git"": 3}","Linux Certified Associate, Adaptability Certified Associate","M.S. in Artificial Intelligence candidate at BITS Pilani passionate about cybersecurity & network defense. Proficient in TCP/IP, Linux, Network Security, Firewalls, Penetration Testing, SIEM with hands-on academic and project experience. Seeking a Penetration Tester internship."
INT-1199,Daniel Miller,daniel.miller61@example.edu,University of Michigan,B.S. in Computer Science,2024,Cloud Architecture & DevOps,Cloud Infrastructure Engineer,0.5,"Bash Scripting, Networking Basics, Linux, Kubernetes, CI/CD, Docker, Terraform Cloud, ELK Stack, Datadog, Communication, Git",11,"{""Bash Scripting"": 5, ""Networking Basics"": 3, ""Linux"": 4, ""Kubernetes"": 3, ""CI/CD"": 4, ""Docker"": 4, ""Terraform Cloud"": 3, ""ELK Stack"": 3, ""Datadog"": 4, ""Communication"": 4, ""Git"": 3}","Networking Basics Certified Associate, Linux Certified Associate","B.S. in Computer Science candidate at University of Michigan passionate about cloud architecture & devops. Proficient in Bash Scripting, Networking Basics, Linux, Kubernetes, CI/CD, Docker with hands-on academic and project experience. Seeking a Cloud Infrastructure Engineer internship."
INT-1200,James Garcia,james.garcia22@example.edu,Technical University of Munich,B.S. in Computer Science,2024,Data Engineering & Big Data,ETL Developer,1.0,"Data Warehousing, SQL, Linux, Data Pipelines, Git, PySpark, Apache Kafka, AWS S3, MinIO, Kafka Connect, Presentation Skills, Critical Thinking, Problem Solving",13,"{""Data Warehousing"": 4, ""SQL"": 4, ""Linux"": 5, ""Data Pipelines"": 3, ""Git"": 3, ""PySpark"": 3, ""Apache Kafka"": 3, ""AWS S3"": 4, ""MinIO"": 3, ""Kafka Connect"": 2, ""Presentation Skills"": 3, ""Critical Thinking"": 3, ""Problem Solving"": 3}","Data Warehousing Certified Associate, Critical Thinking Certified Associate","B.S. in Computer Science candidate at Technical University of Munich passionate about data engineering & big data. Proficient in Data Warehousing, SQL, Linux, Data Pipelines, Git, PySpark with hands-on academic and project experience. Seeking a ETL Developer internship."
INT-1201,Yuki Thomas,yuki.thomas99@example.edu,Cornell University,B.S. in Data Science,2024,AI & Machine Learning,Data Scientist,2.0,"Pandas, NumPy, Statistics, Large Language Models, Git, Weights & Biases, FastAPI, Code Documentation, Adaptability, Docker",10,"{""Pandas"": 4, ""NumPy"": 3, ""Statistics"": 4, ""Large Language Models"": 3, ""Git"": 4, ""Weights & Biases"": 4, ""FastAPI"": 2, ""Code Documentation"": 4, ""Adaptability"": 4, ""Docker"": 4}","Large Language Models Certified Associate, Git Certified Associate","B.S. in Data Science candidate at Cornell University passionate about ai & machine learning. Proficient in Pandas, NumPy, Statistics, Large Language Models, Git, Weights & Biases with hands-on academic and project experience. Seeking a Data Scientist internship."
INT-1202,Amara Flores,amara.flores41@example.edu,Technical University of Munich,B.S. in Electrical & Computer Engineering,2024,Cloud Architecture & DevOps,Site Reliability Engineer (SRE),0.0,"CI/CD, Git, Bash Scripting, Kubernetes, Docker, Ansible, Terraform, GitLab CI, Datadog, Time Management",10,"{""CI/CD"": 3, ""Git"": 3, ""Bash Scripting"": 5, ""Kubernetes"": 4, ""Docker"": 4, ""Ansible"": 4, ""Terraform"": 3, ""GitLab CI"": 3, ""Datadog"": 3, ""Time Management"": 3}","Kubernetes Certified Associate, Docker Certified Associate","B.S. in Electrical & Computer Engineering candidate at Technical University of Munich passionate about cloud architecture & devops. Proficient in CI/CD, Git, Bash Scripting, Kubernetes, Docker, Ansible with hands-on academic and project experience. Seeking a Site Reliability Engineer (SRE) internship."
INT-1203,Fatima Wright,fatima.wright72@example.edu,Cornell University,B.S. in Data Science,2024,Cloud Architecture & DevOps,Cloud Infrastructure Engineer,1.0,"Kubernetes, Linux, Bash Scripting, Networking Basics, Helm, Vault, Nginx, Code Documentation, Critical Thinking, Agile & Scrum",10,"{""Kubernetes"": 5, ""Linux"": 5, ""Bash Scripting"": 3, ""Networking Basics"": 3, ""Helm"": 2, ""Vault"": 4, ""Nginx"": 2, ""Code Documentation"": 3, ""Critical Thinking"": 3, ""Agile & Scrum"": 3}","Helm Certified Associate, Agile & Scrum Certified Associate","B.S. in Data Science candidate at Cornell University passionate about cloud architecture & devops. Proficient in Kubernetes, Linux, Bash Scripting, Networking Basics, Helm, Vault with hands-on academic and project experience. Seeking a Cloud Infrastructure Engineer internship."
INT-1204,Siddharth Wright,siddharth.wright66@example.edu,Cornell University,B.S. in Data Science,2025,Cloud Architecture & DevOps,Cloud Security Engineer,1.5,"CI/CD, Git, Cloud Computing, Linux, Terraform, GitLab CI, Critical Thinking, Adaptability, Team Collaboration",9,"{""CI/CD"": 3, ""Git"": 4, ""Cloud Computing"": 3, ""Linux"": 4, ""Terraform"": 4, ""GitLab CI"": 3, ""Critical Thinking"": 3, ""Adaptability"": 4, ""Team Collaboration"": 4}","CI/CD Certified Associate, GitLab CI Certified Associate","B.S. in Data Science candidate at Cornell University passionate about cloud architecture & devops. Proficient in CI/CD, Git, Cloud Computing, Linux, Terraform, GitLab CI with hands-on academic and project experience. Seeking a Cloud Security Engineer internship."
INT-1205,Ananya Nguyen,ananya.nguyen52@example.edu,Imperial College London,B.S. in Software Engineering,2024,Mobile Application Development,iOS Engineer,0.0,"Mobile UI Design, Kotlin, State Management, Swift, CoreData, Fastlane, Gradle, Team Collaboration, Time Management, Critical Thinking, Git",11,"{""Mobile UI Design"": 4, ""Kotlin"": 3, ""State Management"": 3, ""Swift"": 4, ""CoreData"": 3, ""Fastlane"": 3, ""Gradle"": 2, ""Team Collaboration"": 4, ""Time Management"": 4, ""Critical Thinking"": 4, ""Git"": 3}","Mobile UI Design Certified Associate, Swift Certified Associate","B.S. in Software Engineering candidate at Imperial College London passionate about mobile application development. Proficient in Mobile UI Design, Kotlin, State Management, Swift, CoreData, Fastlane with hands-on academic and project experience. Seeking a iOS Engineer internship."
INT-1206,Mei Wilson,mei.wilson59@example.edu,Technical University of Munich,M.S. in Artificial Intelligence,2025,Data Engineering & Big Data,Big Data Developer,2.0,"Git, Relational Databases, Linux, SQL, Python, ETL, Hadoop, Docker, AWS S3, Problem Solving",10,"{""Git"": 3, ""Relational Databases"": 3, ""Linux"": 4, ""SQL"": 4, ""Python"": 4, ""ETL"": 4, ""Hadoop"": 4, ""Docker"": 2, ""AWS S3"": 4, ""Problem Solving"": 4}","Git Certified Associate, Linux Certified Associate","M.S. in Artificial Intelligence candidate at Technical University of Munich passionate about data engineering & big data. Proficient in Git, Relational Databases, Linux, SQL, Python, ETL with hands-on academic and project experience. Seeking a Big Data Developer internship."
INT-1207,William Williams,william.williams71@example.edu,Stanford University,B.S. in Data Science,2024,Full Stack Web Development,Web Application Intern,1.0,"JavaScript, Express.js, HTML5, SQL, Docker, Technical Writing",6,"{""JavaScript"": 4, ""Express.js"": 5, ""HTML5"": 5, ""SQL"": 4, ""Docker"": 3, ""Technical Writing"": 3}","Express.js Certified Associate, SQL Certified Associate","B.S. in Data Science candidate at Stanford University passionate about full stack web development. Proficient in JavaScript, Express.js, HTML5, SQL, Docker, Technical Writing with hands-on academic and project experience. Seeking a Web Application Intern internship."
INT-1208,Noah Adams,noah.adams68@example.edu,ETH Zurich,B.S. in Information Systems,2025,AI & Machine Learning,NLP Engineer,0.5,"NumPy, Data Analysis, Deep Learning, TensorFlow, Pandas, PyTorch, Transformers, Weights & Biases, AWS SageMaker, Agile & Scrum",10,"{""NumPy"": 3, ""Data Analysis"": 5, ""Deep Learning"": 5, ""TensorFlow"": 4, ""Pandas"": 5, ""PyTorch"": 5, ""Transformers"": 3, ""Weights & Biases"": 2, ""AWS SageMaker"": 3, ""Agile & Scrum"": 4}","NumPy Certified Associate, Data Analysis Certified Associate","B.S. in Information Systems candidate at ETH Zurich passionate about ai & machine learning. Proficient in NumPy, Data Analysis, Deep Learning, TensorFlow, Pandas, PyTorch with hands-on academic and project experience. Seeking a NLP Engineer internship."
INT-1209,Tariq Hernandez,tariq.hernandez91@example.edu,University of Texas at Austin,B.S. in Computer Science,2025,Mobile Application Development,Flutter Developer,0.0,"Mobile UI Design, Flutter, Kotlin, SwiftUI, CoreData, Offline Sync, CocoaPods, Adaptability, Git",9,"{""Mobile UI Design"": 4, ""Flutter"": 3, ""Kotlin"": 4, ""SwiftUI"": 4, ""CoreData"": 2, ""Offline Sync"": 3, ""CocoaPods"": 2, ""Adaptability"": 4, ""Git"": 4}","SwiftUI Certified Associate, CocoaPods Certified Associate","B.S. in Computer Science candidate at University of Texas at Austin passionate about mobile application development. Proficient in Mobile UI Design, Flutter, Kotlin, SwiftUI, CoreData, Offline Sync with hands-on academic and project experience. Seeking a Flutter Developer internship."
INT-1210,Emily Walker,emily.walker76@example.edu,IIT Delhi,M.S. in Computer Science,2024,Cloud Architecture & DevOps,DevOps Intern,1.0,"Linux, Git, Networking Basics, Kubernetes, Bash Scripting, Azure, Infrastructure as Code, ArgoCD, Terraform Cloud, ELK Stack, Technical Writing, Critical Thinking, Python",13,"{""Linux"": 3, ""Git"": 5, ""Networking Basics"": 3, ""Kubernetes"": 5, ""Bash Scripting"": 4, ""Azure"": 3, ""Infrastructure as Code"": 3, ""ArgoCD"": 2, ""Terraform Cloud"": 2, ""ELK Stack"": 3, ""Technical Writing"": 4, ""Critical Thinking"": 4, ""Python"": 3}",Linux Certified Associate,"M.S. in Computer Science candidate at IIT Delhi passionate about cloud architecture & devops. Proficient in Linux, Git, Networking Basics, Kubernetes, Bash Scripting, Azure with hands-on academic and project experience. Seeking a DevOps Intern internship."
INT-1211,Chiara Miller,chiara.miller66@example.edu,ETH Zurich,M.S. in Computer Science,2026,Business Intelligence & Analytics,Marketing Analytics Intern,1.0,"Statistics, Excel & Spreadsheets, Exploratory Data Analysis, SQL, Power BI, Looker, Metabase, SQL Server, Problem Solving, Agile & Scrum, Python, Docker",12,"{""Statistics"": 5, ""Excel & Spreadsheets"": 3, ""Exploratory Data Analysis"": 4, ""SQL"": 5, ""Power BI"": 5, ""Looker"": 4, ""Metabase"": 2, ""SQL Server"": 3, ""Problem Solving"": 4, ""Agile & Scrum"": 4, ""Python"": 4, ""Docker"": 3}","Statistics Certified Associate, Looker Certified Associate","M.S. in Computer Science candidate at ETH Zurich passionate about business intelligence & analytics. Proficient in Statistics, Excel & Spreadsheets, Exploratory Data Analysis, SQL, Power BI, Looker with hands-on academic and project experience. Seeking a Marketing Analytics Intern internship."
INT-1212,Alexander Allen,alexander.allen29@example.edu,Georgia Tech,M.S. in Data Analytics,2026,Mobile Application Development,Android Developer,0.5,"Dart, Mobile UI Design, REST APIs, Swift, Git, Postman, Android Studio, Xcode, Problem Solving, Code Documentation, Docker",11,"{""Dart"": 3, ""Mobile UI Design"": 4, ""REST APIs"": 5, ""Swift"": 3, ""Git"": 4, ""Postman"": 4, ""Android Studio"": 3, ""Xcode"": 3, ""Problem Solving"": 3, ""Code Documentation"": 4, ""Docker"": 3}","Mobile UI Design Certified Associate, Postman Certified Associate","M.S. in Data Analytics candidate at Georgia Tech passionate about mobile application development. Proficient in Dart, Mobile UI Design, REST APIs, Swift, Git, Postman with hands-on academic and project experience. Seeking a Android Developer internship."
INT-1213,Arjun Wright,arjun.wright59@example.edu,Technical University of Munich,B.S. in Computer Science,2026,Business Intelligence & Analytics,Product Analyst,0.5,"Exploratory Data Analysis, SQL, Data Visualization, ETL Basics, Jupyter, Looker, Time Management, Critical Thinking, Code Documentation, Git",10,"{""Exploratory Data Analysis"": 4, ""SQL"": 5, ""Data Visualization"": 3, ""ETL Basics"": 2, ""Jupyter"": 2, ""Looker"": 4, ""Time Management"": 3, ""Critical Thinking"": 4, ""Code Documentation"": 3, ""Git"": 4}","Exploratory Data Analysis Certified Associate, SQL Certified Associate","B.S. in Computer Science candidate at Technical University of Munich passionate about business intelligence & analytics. Proficient in Exploratory Data Analysis, SQL, Data Visualization, ETL Basics, Jupyter, Looker with hands-on academic and project experience. Seeking a Product Analyst internship."
INT-1214,Rohan Flores,rohan.flores68@example.edu,IIT Bombay,M.S. in Artificial Intelligence,2025,Full Stack Web Development,Web Application Intern,1.0,"REST APIs, Express.js, Node.js, TypeScript, React, Git, Redux, Authentication & JWT, GitHub Actions, Team Collaboration",10,"{""REST APIs"": 4, ""Express.js"": 3, ""Node.js"": 3, ""TypeScript"": 3, ""React"": 3, ""Git"": 3, ""Redux"": 4, ""Authentication & JWT"": 2, ""GitHub Actions"": 3, ""Team Collaboration"": 3}","Git Certified Associate, GitHub Actions Certified Associate","M.S. in Artificial Intelligence candidate at IIT Bombay passionate about full stack web development. Proficient in REST APIs, Express.js, Node.js, TypeScript, React, Git with hands-on academic and project experience. Seeking a Web Application Intern internship."
INT-1215,Priya Harris,priya.harris92@example.edu,Stanford University,M.S. in Artificial Intelligence,2025,Full Stack Web Development,Backend Developer,0.5,"React, Express.js, CSS3, JavaScript, REST APIs, Next.js, MongoDB, VS Code, Docker, GitHub Actions, Time Management, Adaptability",12,"{""React"": 5, ""Express.js"": 4, ""CSS3"": 5, ""JavaScript"": 4, ""REST APIs"": 5, ""Next.js"": 2, ""MongoDB"": 4, ""VS Code"": 2, ""Docker"": 4, ""GitHub Actions"": 3, ""Time Management"": 3, ""Adaptability"": 4}",JavaScript Certified Associate,"M.S. in Artificial Intelligence candidate at Stanford University passionate about full stack web development. Proficient in React, Express.js, CSS3, JavaScript, REST APIs, Next.js with hands-on academic and project experience. Seeking a Backend Developer internship."
INT-1216,Benjamin Brown,benjamin.brown13@example.edu,Stanford University,M.S. in Artificial Intelligence,2026,Data Engineering & Big Data,Big Data Developer,2.0,"SQL, Relational Databases, ETL, Python, Databricks, Redshift, Kafka Connect, Time Management, Agile & Scrum, Communication, Docker",11,"{""SQL"": 4, ""Relational Databases"": 5, ""ETL"": 4, ""Python"": 3, ""Databricks"": 3, ""Redshift"": 2, ""Kafka Connect"": 2, ""Time Management"": 3, ""Agile & Scrum"": 3, ""Communication"": 3, ""Docker"": 4}","Relational Databases Certified Associate, ETL Certified Associate","M.S. in Artificial Intelligence candidate at Stanford University passionate about data engineering & big data. Proficient in SQL, Relational Databases, ETL, Python, Databricks, Redshift with hands-on academic and project experience. Seeking a Big Data Developer internship."
INT-1217,Rohan Hill,rohan.hill19@example.edu,IIT Bombay,B.S. in Electrical & Computer Engineering,2025,Business Intelligence & Analytics,Business Intelligence Analyst,1.0,"SQL, Data Visualization, Exploratory Data Analysis, Power BI, Statistics, Tableau, Predictive Analytics, Metabase, Technical Writing, Adaptability, Git, Docker",12,"{""SQL"": 3, ""Data Visualization"": 4, ""Exploratory Data Analysis"": 3, ""Power BI"": 3, ""Statistics"": 4, ""Tableau"": 4, ""Predictive Analytics"": 3, ""Metabase"": 2, ""Technical Writing"": 3, ""Adaptability"": 3, ""Git"": 4, ""Docker"": 3}",SQL Certified Associate,"B.S. in Electrical & Computer Engineering candidate at IIT Bombay passionate about business intelligence & analytics. Proficient in SQL, Data Visualization, Exploratory Data Analysis, Power BI, Statistics, Tableau with hands-on academic and project experience. Seeking a Business Intelligence Analyst internship."
INT-1218,Ibrahim Martinez,ibrahim.martinez35@example.edu,National University of Singapore,B.S. in Information Systems,2024,Business Intelligence & Analytics,Data Analyst,2.0,"Statistics, Tableau, Business Metrics, Exploratory Data Analysis, Excel & Spreadsheets, Predictive Analytics, Power BI Service, Presentation Skills, Code Documentation, Adaptability, Git, Python",12,"{""Statistics"": 3, ""Tableau"": 5, ""Business Metrics"": 4, ""Exploratory Data Analysis"": 3, ""Excel & Spreadsheets"": 4, ""Predictive Analytics"": 4, ""Power BI Service"": 3, ""Presentation Skills"": 4, ""Code Documentation"": 4, ""Adaptability"": 3, ""Git"": 3, ""Python"": 3}","Business Metrics Certified Associate, Exploratory Data Analysis Certified Associate","B.S. in Information Systems candidate at National University of Singapore passionate about business intelligence & analytics. Proficient in Statistics, Tableau, Business Metrics, Exploratory Data Analysis, Excel & Spreadsheets, Predictive Analytics with hands-on academic and project experience. Seeking a Data Analyst internship."
INT-1219,Tariq Williams,tariq.williams59@example.edu,University of Illinois Urbana-Champaign,B.S. in Information Systems,2026,Data Engineering & Big Data,Big Data Developer,0.5,"SQL, Relational Databases, Data Warehousing, PySpark, BigQuery, Kafka Connect, Tableau, Databricks, Communication, Presentation Skills, Problem Solving",11,"{""SQL"": 5, ""Relational Databases"": 3, ""Data Warehousing"": 3, ""PySpark"": 4, ""BigQuery"": 3, ""Kafka Connect"": 4, ""Tableau"": 3, ""Databricks"": 4, ""Communication"": 4, ""Presentation Skills"": 3, ""Problem Solving"": 3}",Problem Solving Certified Associate,"B.S. in Information Systems candidate at University of Illinois Urbana-Champaign passionate about data engineering & big data. Proficient in SQL, Relational Databases, Data Warehousing, PySpark, BigQuery, Kafka Connect with hands-on academic and project experience. Seeking a Big Data Developer internship."
INT-1220,Rahul Jones,rahul.jones63@example.edu,University of Michigan,B.S. in Information Systems,2025,AI & Machine Learning,Machine Learning Engineer,1.0,"Pandas, Statistics, Python, Data Analysis, Deep Learning, scikit-learn, AWS SageMaker, Weights & Biases, MLflow, Critical Thinking, Time Management, Docker",12,"{""Pandas"": 3, ""Statistics"": 4, ""Python"": 3, ""Data Analysis"": 4, ""Deep Learning"": 5, ""scikit-learn"": 4, ""AWS SageMaker"": 2, ""Weights & Biases"": 2, ""MLflow"": 2, ""Critical Thinking"": 4, ""Time Management"": 3, ""Docker"": 3}","Python Certified Associate, Deep Learning Certified Associate","B.S. in Information Systems candidate at University of Michigan passionate about ai & machine learning. Proficient in Pandas, Statistics, Python, Data Analysis, Deep Learning, scikit-learn with hands-on academic and project experience. Seeking a Machine Learning Engineer internship."
INT-1221,Elena Campbell,elena.campbell84@example.edu,IIT Delhi,M.S. in Artificial Intelligence,2026,Cloud Architecture & DevOps,Site Reliability Engineer (SRE),0.0,"CI/CD, Docker, Git, Kubernetes, Azure, Infrastructure as Code, GCP, Terraform Cloud, ELK Stack, GitLab CI, Time Management, Adaptability, Python",13,"{""CI/CD"": 4, ""Docker"": 3, ""Git"": 3, ""Kubernetes"": 5, ""Azure"": 2, ""Infrastructure as Code"": 3, ""GCP"": 2, ""Terraform Cloud"": 4, ""ELK Stack"": 2, ""GitLab CI"": 3, ""Time Management"": 4, ""Adaptability"": 3, ""Python"": 4}","CI/CD Certified Associate, Docker Certified Associate","M.S. in Artificial Intelligence candidate at IIT Delhi passionate about cloud architecture & devops. Proficient in CI/CD, Docker, Git, Kubernetes, Azure, Infrastructure as Code with hands-on academic and project experience. Seeking a Site Reliability Engineer (SRE) internship."
INT-1222,Samantha Hernandez,samantha.hernandez61@example.edu,UC Berkeley,B.S. in Electrical & Computer Engineering,2025,Embedded Systems & IoT,Robotics Software Intern,1.5,"C++, Electronics Fundamentals, RTOS, C, Embedded Linux, PCB Basics, PlatformIO, Oscilloscope, Keil uVision, Team Collaboration, Problem Solving, Technical Writing, Docker",13,"{""C++"": 3, ""Electronics Fundamentals"": 4, ""RTOS"": 5, ""C"": 4, ""Embedded Linux"": 3, ""PCB Basics"": 4, ""PlatformIO"": 4, ""Oscilloscope"": 3, ""Keil uVision"": 4, ""Team Collaboration"": 4, ""Problem Solving"": 3, ""Technical Writing"": 4, ""Docker"": 4}","Electronics Fundamentals Certified Associate, Embedded Linux Certified Associate","B.S. in Electrical & Computer Engineering candidate at UC Berkeley passionate about embedded systems & iot. Proficient in C++, Electronics Fundamentals, RTOS, C, Embedded Linux, PCB Basics with hands-on academic and project experience. Seeking a Robotics Software Intern internship."
INT-1223,Daniel Johnson,daniel.johnson14@example.edu,University of Texas at Austin,B.S. in Information Systems,2024,Full Stack Web Development,Frontend Engineer,2.0,"Express.js, Git, SQL, GraphQL, Tailwind CSS, Vite, Technical Writing, Communication, Agile & Scrum, Python, Docker",11,"{""Express.js"": 4, ""Git"": 3, ""SQL"": 3, ""GraphQL"": 3, ""Tailwind CSS"": 4, ""Vite"": 4, ""Technical Writing"": 4, ""Communication"": 3, ""Agile & Scrum"": 3, ""Python"": 4, ""Docker"": 3}","Express.js Certified Associate, Technical Writing Certified Associate","B.S. in Information Systems candidate at University of Texas at Austin passionate about full stack web development. Proficient in Express.js, Git, SQL, GraphQL, Tailwind CSS, Vite with hands-on academic and project experience. Seeking a Frontend Engineer internship."
INT-1224,Kavya Lewis,kavya.lewis84@example.edu,BITS Pilani,B.S. in Computer Science,2024,AI & Machine Learning,Computer Vision Engineer,1.5,"Mathematics, PyTorch, TensorFlow, Git, Agile & Scrum, Critical Thinking, Adaptability",7,"{""Mathematics"": 4, ""PyTorch"": 4, ""TensorFlow"": 5, ""Git"": 3, ""Agile & Scrum"": 4, ""Critical Thinking"": 4, ""Adaptability"": 3}",None,"B.S. in Computer Science candidate at BITS Pilani passionate about ai & machine learning. Proficient in Mathematics, PyTorch, TensorFlow, Git, Agile & Scrum, Critical Thinking with hands-on academic and project experience. Seeking a Computer Vision Engineer internship."
INT-1225,Isabella Adams,isabella.adams76@example.edu,Georgia Tech,B.S. in Computer Science,2025,Embedded Systems & IoT,Embedded Software Engineer,0.5,"RTOS, Embedded C, UART/SPI/I2C Protocols, Electronics Fundamentals, Hardware Debugging, Embedded Linux, Keil uVision, ESP32, Code Documentation",9,"{""RTOS"": 5, ""Embedded C"": 4, ""UART/SPI/I2C Protocols"": 4, ""Electronics Fundamentals"": 4, ""Hardware Debugging"": 3, ""Embedded Linux"": 4, ""Keil uVision"": 4, ""ESP32"": 3, ""Code Documentation"": 4}",Embedded C Certified Associate,"B.S. in Computer Science candidate at Georgia Tech passionate about embedded systems & iot. Proficient in RTOS, Embedded C, UART/SPI/I2C Protocols, Electronics Fundamentals, Hardware Debugging, Embedded Linux with hands-on academic and project experience. Seeking a Embedded Software Engineer internship."
INT-1226,Aarav Robinson,aarav.robinson97@example.edu,IIT Delhi,B.S. in Data Science,2026,Mobile Application Development,Mobile App Developer,0.5,"React Native, Flutter, REST APIs, Kotlin, Dart, Performance Optimization, Android Studio, Xcode, Team Collaboration, Critical Thinking, Git, Python",12,"{""React Native"": 3, ""Flutter"": 3, ""REST APIs"": 4, ""Kotlin"": 4, ""Dart"": 4, ""Performance Optimization"": 3, ""Android Studio"": 4, ""Xcode"": 4, ""Team Collaboration"": 3, ""Critical Thinking"": 3, ""Git"": 4, ""Python"": 3}","Flutter Certified Associate, Kotlin Certified Associate","B.S. in Data Science candidate at IIT Delhi passionate about mobile application development. Proficient in React Native, Flutter, REST APIs, Kotlin, Dart, Performance Optimization with hands-on academic and project experience. Seeking a Mobile App Developer internship."
INT-1227,Yuki Moore,yuki.moore32@example.edu,University of Toronto,M.S. in Artificial Intelligence,2026,Mobile Application Development,iOS Engineer,0.5,"State Management, Swift, Kotlin, REST APIs, Jetpack Compose, CoreData, Gradle, Adaptability, Agile & Scrum, Git",10,"{""State Management"": 4, ""Swift"": 5, ""Kotlin"": 4, ""REST APIs"": 4, ""Jetpack Compose"": 4, ""CoreData"": 3, ""Gradle"": 3, ""Adaptability"": 4, ""Agile & Scrum"": 4, ""Git"": 4}","Kotlin Certified Associate, Jetpack Compose Certified Associate","M.S. in Artificial Intelligence candidate at University of Toronto passionate about mobile application development. Proficient in State Management, Swift, Kotlin, REST APIs, Jetpack Compose, CoreData with hands-on academic and project experience. Seeking a iOS Engineer internship."
INT-1228,Siddharth White,siddharth.white26@example.edu,Stanford University,M.S. in Artificial Intelligence,2025,Mobile Application Development,Mobile App Developer,2.0,"React Native, Flutter, Kotlin, State Management, Dart, REST APIs, Gradle, Time Management, Python",9,"{""React Native"": 3, ""Flutter"": 4, ""Kotlin"": 4, ""State Management"": 5, ""Dart"": 4, ""REST APIs"": 4, ""Gradle"": 4, ""Time Management"": 3, ""Python"": 4}","REST APIs Certified Associate, Gradle Certified Associate","M.S. in Artificial Intelligence candidate at Stanford University passionate about mobile application development. Proficient in React Native, Flutter, Kotlin, State Management, Dart, REST APIs with hands-on academic and project experience. Seeking a Mobile App Developer internship."
INT-1229,Gabriel Jones,gabriel.jones70@example.edu,ETH Zurich,B.S. in Computer Science,2025,Full Stack Web Development,Frontend Engineer,1.5,"REST APIs, HTML5, CSS3, Redis, Vite, Presentation Skills, Technical Writing",7,"{""REST APIs"": 3, ""HTML5"": 4, ""CSS3"": 4, ""Redis"": 4, ""Vite"": 4, ""Presentation Skills"": 3, ""Technical Writing"": 3}","CSS3 Certified Associate, Presentation Skills Certified Associate","B.S. in Computer Science candidate at ETH Zurich passionate about full stack web development. Proficient in REST APIs, HTML5, CSS3, Redis, Vite, Presentation Skills with hands-on academic and project experience. Seeking a Frontend Engineer internship."
INT-1230,Isabella White,isabella.white59@example.edu,IIT Delhi,B.S. in Software Engineering,2025,Data Engineering & Big Data,Data Pipeline Intern,1.5,"SQL, Relational Databases, ETL, Python, PostgreSQL, Docker, Presentation Skills, Technical Writing, Git",9,"{""SQL"": 5, ""Relational Databases"": 5, ""ETL"": 4, ""Python"": 3, ""PostgreSQL"": 2, ""Docker"": 3, ""Presentation Skills"": 3, ""Technical Writing"": 4, ""Git"": 4}","Relational Databases Certified Associate, ETL Certified Associate","B.S. in Software Engineering candidate at IIT Delhi passionate about data engineering & big data. Proficient in SQL, Relational Databases, ETL, Python, PostgreSQL, Docker with hands-on academic and project experience. Seeking a Data Pipeline Intern internship."
INT-1231,Ananya Flores,ananya.flores71@example.edu,BITS Pilani,M.S. in Artificial Intelligence,2026,Mobile Application Development,Android Developer,0.5,"Mobile UI Design, REST APIs, Dart, Git, State Management, CoreData, Postman, Android Studio, Figma, Critical Thinking, Technical Writing",11,"{""Mobile UI Design"": 4, ""REST APIs"": 3, ""Dart"": 4, ""Git"": 5, ""State Management"": 5, ""CoreData"": 2, ""Postman"": 2, ""Android Studio"": 4, ""Figma"": 3, ""Critical Thinking"": 3, ""Technical Writing"": 3}",REST APIs Certified Associate,"M.S. in Artificial Intelligence candidate at BITS Pilani passionate about mobile application development. Proficient in Mobile UI Design, REST APIs, Dart, Git, State Management, CoreData with hands-on academic and project experience. Seeking a Android Developer internship."
INT-1232,Ibrahim Robinson,ibrahim.robinson66@example.edu,University of Texas at Austin,B.S. in Information Systems,2024,Cybersecurity & Network Defense,Security Engineer,0.5,"Network Security, Firewalls, TCP/IP, Security Fundamentals, Linux, Vulnerability Assessment, Incident Response, Wireshark, Time Management, Code Documentation, Critical Thinking, Git",12,"{""Network Security"": 5, ""Firewalls"": 4, ""TCP/IP"": 4, ""Security Fundamentals"": 5, ""Linux"": 4, ""Vulnerability Assessment"": 4, ""Incident Response"": 3, ""Wireshark"": 2, ""Time Management"": 4, ""Code Documentation"": 4, ""Critical Thinking"": 4, ""Git"": 3}","Firewalls Certified Associate, Security Fundamentals Certified Associate","B.S. in Information Systems candidate at University of Texas at Austin passionate about cybersecurity & network defense. Proficient in Network Security, Firewalls, TCP/IP, Security Fundamentals, Linux, Vulnerability Assessment with hands-on academic and project experience. Seeking a Security Engineer internship."
INT-1233,Emily Taylor,emily.taylor19@example.edu,ETH Zurich,B.S. in Electrical & Computer Engineering,2026,Data Engineering & Big Data,Data Engineer,2.0,"SQL, Relational Databases, ETL, Data Pipelines, Python, Apache Spark, Hadoop, Snowflake, PostgreSQL, AWS S3, Databricks, Problem Solving, Git",13,"{""SQL"": 3, ""Relational Databases"": 4, ""ETL"": 5, ""Data Pipelines"": 3, ""Python"": 3, ""Apache Spark"": 3, ""Hadoop"": 2, ""Snowflake"": 4, ""PostgreSQL"": 4, ""AWS S3"": 4, ""Databricks"": 4, ""Problem Solving"": 3, ""Git"": 4}","ETL Certified Associate, Data Pipelines Certified Associate","B.S. in Electrical & Computer Engineering candidate at ETH Zurich passionate about data engineering & big data. Proficient in SQL, Relational Databases, ETL, Data Pipelines, Python, Apache Spark with hands-on academic and project experience. Seeking a Data Engineer internship."
INT-1234,Yuki Thompson,yuki.thompson97@example.edu,Technical University of Munich,B.S. in Computer Science,2025,Cybersecurity & Network Defense,Information Security Intern,0.0,"TCP/IP, Firewalls, Cryptography, Vulnerability Assessment, Linux, Network Security, Identity & Access Management (IAM), Penetration Testing, Ethical Hacking, Kali Linux, Metasploit, Burp Suite, Time Management, Git, Python, Docker",16,"{""TCP/IP"": 3, ""Firewalls"": 4, ""Cryptography"": 5, ""Vulnerability Assessment"": 3, ""Linux"": 3, ""Network Security"": 4, ""Identity & Access Management (IAM)"": 2, ""Penetration Testing"": 2, ""Ethical Hacking"": 2, ""Kali Linux"": 2, ""Metasploit"": 3, ""Burp Suite"": 2, ""Time Management"": 4, ""Git"": 3, ""Python"": 4, ""Docker"": 4}","Vulnerability Assessment Certified Associate, Penetration Testing Certified Associate","B.S. in Computer Science candidate at Technical University of Munich passionate about cybersecurity & network defense. Proficient in TCP/IP, Firewalls, Cryptography, Vulnerability Assessment, Linux, Network Security with hands-on academic and project experience. Seeking a Information Security Intern internship."
INT-1235,Jack Flores,jack.flores41@example.edu,University of Toronto,B.S. in Information Systems,2026,Data Engineering & Big Data,Analytics Engineer,2.0,"Linux, Data Pipelines, Python, Redshift, AWS S3, Adaptability, Communication, Git, Docker",9,"{""Linux"": 4, ""Data Pipelines"": 3, ""Python"": 4, ""Redshift"": 4, ""AWS S3"": 3, ""Adaptability"": 4, ""Communication"": 3, ""Git"": 3, ""Docker"": 4}","Adaptability Certified Associate, Docker Certified Associate","B.S. in Information Systems candidate at University of Toronto passionate about data engineering & big data. Proficient in Linux, Data Pipelines, Python, Redshift, AWS S3, Adaptability with hands-on academic and project experience. Seeking a Analytics Engineer internship."
INT-1236,Olivia Smith,olivia.smith38@example.edu,National University of Singapore,B.S. in Electrical & Computer Engineering,2024,Business Intelligence & Analytics,BI Developer,1.5,"Exploratory Data Analysis, SQL, Power BI, Predictive Analytics, Google Analytics 4, SQL Server, Presentation Skills, Communication, Problem Solving, Git",10,"{""Exploratory Data Analysis"": 5, ""SQL"": 3, ""Power BI"": 3, ""Predictive Analytics"": 4, ""Google Analytics 4"": 3, ""SQL Server"": 4, ""Presentation Skills"": 4, ""Communication"": 4, ""Problem Solving"": 4, ""Git"": 3}",Predictive Analytics Certified Associate,"B.S. in Electrical & Computer Engineering candidate at National University of Singapore passionate about business intelligence & analytics. Proficient in Exploratory Data Analysis, SQL, Power BI, Predictive Analytics, Google Analytics 4, SQL Server with hands-on academic and project experience. Seeking a BI Developer internship."
INT-1237,Vikram White,vikram.white14@example.edu,Imperial College London,B.S. in Information Systems,2025,Mobile Application Development,iOS Engineer,1.0,"Mobile UI Design, React Native, REST APIs, Firebase, Postman, Technical Writing, Problem Solving, Presentation Skills, Git, Python",10,"{""Mobile UI Design"": 4, ""React Native"": 5, ""REST APIs"": 3, ""Firebase"": 4, ""Postman"": 2, ""Technical Writing"": 4, ""Problem Solving"": 4, ""Presentation Skills"": 3, ""Git"": 4, ""Python"": 3}","Postman Certified Associate, Technical Writing Certified Associate","B.S. in Information Systems candidate at Imperial College London passionate about mobile application development. Proficient in Mobile UI Design, React Native, REST APIs, Firebase, Postman, Technical Writing with hands-on academic and project experience. Seeking a iOS Engineer internship."
INT-1238,Samantha Clark,samantha.clark84@example.edu,MIT,M.S. in Computer Science,2026,Cloud Architecture & DevOps,DevOps Intern,0.5,"Git, CI/CD, Cloud Computing, Terraform, Azure, ELK Stack, GitLab CI, Critical Thinking, Python, Docker",10,"{""Git"": 4, ""CI/CD"": 4, ""Cloud Computing"": 4, ""Terraform"": 4, ""Azure"": 2, ""ELK Stack"": 4, ""GitLab CI"": 3, ""Critical Thinking"": 4, ""Python"": 3, ""Docker"": 3}","Python Certified Associate, Docker Certified Associate","M.S. in Computer Science candidate at MIT passionate about cloud architecture & devops. Proficient in Git, CI/CD, Cloud Computing, Terraform, Azure, ELK Stack with hands-on academic and project experience. Seeking a DevOps Intern internship."
INT-1239,Aditi Jones,aditi.jones87@example.edu,University of Toronto,B.S. in Electrical & Computer Engineering,2026,Cloud Architecture & DevOps,Platform Engineer,2.0,"Linux, Git, Networking Basics, Bash Scripting, Kubernetes, Infrastructure as Code, Jenkins, Nginx, Presentation Skills, Adaptability, Code Documentation, Python",12,"{""Linux"": 3, ""Git"": 5, ""Networking Basics"": 5, ""Bash Scripting"": 4, ""Kubernetes"": 4, ""Infrastructure as Code"": 3, ""Jenkins"": 4, ""Nginx"": 3, ""Presentation Skills"": 3, ""Adaptability"": 4, ""Code Documentation"": 3, ""Python"": 4}","Linux Certified Associate, Nginx Certified Associate","B.S. in Electrical & Computer Engineering candidate at University of Toronto passionate about cloud architecture & devops. Proficient in Linux, Git, Networking Basics, Bash Scripting, Kubernetes, Infrastructure as Code with hands-on academic and project experience. Seeking a Platform Engineer internship."
INT-1240,Michael Gonzalez,michael.gonzalez82@example.edu,Technical University of Munich,B.S. in Data Science,2024,Cybersecurity & Network Defense,Penetration Tester,1.5,"Firewalls, Network Security, TCP/IP, Cryptography, Cloud Security, Ethical Hacking, Metasploit, Nmap, Technical Writing, Communication, Docker",11,"{""Firewalls"": 3, ""Network Security"": 5, ""TCP/IP"": 4, ""Cryptography"": 5, ""Cloud Security"": 2, ""Ethical Hacking"": 3, ""Metasploit"": 2, ""Nmap"": 3, ""Technical Writing"": 3, ""Communication"": 3, ""Docker"": 3}","Firewalls Certified Associate, Technical Writing Certified Associate","B.S. in Data Science candidate at Technical University of Munich passionate about cybersecurity & network defense. Proficient in Firewalls, Network Security, TCP/IP, Cryptography, Cloud Security, Ethical Hacking with hands-on academic and project experience. Seeking a Penetration Tester internship."
INT-1241,Alexander Williams,alexander.williams55@example.edu,IIT Bombay,M.S. in Data Analytics,2026,Full Stack Web Development,Web Application Intern,1.5,"HTML5, Git, TypeScript, REST APIs, JavaScript, React, WebSockets, PostgreSQL, GitHub Actions, Jest, Technical Writing, Agile & Scrum, Team Collaboration, Python, Docker",15,"{""HTML5"": 4, ""Git"": 3, ""TypeScript"": 5, ""REST APIs"": 4, ""JavaScript"": 4, ""React"": 5, ""WebSockets"": 3, ""PostgreSQL"": 3, ""GitHub Actions"": 2, ""Jest"": 2, ""Technical Writing"": 3, ""Agile & Scrum"": 4, ""Team Collaboration"": 4, ""Python"": 4, ""Docker"": 3}","Git Certified Associate, JavaScript Certified Associate","M.S. in Data Analytics candidate at IIT Bombay passionate about full stack web development. Proficient in HTML5, Git, TypeScript, REST APIs, JavaScript, React with hands-on academic and project experience. Seeking a Web Application Intern internship."
INT-1242,Yuki Smith,yuki.smith79@example.edu,Stanford University,B.S. in Electrical & Computer Engineering,2025,Cloud Architecture & DevOps,DevOps Engineer,0.0,"Networking Basics, Git, Kubernetes, CI/CD, Bash Scripting, Prometheus, Terraform Cloud, GitLab CI, Critical Thinking, Technical Writing, Code Documentation, Python, Docker",13,"{""Networking Basics"": 4, ""Git"": 3, ""Kubernetes"": 4, ""CI/CD"": 3, ""Bash Scripting"": 4, ""Prometheus"": 2, ""Terraform Cloud"": 3, ""GitLab CI"": 2, ""Critical Thinking"": 4, ""Technical Writing"": 4, ""Code Documentation"": 4, ""Python"": 3, ""Docker"": 4}","Git Certified Associate, Kubernetes Certified Associate","B.S. in Electrical & Computer Engineering candidate at Stanford University passionate about cloud architecture & devops. Proficient in Networking Basics, Git, Kubernetes, CI/CD, Bash Scripting, Prometheus with hands-on academic and project experience. Seeking a DevOps Engineer internship."
INT-1243,Fatima Anderson,fatima.anderson70@example.edu,BITS Pilani,B.S. in Data Science,2024,Cybersecurity & Network Defense,Threat Intelligence Analyst,1.5,"Linux, Vulnerability Assessment, Firewalls, Security Fundamentals, Network Security, Cloud Security, Burp Suite, Technical Writing, Adaptability, Communication, Python",11,"{""Linux"": 5, ""Vulnerability Assessment"": 4, ""Firewalls"": 4, ""Security Fundamentals"": 5, ""Network Security"": 4, ""Cloud Security"": 3, ""Burp Suite"": 2, ""Technical Writing"": 4, ""Adaptability"": 4, ""Communication"": 4, ""Python"": 4}","Security Fundamentals Certified Associate, Communication Certified Associate","B.S. in Data Science candidate at BITS Pilani passionate about cybersecurity & network defense. Proficient in Linux, Vulnerability Assessment, Firewalls, Security Fundamentals, Network Security, Cloud Security with hands-on academic and project experience. Seeking a Threat Intelligence Analyst internship."
INT-1244,Jasmine Green,jasmine.green24@example.edu,National University of Singapore,M.S. in Computer Science,2026,Cloud Architecture & DevOps,Cloud Security Engineer,0.5,"Kubernetes, Linux, Docker, Git, Bash Scripting, Cloud Computing, Terraform, Grafana, Ansible, Terraform Cloud, ELK Stack, ArgoCD, Code Documentation, Presentation Skills",14,"{""Kubernetes"": 3, ""Linux"": 4, ""Docker"": 5, ""Git"": 4, ""Bash Scripting"": 4, ""Cloud Computing"": 3, ""Terraform"": 3, ""Grafana"": 4, ""Ansible"": 4, ""Terraform Cloud"": 2, ""ELK Stack"": 4, ""ArgoCD"": 2, ""Code Documentation"": 3, ""Presentation Skills"": 3}","Bash Scripting Certified Associate, Grafana Certified Associate","M.S. in Computer Science candidate at National University of Singapore passionate about cloud architecture & devops. Proficient in Kubernetes, Linux, Docker, Git, Bash Scripting, Cloud Computing with hands-on academic and project experience. Seeking a Cloud Security Engineer internship."
INT-1245,Fatima Rodriguez,fatima.rodriguez78@example.edu,University of Texas at Austin,M.S. in Artificial Intelligence,2025,Data Engineering & Big Data,Analytics Engineer,0.5,"ETL, Python, Git, Data Warehousing, Relational Databases, BigQuery, PySpark, MinIO, Docker, Agile & Scrum",10,"{""ETL"": 4, ""Python"": 3, ""Git"": 4, ""Data Warehousing"": 3, ""Relational Databases"": 5, ""BigQuery"": 4, ""PySpark"": 3, ""MinIO"": 4, ""Docker"": 3, ""Agile & Scrum"": 3}","ETL Certified Associate, Relational Databases Certified Associate","M.S. in Artificial Intelligence candidate at University of Texas at Austin passionate about data engineering & big data. Proficient in ETL, Python, Git, Data Warehousing, Relational Databases, BigQuery with hands-on academic and project experience. Seeking a Analytics Engineer internship."
INT-1246,Yuki Moore,yuki.moore51@example.edu,ETH Zurich,M.S. in Artificial Intelligence,2026,Business Intelligence & Analytics,Data Analyst,0.0,"Data Visualization, Excel & Spreadsheets, Exploratory Data Analysis, Power BI, Tableau, Google Analytics 4, Cohort Analysis, Mixpanel, Tableau Desktop, Communication",10,"{""Data Visualization"": 4, ""Excel & Spreadsheets"": 5, ""Exploratory Data Analysis"": 3, ""Power BI"": 5, ""Tableau"": 5, ""Google Analytics 4"": 3, ""Cohort Analysis"": 2, ""Mixpanel"": 3, ""Tableau Desktop"": 2, ""Communication"": 3}","Excel & Spreadsheets Certified Associate, Tableau Desktop Certified Associate","M.S. in Artificial Intelligence candidate at ETH Zurich passionate about business intelligence & analytics. Proficient in Data Visualization, Excel & Spreadsheets, Exploratory Data Analysis, Power BI, Tableau, Google Analytics 4 with hands-on academic and project experience. Seeking a Data Analyst internship."
INT-1247,Hannah Brown,hannah.brown28@example.edu,BITS Pilani,M.S. in Artificial Intelligence,2026,Embedded Systems & IoT,Robotics Software Intern,2.0,"Linux, Microcontrollers, UART/SPI/I2C Protocols, Electronics Fundamentals, STM32CubeIDE, PlatformIO, Time Management, Code Documentation, Python, Docker",10,"{""Linux"": 5, ""Microcontrollers"": 5, ""UART/SPI/I2C Protocols"": 4, ""Electronics Fundamentals"": 4, ""STM32CubeIDE"": 3, ""PlatformIO"": 3, ""Time Management"": 4, ""Code Documentation"": 3, ""Python"": 3, ""Docker"": 4}","Electronics Fundamentals Certified Associate, PlatformIO Certified Associate","M.S. in Artificial Intelligence candidate at BITS Pilani passionate about embedded systems & iot. Proficient in Linux, Microcontrollers, UART/SPI/I2C Protocols, Electronics Fundamentals, STM32CubeIDE, PlatformIO with hands-on academic and project experience. Seeking a Robotics Software Intern internship."
INT-1248,Sara Robinson,sara.robinson27@example.edu,National University of Singapore,M.S. in Artificial Intelligence,2024,Cloud Architecture & DevOps,DevOps Intern,1.0,"CI/CD, Cloud Computing, Docker, Service Mesh, Ansible, AWS, ArgoCD, Nginx, Adaptability, Communication, Time Management, Git, Python",13,"{""CI/CD"": 4, ""Cloud Computing"": 4, ""Docker"": 4, ""Service Mesh"": 4, ""Ansible"": 2, ""AWS"": 3, ""ArgoCD"": 3, ""Nginx"": 2, ""Adaptability"": 3, ""Communication"": 4, ""Time Management"": 3, ""Git"": 3, ""Python"": 4}","Cloud Computing Certified Associate, Docker Certified Associate","M.S. in Artificial Intelligence candidate at National University of Singapore passionate about cloud architecture & devops. Proficient in CI/CD, Cloud Computing, Docker, Service Mesh, Ansible, AWS with hands-on academic and project experience. Seeking a DevOps Intern internship."
INT-1249,William Hall,william.hall49@example.edu,National University of Singapore,M.S. in Computer Science,2025,Mobile Application Development,Android Developer,2.0,"Flutter, Swift, Kotlin, State Management, Fastlane, Gradle, Android Studio, Agile & Scrum",8,"{""Flutter"": 4, ""Swift"": 4, ""Kotlin"": 5, ""State Management"": 4, ""Fastlane"": 2, ""Gradle"": 2, ""Android Studio"": 2, ""Agile & Scrum"": 3}","Flutter Certified Associate, Kotlin Certified Associate","M.S. in Computer Science candidate at National University of Singapore passionate about mobile application development. Proficient in Flutter, Swift, Kotlin, State Management, Fastlane, Gradle with hands-on academic and project experience. Seeking a Android Developer internship."
INT-1250,Lars Lewis,lars.lewis51@example.edu,ETH Zurich,B.S. in Information Systems,2024,Embedded Systems & IoT,Hardware/Software Integrator,0.5,"Electronics Fundamentals, Microcontrollers, Linux, Embedded C, UART/SPI/I2C Protocols, RTOS, Embedded Linux, Device Drivers, PCB Basics, STM32CubeIDE, Raspberry Pi, Team Collaboration, Agile & Scrum, Code Documentation, Git",15,"{""Electronics Fundamentals"": 3, ""Microcontrollers"": 5, ""Linux"": 4, ""Embedded C"": 4, ""UART/SPI/I2C Protocols"": 3, ""RTOS"": 4, ""Embedded Linux"": 4, ""Device Drivers"": 3, ""PCB Basics"": 4, ""STM32CubeIDE"": 2, ""Raspberry Pi"": 4, ""Team Collaboration"": 3, ""Agile & Scrum"": 4, ""Code Documentation"": 4, ""Git"": 3}","Linux Certified Associate, UART/SPI/I2C Protocols Certified Associate","B.S. in Information Systems candidate at ETH Zurich passionate about embedded systems & iot. Proficient in Electronics Fundamentals, Microcontrollers, Linux, Embedded C, UART/SPI/I2C Protocols, RTOS with hands-on academic and project experience. Seeking a Hardware/Software Integrator internship."
INT-1251,Carlos Johnson,carlos.johnson83@example.edu,BITS Pilani,B.S. in Computer Science,2026,Mobile Application Development,iOS Engineer,1.5,"State Management, Flutter, Dart, Kotlin, REST APIs, Git, CoreData, Firebase, Android Studio, Code Documentation, Critical Thinking, Problem Solving",12,"{""State Management"": 4, ""Flutter"": 4, ""Dart"": 3, ""Kotlin"": 4, ""REST APIs"": 4, ""Git"": 4, ""CoreData"": 3, ""Firebase"": 4, ""Android Studio"": 2, ""Code Documentation"": 4, ""Critical Thinking"": 4, ""Problem Solving"": 3}","State Management Certified Associate, REST APIs Certified Associate","B.S. in Computer Science candidate at BITS Pilani passionate about mobile application development. Proficient in State Management, Flutter, Dart, Kotlin, REST APIs, Git with hands-on academic and project experience. Seeking a iOS Engineer internship."
INT-1252,Isabella King,isabella.king54@example.edu,University of Toronto,B.S. in Software Engineering,2025,AI & Machine Learning,AI Research Intern,2.0,"Machine Learning, Deep Learning, Mathematics, Hugging Face, NLP, Computer Vision, Jupyter, Agile & Scrum, Python",9,"{""Machine Learning"": 3, ""Deep Learning"": 4, ""Mathematics"": 4, ""Hugging Face"": 3, ""NLP"": 3, ""Computer Vision"": 3, ""Jupyter"": 2, ""Agile & Scrum"": 4, ""Python"": 4}","Machine Learning Certified Associate, Deep Learning Certified Associate","B.S. in Software Engineering candidate at University of Toronto passionate about ai & machine learning. Proficient in Machine Learning, Deep Learning, Mathematics, Hugging Face, NLP, Computer Vision with hands-on academic and project experience. Seeking a AI Research Intern internship."
INT-1253,Rohan Lee,rohan.lee84@example.edu,Imperial College London,M.S. in Computer Science,2026,Mobile Application Development,Mobile App Developer,2.0,"REST APIs, Kotlin, React Native, State Management, Flutter, Swift, App Store Deployment, Fastlane, Communication, Time Management, Team Collaboration, Git, Docker",13,"{""REST APIs"": 5, ""Kotlin"": 4, ""React Native"": 3, ""State Management"": 3, ""Flutter"": 4, ""Swift"": 5, ""App Store Deployment"": 3, ""Fastlane"": 3, ""Communication"": 4, ""Time Management"": 4, ""Team Collaboration"": 4, ""Git"": 3, ""Docker"": 4}","State Management Certified Associate, Fastlane Certified Associate","M.S. in Computer Science candidate at Imperial College London passionate about mobile application development. Proficient in REST APIs, Kotlin, React Native, State Management, Flutter, Swift with hands-on academic and project experience. Seeking a Mobile App Developer internship."
INT-1254,Vikram Nelson,vikram.nelson65@example.edu,BITS Pilani,M.S. in Artificial Intelligence,2024,Embedded Systems & IoT,Robotics Software Intern,1.0,"Linux, Microcontrollers, C, C++, UART/SPI/I2C Protocols, ARM Architecture, MQTT, Logic Analyzer, ESP32, Code Documentation, Problem Solving, Agile & Scrum, Git",13,"{""Linux"": 4, ""Microcontrollers"": 4, ""C"": 4, ""C++"": 4, ""UART/SPI/I2C Protocols"": 3, ""ARM Architecture"": 2, ""MQTT"": 3, ""Logic Analyzer"": 2, ""ESP32"": 3, ""Code Documentation"": 4, ""Problem Solving"": 4, ""Agile & Scrum"": 3, ""Git"": 4}","Linux Certified Associate, Microcontrollers Certified Associate","M.S. in Artificial Intelligence candidate at BITS Pilani passionate about embedded systems & iot. Proficient in Linux, Microcontrollers, C, C++, UART/SPI/I2C Protocols, ARM Architecture with hands-on academic and project experience. Seeking a Robotics Software Intern internship."
INT-1255,Rahul King,rahul.king97@example.edu,University of Illinois Urbana-Champaign,M.S. in Artificial Intelligence,2025,Data Engineering & Big Data,Data Engineer,1.5,"Data Pipelines, Linux, SQL, ETL, Git, Data Warehousing, PySpark, Tableau, Adaptability, Critical Thinking",10,"{""Data Pipelines"": 3, ""Linux"": 4, ""SQL"": 4, ""ETL"": 4, ""Git"": 4, ""Data Warehousing"": 4, ""PySpark"": 3, ""Tableau"": 4, ""Adaptability"": 3, ""Critical Thinking"": 4}","SQL Certified Associate, ETL Certified Associate","M.S. in Artificial Intelligence candidate at University of Illinois Urbana-Champaign passionate about data engineering & big data. Proficient in Data Pipelines, Linux, SQL, ETL, Git, Data Warehousing with hands-on academic and project experience. Seeking a Data Engineer internship."
INT-1256,Rahul Smith,rahul.smith43@example.edu,University of Washington,M.S. in Artificial Intelligence,2024,Business Intelligence & Analytics,Operations Analyst,1.5,"Data Visualization, Exploratory Data Analysis, Tableau, Python for Analytics, A/B Testing, Cohort Analysis, Jupyter, Presentation Skills, Adaptability, Git",10,"{""Data Visualization"": 5, ""Exploratory Data Analysis"": 5, ""Tableau"": 3, ""Python for Analytics"": 3, ""A/B Testing"": 4, ""Cohort Analysis"": 3, ""Jupyter"": 4, ""Presentation Skills"": 3, ""Adaptability"": 4, ""Git"": 4}","A/B Testing Certified Associate, Cohort Analysis Certified Associate","M.S. in Artificial Intelligence candidate at University of Washington passionate about business intelligence & analytics. Proficient in Data Visualization, Exploratory Data Analysis, Tableau, Python for Analytics, A/B Testing, Cohort Analysis with hands-on academic and project experience. Seeking a Operations Analyst internship."
INT-1257,Zara Scott,zara.scott43@example.edu,ETH Zurich,B.S. in Electrical & Computer Engineering,2026,AI & Machine Learning,AI Research Intern,1.5,"Python, Machine Learning, Pandas, NumPy, Deep Learning, Mathematics, MLflow, Git, Code Documentation, Time Management, Docker",11,"{""Python"": 4, ""Machine Learning"": 4, ""Pandas"": 4, ""NumPy"": 4, ""Deep Learning"": 5, ""Mathematics"": 3, ""MLflow"": 3, ""Git"": 3, ""Code Documentation"": 4, ""Time Management"": 3, ""Docker"": 3}","Machine Learning Certified Associate, NumPy Certified Associate","B.S. in Electrical & Computer Engineering candidate at ETH Zurich passionate about ai & machine learning. Proficient in Python, Machine Learning, Pandas, NumPy, Deep Learning, Mathematics with hands-on academic and project experience. Seeking a AI Research Intern internship."
INT-1258,Sara Wright,sara.wright68@example.edu,UC Berkeley,B.S. in Computer Science,2025,Cybersecurity & Network Defense,Threat Intelligence Analyst,1.0,"Linux, Cryptography, Vulnerability Assessment, SIEM, Kali Linux, Nessus, Snort, Team Collaboration, Code Documentation, Adaptability, Git, Docker",12,"{""Linux"": 3, ""Cryptography"": 5, ""Vulnerability Assessment"": 3, ""SIEM"": 3, ""Kali Linux"": 4, ""Nessus"": 3, ""Snort"": 3, ""Team Collaboration"": 3, ""Code Documentation"": 3, ""Adaptability"": 4, ""Git"": 4, ""Docker"": 3}",Docker Certified Associate,"B.S. in Computer Science candidate at UC Berkeley passionate about cybersecurity & network defense. Proficient in Linux, Cryptography, Vulnerability Assessment, SIEM, Kali Linux, Nessus with hands-on academic and project experience. Seeking a Threat Intelligence Analyst internship."
INT-1259,David Thomas,david.thomas44@example.edu,University of Toronto,M.S. in Data Analytics,2024,Business Intelligence & Analytics,Operations Analyst,0.5,"Tableau, SQL, Power BI, Excel & Spreadsheets, HubSpot, SQL Server, Looker, Presentation Skills, Time Management, Git",10,"{""Tableau"": 4, ""SQL"": 4, ""Power BI"": 4, ""Excel & Spreadsheets"": 4, ""HubSpot"": 3, ""SQL Server"": 2, ""Looker"": 3, ""Presentation Skills"": 4, ""Time Management"": 3, ""Git"": 3}","Power BI Certified Associate, Time Management Certified Associate","M.S. in Data Analytics candidate at University of Toronto passionate about business intelligence & analytics. Proficient in Tableau, SQL, Power BI, Excel & Spreadsheets, HubSpot, SQL Server with hands-on academic and project experience. Seeking a Operations Analyst internship."
INT-1260,Jack Campbell,jack.campbell50@example.edu,IIT Delhi,M.S. in Data Analytics,2024,Data Engineering & Big Data,ETL Developer,0.5,"Git, Linux, Python, Data Pipelines, BigQuery, Data Modeling, Redshift, MinIO, PostgreSQL, Agile & Scrum, Code Documentation, Docker",12,"{""Git"": 4, ""Linux"": 4, ""Python"": 3, ""Data Pipelines"": 4, ""BigQuery"": 3, ""Data Modeling"": 3, ""Redshift"": 4, ""MinIO"": 3, ""PostgreSQL"": 4, ""Agile & Scrum"": 4, ""Code Documentation"": 4, ""Docker"": 3}",BigQuery Certified Associate,"M.S. in Data Analytics candidate at IIT Delhi passionate about data engineering & big data. Proficient in Git, Linux, Python, Data Pipelines, BigQuery, Data Modeling with hands-on academic and project experience. Seeking a ETL Developer internship."
INT-1261,Jack Clark,jack.clark30@example.edu,National University of Singapore,B.S. in Data Science,2025,Embedded Systems & IoT,Hardware/Software Integrator,0.0,"C++, RTOS, Embedded C, Linux, UART/SPI/I2C Protocols, ARM Architecture, Embedded Linux, Hardware Debugging, PlatformIO, Logic Analyzer, Keil uVision, Agile & Scrum, Docker",13,"{""C++"": 5, ""RTOS"": 3, ""Embedded C"": 4, ""Linux"": 4, ""UART/SPI/I2C Protocols"": 4, ""ARM Architecture"": 4, ""Embedded Linux"": 2, ""Hardware Debugging"": 3, ""PlatformIO"": 2, ""Logic Analyzer"": 4, ""Keil uVision"": 4, ""Agile & Scrum"": 4, ""Docker"": 3}","RTOS Certified Associate, UART/SPI/I2C Protocols Certified Associate","B.S. in Data Science candidate at National University of Singapore passionate about embedded systems & iot. Proficient in C++, RTOS, Embedded C, Linux, UART/SPI/I2C Protocols, ARM Architecture with hands-on academic and project experience. Seeking a Hardware/Software Integrator internship."
INT-1262,Ethan Ramirez,ethan.ramirez74@example.edu,University of Toronto,B.S. in Software Engineering,2024,Embedded Systems & IoT,IoT Systems Engineer,0.5,"C, UART/SPI/I2C Protocols, Linux, RTOS, Embedded C, C++, Keil uVision, Code Documentation, Team Collaboration, Critical Thinking",10,"{""C"": 3, ""UART/SPI/I2C Protocols"": 5, ""Linux"": 5, ""RTOS"": 3, ""Embedded C"": 4, ""C++"": 5, ""Keil uVision"": 4, ""Code Documentation"": 3, ""Team Collaboration"": 4, ""Critical Thinking"": 4}","Embedded C Certified Associate, C++ Certified Associate","B.S. in Software Engineering candidate at University of Toronto passionate about embedded systems & iot. Proficient in C, UART/SPI/I2C Protocols, Linux, RTOS, Embedded C, C++ with hands-on academic and project experience. Seeking a IoT Systems Engineer internship."
INT-1263,Michael Green,michael.green53@example.edu,University of Texas at Austin,B.S. in Data Science,2025,Cloud Architecture & DevOps,Site Reliability Engineer (SRE),0.5,"Bash Scripting, Kubernetes, Git, Networking Basics, Cloud Computing, Terraform Cloud, ArgoCD, Team Collaboration, Technical Writing, Time Management",10,"{""Bash Scripting"": 3, ""Kubernetes"": 4, ""Git"": 4, ""Networking Basics"": 4, ""Cloud Computing"": 3, ""Terraform Cloud"": 2, ""ArgoCD"": 3, ""Team Collaboration"": 4, ""Technical Writing"": 4, ""Time Management"": 4}","Kubernetes Certified Associate, Technical Writing Certified Associate","B.S. in Data Science candidate at University of Texas at Austin passionate about cloud architecture & devops. Proficient in Bash Scripting, Kubernetes, Git, Networking Basics, Cloud Computing, Terraform Cloud with hands-on academic and project experience. Seeking a Site Reliability Engineer (SRE) internship."
INT-1264,Carlos Gonzalez,carlos.gonzalez13@example.edu,Cornell University,B.S. in Electrical & Computer Engineering,2024,Business Intelligence & Analytics,Product Analyst,2.0,"Business Metrics, Tableau, Power BI, Cohort Analysis, ETL Basics, Jupyter, SQL Server, Adaptability, Time Management, Presentation Skills, Git",11,"{""Business Metrics"": 5, ""Tableau"": 4, ""Power BI"": 5, ""Cohort Analysis"": 4, ""ETL Basics"": 2, ""Jupyter"": 4, ""SQL Server"": 2, ""Adaptability"": 4, ""Time Management"": 3, ""Presentation Skills"": 4, ""Git"": 3}",Business Metrics Certified Associate,"B.S. in Electrical & Computer Engineering candidate at Cornell University passionate about business intelligence & analytics. Proficient in Business Metrics, Tableau, Power BI, Cohort Analysis, ETL Basics, Jupyter with hands-on academic and project experience. Seeking a Product Analyst internship."
INT-1265,Fatima Perez,fatima.perez95@example.edu,National University of Singapore,B.S. in Computer Science,2026,Cybersecurity & Network Defense,Threat Intelligence Analyst,0.0,"Linux, TCP/IP, Network Security, Cryptography, Security Fundamentals, Splunk, Metasploit, Agile & Scrum, Communication, Adaptability, Docker",11,"{""Linux"": 4, ""TCP/IP"": 4, ""Network Security"": 3, ""Cryptography"": 4, ""Security Fundamentals"": 3, ""Splunk"": 2, ""Metasploit"": 4, ""Agile & Scrum"": 4, ""Communication"": 3, ""Adaptability"": 3, ""Docker"": 3}","Linux Certified Associate, Cryptography Certified Associate","B.S. in Computer Science candidate at National University of Singapore passionate about cybersecurity & network defense. Proficient in Linux, TCP/IP, Network Security, Cryptography, Security Fundamentals, Splunk with hands-on academic and project experience. Seeking a Threat Intelligence Analyst internship."
INT-1266,William Lopez,william.lopez86@example.edu,Cornell University,M.S. in Data Analytics,2026,Full Stack Web Development,Software Engineer - Web,0.0,"CSS3, REST APIs, JavaScript, HTML5, Git, React, Vite, Vercel, Jest, Agile & Scrum, Time Management",11,"{""CSS3"": 4, ""REST APIs"": 4, ""JavaScript"": 4, ""HTML5"": 4, ""Git"": 4, ""React"": 4, ""Vite"": 4, ""Vercel"": 3, ""Jest"": 2, ""Agile & Scrum"": 3, ""Time Management"": 4}","CSS3 Certified Associate, Git Certified Associate","M.S. in Data Analytics candidate at Cornell University passionate about full stack web development. Proficient in CSS3, REST APIs, JavaScript, HTML5, Git, React with hands-on academic and project experience. Seeking a Software Engineer - Web internship."
INT-1267,Fatou Jones,fatou.jones39@example.edu,Cornell University,B.S. in Electrical & Computer Engineering,2026,Cloud Architecture & DevOps,Cloud Infrastructure Engineer,1.0,"CI/CD, Cloud Computing, Bash Scripting, Networking Basics, Git, Ansible, AWS, Azure, Datadog, Agile & Scrum, Presentation Skills, Adaptability",12,"{""CI/CD"": 5, ""Cloud Computing"": 4, ""Bash Scripting"": 4, ""Networking Basics"": 4, ""Git"": 5, ""Ansible"": 3, ""AWS"": 3, ""Azure"": 3, ""Datadog"": 3, ""Agile & Scrum"": 4, ""Presentation Skills"": 4, ""Adaptability"": 4}",Adaptability Certified Associate,"B.S. in Electrical & Computer Engineering candidate at Cornell University passionate about cloud architecture & devops. Proficient in CI/CD, Cloud Computing, Bash Scripting, Networking Basics, Git, Ansible with hands-on academic and project experience. Seeking a Cloud Infrastructure Engineer internship."
INT-1268,Lars Baker,lars.baker42@example.edu,Imperial College London,B.S. in Information Systems,2024,Cybersecurity & Network Defense,Security Engineer,1.0,"Cryptography, TCP/IP, Linux, Vulnerability Assessment, Security Fundamentals, Firewalls, SIEM, Penetration Testing, Identity & Access Management (IAM), Metasploit, Nessus, Technical Writing, Presentation Skills, Problem Solving, Python",15,"{""Cryptography"": 5, ""TCP/IP"": 4, ""Linux"": 4, ""Vulnerability Assessment"": 5, ""Security Fundamentals"": 3, ""Firewalls"": 3, ""SIEM"": 2, ""Penetration Testing"": 3, ""Identity & Access Management (IAM)"": 3, ""Metasploit"": 4, ""Nessus"": 3, ""Technical Writing"": 4, ""Presentation Skills"": 4, ""Problem Solving"": 3, ""Python"": 4}","Cryptography Certified Associate, Firewalls Certified Associate","B.S. in Information Systems candidate at Imperial College London passionate about cybersecurity & network defense. Proficient in Cryptography, TCP/IP, Linux, Vulnerability Assessment, Security Fundamentals, Firewalls with hands-on academic and project experience. Seeking a Security Engineer internship."
INT-1269,Aditi Miller,aditi.miller18@example.edu,Imperial College London,M.S. in Computer Science,2025,Mobile Application Development,Mobile Software Intern,0.5,"Git, Mobile UI Design, Kotlin, Flutter, Push Notifications, CoreData, Android Studio, Xcode, Critical Thinking",9,"{""Git"": 3, ""Mobile UI Design"": 3, ""Kotlin"": 4, ""Flutter"": 3, ""Push Notifications"": 4, ""CoreData"": 2, ""Android Studio"": 4, ""Xcode"": 3, ""Critical Thinking"": 4}","Kotlin Certified Associate, Flutter Certified Associate","M.S. in Computer Science candidate at Imperial College London passionate about mobile application development. Proficient in Git, Mobile UI Design, Kotlin, Flutter, Push Notifications, CoreData with hands-on academic and project experience. Seeking a Mobile Software Intern internship."
INT-1270,Priya Nguyen,priya.nguyen93@example.edu,UC Berkeley,B.S. in Electrical & Computer Engineering,2026,Full Stack Web Development,Software Engineer - Web,1.5,"HTML5, Node.js, TypeScript, REST APIs, SQL, WebSockets, PostgreSQL, Microservices, GitHub Actions, VS Code, Code Documentation, Team Collaboration, Problem Solving, Python, Docker",15,"{""HTML5"": 4, ""Node.js"": 5, ""TypeScript"": 4, ""REST APIs"": 4, ""SQL"": 4, ""WebSockets"": 3, ""PostgreSQL"": 4, ""Microservices"": 3, ""GitHub Actions"": 4, ""VS Code"": 3, ""Code Documentation"": 3, ""Team Collaboration"": 3, ""Problem Solving"": 3, ""Python"": 3, ""Docker"": 4}","HTML5 Certified Associate, Node.js Certified Associate","B.S. in Electrical & Computer Engineering candidate at UC Berkeley passionate about full stack web development. Proficient in HTML5, Node.js, TypeScript, REST APIs, SQL, WebSockets with hands-on academic and project experience. Seeking a Software Engineer - Web internship."
INT-1271,Aditi Miller,aditi.miller66@example.edu,National University of Singapore,B.S. in Software Engineering,2024,Cybersecurity & Network Defense,SOC Analyst,1.5,"Security Fundamentals, Cryptography, Linux, Firewalls, Cloud Security, Ethical Hacking, Penetration Testing, Burp Suite, Agile & Scrum, Adaptability, Docker",11,"{""Security Fundamentals"": 4, ""Cryptography"": 3, ""Linux"": 5, ""Firewalls"": 4, ""Cloud Security"": 3, ""Ethical Hacking"": 4, ""Penetration Testing"": 3, ""Burp Suite"": 2, ""Agile & Scrum"": 3, ""Adaptability"": 4, ""Docker"": 4}","Cryptography Certified Associate, Firewalls Certified Associate","B.S. in Software Engineering candidate at National University of Singapore passionate about cybersecurity & network defense. Proficient in Security Fundamentals, Cryptography, Linux, Firewalls, Cloud Security, Ethical Hacking with hands-on academic and project experience. Seeking a SOC Analyst internship."
INT-1272,Arjun Brown,arjun.brown93@example.edu,BITS Pilani,M.S. in Artificial Intelligence,2024,Mobile Application Development,Flutter Developer,1.0,"Kotlin, Dart, Flutter, React Native, REST APIs, Firebase, Technical Writing, Python",8,"{""Kotlin"": 4, ""Dart"": 4, ""Flutter"": 5, ""React Native"": 4, ""REST APIs"": 5, ""Firebase"": 2, ""Technical Writing"": 3, ""Python"": 3}","Flutter Certified Associate, REST APIs Certified Associate","M.S. in Artificial Intelligence candidate at BITS Pilani passionate about mobile application development. Proficient in Kotlin, Dart, Flutter, React Native, REST APIs, Firebase with hands-on academic and project experience. Seeking a Flutter Developer internship."
INT-1273,Zaid Jackson,zaid.jackson13@example.edu,University of Toronto,B.S. in Computer Science,2024,Data Engineering & Big Data,ETL Developer,1.5,"Git, Linux, Relational Databases, BigQuery, Databricks, AWS S3, Critical Thinking, Docker",8,"{""Git"": 3, ""Linux"": 3, ""Relational Databases"": 5, ""BigQuery"": 4, ""Databricks"": 3, ""AWS S3"": 4, ""Critical Thinking"": 4, ""Docker"": 3}",Relational Databases Certified Associate,"B.S. in Computer Science candidate at University of Toronto passionate about data engineering & big data. Proficient in Git, Linux, Relational Databases, BigQuery, Databricks, AWS S3 with hands-on academic and project experience. Seeking a ETL Developer internship."
INT-1274,Rohan Rivera,rohan.rivera83@example.edu,Georgia Tech,B.S. in Electrical & Computer Engineering,2024,Full Stack Web Development,React / Node.js Developer,2.0,"TypeScript, Git, Express.js, HTML5, GraphQL, Webpack, Communication, Team Collaboration, Agile & Scrum, Python",10,"{""TypeScript"": 5, ""Git"": 4, ""Express.js"": 4, ""HTML5"": 4, ""GraphQL"": 4, ""Webpack"": 3, ""Communication"": 3, ""Team Collaboration"": 3, ""Agile & Scrum"": 4, ""Python"": 3}","Express.js Certified Associate, Webpack Certified Associate","B.S. in Electrical & Computer Engineering candidate at Georgia Tech passionate about full stack web development. Proficient in TypeScript, Git, Express.js, HTML5, GraphQL, Webpack with hands-on academic and project experience. Seeking a React / Node.js Developer internship."
INT-1275,Vikram White,vikram.white67@example.edu,IIT Delhi,B.S. in Electrical & Computer Engineering,2026,Cybersecurity & Network Defense,Threat Intelligence Analyst,1.0,"Firewalls, Python, Linux, TCP/IP, Vulnerability Assessment, Security Fundamentals, Nessus, Kali Linux, Wireshark, Time Management, Adaptability, Git",12,"{""Firewalls"": 3, ""Python"": 4, ""Linux"": 3, ""TCP/IP"": 4, ""Vulnerability Assessment"": 5, ""Security Fundamentals"": 3, ""Nessus"": 2, ""Kali Linux"": 4, ""Wireshark"": 4, ""Time Management"": 4, ""Adaptability"": 3, ""Git"": 4}","TCP/IP Certified Associate, Time Management Certified Associate","B.S. in Electrical & Computer Engineering candidate at IIT Delhi passionate about cybersecurity & network defense. Proficient in Firewalls, Python, Linux, TCP/IP, Vulnerability Assessment, Security Fundamentals with hands-on academic and project experience. Seeking a Threat Intelligence Analyst internship."
INT-1276,Dev Rivera,dev.rivera55@example.edu,ETH Zurich,B.S. in Data Science,2026,AI & Machine Learning,Data Scientist,0.0,"Deep Learning, scikit-learn, Mathematics, Machine Learning, Statistics, Hugging Face, Weights & Biases, CUDA, MLflow, Agile & Scrum, Adaptability, Code Documentation, Python",13,"{""Deep Learning"": 5, ""scikit-learn"": 4, ""Mathematics"": 5, ""Machine Learning"": 5, ""Statistics"": 5, ""Hugging Face"": 4, ""Weights & Biases"": 3, ""CUDA"": 2, ""MLflow"": 4, ""Agile & Scrum"": 4, ""Adaptability"": 3, ""Code Documentation"": 3, ""Python"": 4}","Mathematics Certified Associate, Hugging Face Certified Associate","B.S. in Data Science candidate at ETH Zurich passionate about ai & machine learning. Proficient in Deep Learning, scikit-learn, Mathematics, Machine Learning, Statistics, Hugging Face with hands-on academic and project experience. Seeking a Data Scientist internship."
INT-1277,Mei Harris,mei.harris60@example.edu,University of Texas at Austin,B.S. in Electrical & Computer Engineering,2025,Business Intelligence & Analytics,Data Analyst,0.0,"Data Visualization, Exploratory Data Analysis, Business Metrics, Power BI, Cohort Analysis, A/B Testing, HubSpot, Agile & Scrum, Team Collaboration, Python, Docker",11,"{""Data Visualization"": 4, ""Exploratory Data Analysis"": 3, ""Business Metrics"": 5, ""Power BI"": 4, ""Cohort Analysis"": 4, ""A/B Testing"": 3, ""HubSpot"": 2, ""Agile & Scrum"": 4, ""Team Collaboration"": 3, ""Python"": 3, ""Docker"": 4}","Business Metrics Certified Associate, Agile & Scrum Certified Associate","B.S. in Electrical & Computer Engineering candidate at University of Texas at Austin passionate about business intelligence & analytics. Proficient in Data Visualization, Exploratory Data Analysis, Business Metrics, Power BI, Cohort Analysis, A/B Testing with hands-on academic and project experience. Seeking a Data Analyst internship."
INT-1278,Sara Jones,sara.jones21@example.edu,University of Texas at Austin,M.S. in Computer Science,2026,Mobile Application Development,Flutter Developer,1.5,"Flutter, React Native, REST APIs, Mobile UI Design, Kotlin, Git, App Store Deployment, Room Database, Performance Optimization, Fastlane, Time Management, Critical Thinking, Problem Solving, Docker",14,"{""Flutter"": 5, ""React Native"": 4, ""REST APIs"": 5, ""Mobile UI Design"": 4, ""Kotlin"": 3, ""Git"": 5, ""App Store Deployment"": 4, ""Room Database"": 4, ""Performance Optimization"": 2, ""Fastlane"": 4, ""Time Management"": 3, ""Critical Thinking"": 3, ""Problem Solving"": 3, ""Docker"": 3}","React Native Certified Associate, Room Database Certified Associate","M.S. in Computer Science candidate at University of Texas at Austin passionate about mobile application development. Proficient in Flutter, React Native, REST APIs, Mobile UI Design, Kotlin, Git with hands-on academic and project experience. Seeking a Flutter Developer internship."
INT-1279,Aditi Lopez,aditi.lopez82@example.edu,Stanford University,B.S. in Data Science,2026,Business Intelligence & Analytics,Operations Analyst,1.0,"Statistics, Business Metrics, Excel & Spreadsheets, Predictive Analytics, Google Analytics 4, Metabase, Jupyter, Communication, Git",9,"{""Statistics"": 4, ""Business Metrics"": 4, ""Excel & Spreadsheets"": 4, ""Predictive Analytics"": 3, ""Google Analytics 4"": 4, ""Metabase"": 3, ""Jupyter"": 2, ""Communication"": 4, ""Git"": 3}","Google Analytics 4 Certified Associate, Jupyter Certified Associate","B.S. in Data Science candidate at Stanford University passionate about business intelligence & analytics. Proficient in Statistics, Business Metrics, Excel & Spreadsheets, Predictive Analytics, Google Analytics 4, Metabase with hands-on academic and project experience. Seeking a Operations Analyst internship."
INT-1280,Rohan Hill,rohan.hill33@example.edu,University of Illinois Urbana-Champaign,M.S. in Artificial Intelligence,2025,Data Engineering & Big Data,Analytics Engineer,1.5,"Data Pipelines, SQL, Linux, Python, Relational Databases, Snowflake, dbt, PostgreSQL, Tableau, Adaptability, Presentation Skills, Git, Docker",13,"{""Data Pipelines"": 3, ""SQL"": 3, ""Linux"": 5, ""Python"": 4, ""Relational Databases"": 4, ""Snowflake"": 3, ""dbt"": 3, ""PostgreSQL"": 3, ""Tableau"": 2, ""Adaptability"": 4, ""Presentation Skills"": 3, ""Git"": 4, ""Docker"": 3}","SQL Certified Associate, Python Certified Associate","M.S. in Artificial Intelligence candidate at University of Illinois Urbana-Champaign passionate about data engineering & big data. Proficient in Data Pipelines, SQL, Linux, Python, Relational Databases, Snowflake with hands-on academic and project experience. Seeking a Analytics Engineer internship."
INT-1281,Jack Wilson,jack.wilson12@example.edu,IIT Delhi,M.S. in Data Analytics,2025,Cloud Architecture & DevOps,DevOps Engineer,2.0,"Networking Basics, Git, CI/CD, Kubernetes, GCP, Ansible, Service Mesh, Datadog, Time Management, Presentation Skills, Communication, Python",12,"{""Networking Basics"": 4, ""Git"": 4, ""CI/CD"": 4, ""Kubernetes"": 4, ""GCP"": 2, ""Ansible"": 4, ""Service Mesh"": 3, ""Datadog"": 2, ""Time Management"": 3, ""Presentation Skills"": 4, ""Communication"": 3, ""Python"": 4}","Ansible Certified Associate, Datadog Certified Associate","M.S. in Data Analytics candidate at IIT Delhi passionate about cloud architecture & devops. Proficient in Networking Basics, Git, CI/CD, Kubernetes, GCP, Ansible with hands-on academic and project experience. Seeking a DevOps Engineer internship."
INT-1282,Chiara Lee,chiara.lee18@example.edu,University of Michigan,B.S. in Information Systems,2026,Cloud Architecture & DevOps,DevOps Engineer,0.0,"Networking Basics, Bash Scripting, Git, Kubernetes, Docker, CI/CD, GCP, Ansible, Azure, Datadog, Jenkins, Terraform Cloud, Presentation Skills, Python",14,"{""Networking Basics"": 4, ""Bash Scripting"": 3, ""Git"": 3, ""Kubernetes"": 3, ""Docker"": 5, ""CI/CD"": 4, ""GCP"": 3, ""Ansible"": 3, ""Azure"": 3, ""Datadog"": 2, ""Jenkins"": 2, ""Terraform Cloud"": 4, ""Presentation Skills"": 4, ""Python"": 3}","Bash Scripting Certified Associate, Datadog Certified Associate","B.S. in Information Systems candidate at University of Michigan passionate about cloud architecture & devops. Proficient in Networking Basics, Bash Scripting, Git, Kubernetes, Docker, CI/CD with hands-on academic and project experience. Seeking a DevOps Engineer internship."
INT-1283,Ibrahim White,ibrahim.white35@example.edu,Imperial College London,B.S. in Electrical & Computer Engineering,2026,Full Stack Web Development,Frontend Engineer,0.0,"React, JavaScript, SQL, Git, REST APIs, WebSockets, GraphQL, PostgreSQL, VS Code, Adaptability, Problem Solving, Presentation Skills, Python",13,"{""React"": 4, ""JavaScript"": 3, ""SQL"": 4, ""Git"": 4, ""REST APIs"": 5, ""WebSockets"": 3, ""GraphQL"": 3, ""PostgreSQL"": 3, ""VS Code"": 2, ""Adaptability"": 3, ""Problem Solving"": 4, ""Presentation Skills"": 3, ""Python"": 4}","SQL Certified Associate, Git Certified Associate","B.S. in Electrical & Computer Engineering candidate at Imperial College London passionate about full stack web development. Proficient in React, JavaScript, SQL, Git, REST APIs, WebSockets with hands-on academic and project experience. Seeking a Frontend Engineer internship."
INT-1284,Ethan Scott,ethan.scott76@example.edu,Carnegie Mellon University,B.S. in Data Science,2025,Data Engineering & Big Data,Data Pipeline Intern,0.5,"Git, Linux, ETL, Python, BigQuery, Apache Kafka, Kafka Connect, AWS S3, Time Management, Agile & Scrum, Communication",11,"{""Git"": 3, ""Linux"": 4, ""ETL"": 3, ""Python"": 5, ""BigQuery"": 2, ""Apache Kafka"": 2, ""Kafka Connect"": 4, ""AWS S3"": 4, ""Time Management"": 4, ""Agile & Scrum"": 4, ""Communication"": 3}",Linux Certified Associate,"B.S. in Data Science candidate at Carnegie Mellon University passionate about data engineering & big data. Proficient in Git, Linux, ETL, Python, BigQuery, Apache Kafka with hands-on academic and project experience. Seeking a Data Pipeline Intern internship."
INT-1285,Rohan Mitchell,rohan.mitchell46@example.edu,ETH Zurich,B.S. in Computer Science,2024,Business Intelligence & Analytics,Product Analyst,0.5,"Excel & Spreadsheets, Exploratory Data Analysis, Statistics, Python for Analytics, DAX, Tableau Desktop, HubSpot, Jupyter, Code Documentation, Communication, Time Management, Python",12,"{""Excel & Spreadsheets"": 5, ""Exploratory Data Analysis"": 4, ""Statistics"": 4, ""Python for Analytics"": 2, ""DAX"": 3, ""Tableau Desktop"": 2, ""HubSpot"": 3, ""Jupyter"": 2, ""Code Documentation"": 3, ""Communication"": 4, ""Time Management"": 3, ""Python"": 3}","Python for Analytics Certified Associate, HubSpot Certified Associate","B.S. in Computer Science candidate at ETH Zurich passionate about business intelligence & analytics. Proficient in Excel & Spreadsheets, Exploratory Data Analysis, Statistics, Python for Analytics, DAX, Tableau Desktop with hands-on academic and project experience. Seeking a Product Analyst internship."
INT-1286,Grace Perez,grace.perez61@example.edu,Georgia Tech,B.S. in Computer Science,2024,Cloud Architecture & DevOps,Cloud Security Engineer,2.0,"CI/CD, Bash Scripting, Git, Docker, Helm, Terraform, Datadog, Nginx, Code Documentation, Presentation Skills, Team Collaboration, Python",12,"{""CI/CD"": 4, ""Bash Scripting"": 3, ""Git"": 5, ""Docker"": 3, ""Helm"": 4, ""Terraform"": 3, ""Datadog"": 4, ""Nginx"": 4, ""Code Documentation"": 3, ""Presentation Skills"": 3, ""Team Collaboration"": 3, ""Python"": 3}","CI/CD Certified Associate, Git Certified Associate","B.S. in Computer Science candidate at Georgia Tech passionate about cloud architecture & devops. Proficient in CI/CD, Bash Scripting, Git, Docker, Helm, Terraform with hands-on academic and project experience. Seeking a Cloud Security Engineer internship."
INT-1287,Siddharth Garcia,siddharth.garcia60@example.edu,UC Berkeley,B.S. in Electrical & Computer Engineering,2026,Mobile Application Development,Mobile App Developer,1.5,"Git, State Management, Dart, REST APIs, Room Database, Android Studio, CocoaPods, Postman, Agile & Scrum, Docker",10,"{""Git"": 5, ""State Management"": 4, ""Dart"": 5, ""REST APIs"": 4, ""Room Database"": 4, ""Android Studio"": 4, ""CocoaPods"": 2, ""Postman"": 4, ""Agile & Scrum"": 3, ""Docker"": 3}","State Management Certified Associate, Dart Certified Associate","B.S. in Electrical & Computer Engineering candidate at UC Berkeley passionate about mobile application development. Proficient in Git, State Management, Dart, REST APIs, Room Database, Android Studio with hands-on academic and project experience. Seeking a Mobile App Developer internship."
INT-1288,Jack Walker,jack.walker18@example.edu,University of Washington,B.S. in Electrical & Computer Engineering,2026,Business Intelligence & Analytics,Data Analyst,0.5,"Data Visualization, Business Metrics, Statistics, Power BI, Excel & Spreadsheets, Cohort Analysis, A/B Testing, DAX, Metabase, Problem Solving, Critical Thinking",11,"{""Data Visualization"": 4, ""Business Metrics"": 4, ""Statistics"": 4, ""Power BI"": 3, ""Excel & Spreadsheets"": 4, ""Cohort Analysis"": 2, ""A/B Testing"": 3, ""DAX"": 2, ""Metabase"": 3, ""Problem Solving"": 3, ""Critical Thinking"": 3}","Statistics Certified Associate, Power BI Certified Associate","B.S. in Electrical & Computer Engineering candidate at University of Washington passionate about business intelligence & analytics. Proficient in Data Visualization, Business Metrics, Statistics, Power BI, Excel & Spreadsheets, Cohort Analysis with hands-on academic and project experience. Seeking a Data Analyst internship."
INT-1289,Zaid Thompson,zaid.thompson67@example.edu,BITS Pilani,B.S. in Electrical & Computer Engineering,2026,Mobile Application Development,Mobile Software Intern,1.0,"Git, Mobile UI Design, Flutter, REST APIs, Kotlin, CoreData, Room Database, Performance Optimization, Firebase, Gradle, Problem Solving, Python, Docker",13,"{""Git"": 5, ""Mobile UI Design"": 4, ""Flutter"": 5, ""REST APIs"": 4, ""Kotlin"": 4, ""CoreData"": 3, ""Room Database"": 4, ""Performance Optimization"": 4, ""Firebase"": 3, ""Gradle"": 3, ""Problem Solving"": 4, ""Python"": 4, ""Docker"": 4}","REST APIs Certified Associate, CoreData Certified Associate","B.S. in Electrical & Computer Engineering candidate at BITS Pilani passionate about mobile application development. Proficient in Git, Mobile UI Design, Flutter, REST APIs, Kotlin, CoreData with hands-on academic and project experience. Seeking a Mobile Software Intern internship."
INT-1290,Mei Moore,mei.moore37@example.edu,Georgia Tech,M.S. in Artificial Intelligence,2025,Business Intelligence & Analytics,Product Analyst,0.0,"SQL, Data Visualization, Business Metrics, Excel & Spreadsheets, Exploratory Data Analysis, Power BI, Google Analytics 4, DAX, Mixpanel, Power BI Service, Looker, Problem Solving, Communication, Git, Docker",15,"{""SQL"": 4, ""Data Visualization"": 5, ""Business Metrics"": 4, ""Excel & Spreadsheets"": 4, ""Exploratory Data Analysis"": 5, ""Power BI"": 4, ""Google Analytics 4"": 4, ""DAX"": 3, ""Mixpanel"": 4, ""Power BI Service"": 2, ""Looker"": 3, ""Problem Solving"": 4, ""Communication"": 3, ""Git"": 3, ""Docker"": 3}","SQL Certified Associate, Data Visualization Certified Associate","M.S. in Artificial Intelligence candidate at Georgia Tech passionate about business intelligence & analytics. Proficient in SQL, Data Visualization, Business Metrics, Excel & Spreadsheets, Exploratory Data Analysis, Power BI with hands-on academic and project experience. Seeking a Product Analyst internship."
INT-1291,Zara Martinez,zara.martinez47@example.edu,Carnegie Mellon University,B.S. in Information Systems,2026,Embedded Systems & IoT,Firmware Developer,0.5,"Linux, C++, Embedded C, UART/SPI/I2C Protocols, PCB Basics, Logic Analyzer, Raspberry Pi, Communication, Docker",9,"{""Linux"": 5, ""C++"": 3, ""Embedded C"": 3, ""UART/SPI/I2C Protocols"": 4, ""PCB Basics"": 4, ""Logic Analyzer"": 3, ""Raspberry Pi"": 3, ""Communication"": 4, ""Docker"": 3}",Communication Certified Associate,"B.S. in Information Systems candidate at Carnegie Mellon University passionate about embedded systems & iot. Proficient in Linux, C++, Embedded C, UART/SPI/I2C Protocols, PCB Basics, Logic Analyzer with hands-on academic and project experience. Seeking a Firmware Developer internship."
INT-1292,Benjamin Perez,benjamin.perez18@example.edu,Georgia Tech,B.S. in Data Science,2026,Data Engineering & Big Data,ETL Developer,1.0,"ETL, Data Warehousing, Data Pipelines, Git, Python, SQL, Data Modeling, Docker, Presentation Skills, Code Documentation, Agile & Scrum",11,"{""ETL"": 3, ""Data Warehousing"": 5, ""Data Pipelines"": 4, ""Git"": 4, ""Python"": 3, ""SQL"": 4, ""Data Modeling"": 3, ""Docker"": 3, ""Presentation Skills"": 4, ""Code Documentation"": 4, ""Agile & Scrum"": 4}","ETL Certified Associate, Python Certified Associate","B.S. in Data Science candidate at Georgia Tech passionate about data engineering & big data. Proficient in ETL, Data Warehousing, Data Pipelines, Git, Python, SQL with hands-on academic and project experience. Seeking a ETL Developer internship."
INT-1293,Rahul Thompson,rahul.thompson59@example.edu,University of Michigan,B.S. in Computer Science,2026,Business Intelligence & Analytics,Data Analyst,1.5,"Business Metrics, Exploratory Data Analysis, Excel & Spreadsheets, Data Visualization, Statistics, DAX, ETL Basics, Looker, HubSpot, Jupyter, Team Collaboration, Critical Thinking, Docker",13,"{""Business Metrics"": 4, ""Exploratory Data Analysis"": 3, ""Excel & Spreadsheets"": 3, ""Data Visualization"": 4, ""Statistics"": 3, ""DAX"": 3, ""ETL Basics"": 2, ""Looker"": 2, ""HubSpot"": 3, ""Jupyter"": 2, ""Team Collaboration"": 3, ""Critical Thinking"": 3, ""Docker"": 3}","Exploratory Data Analysis Certified Associate, Excel & Spreadsheets Certified Associate","B.S. in Computer Science candidate at University of Michigan passionate about business intelligence & analytics. Proficient in Business Metrics, Exploratory Data Analysis, Excel & Spreadsheets, Data Visualization, Statistics, DAX with hands-on academic and project experience. Seeking a Data Analyst internship."
INT-1294,Zara Miller,zara.miller35@example.edu,University of Washington,B.S. in Software Engineering,2024,Full Stack Web Development,Full Stack Developer,0.0,"CSS3, JavaScript, TypeScript, Authentication & JWT, WebSockets, PostgreSQL, Redis, Webpack, Vercel, Communication",10,"{""CSS3"": 5, ""JavaScript"": 4, ""TypeScript"": 3, ""Authentication & JWT"": 4, ""WebSockets"": 3, ""PostgreSQL"": 2, ""Redis"": 2, ""Webpack"": 2, ""Vercel"": 2, ""Communication"": 4}","CSS3 Certified Associate, PostgreSQL Certified Associate","B.S. in Software Engineering candidate at University of Washington passionate about full stack web development. Proficient in CSS3, JavaScript, TypeScript, Authentication & JWT, WebSockets, PostgreSQL with hands-on academic and project experience. Seeking a Full Stack Developer internship."
INT-1295,Michael Walker,michael.walker91@example.edu,University of Illinois Urbana-Champaign,B.S. in Information Systems,2025,Mobile Application Development,React Native Developer,1.0,"React Native, State Management, REST APIs, Flutter, Dart, SwiftUI, Xcode, Postman, Firebase, Problem Solving, Docker",11,"{""React Native"": 5, ""State Management"": 3, ""REST APIs"": 3, ""Flutter"": 4, ""Dart"": 4, ""SwiftUI"": 2, ""Xcode"": 4, ""Postman"": 3, ""Firebase"": 4, ""Problem Solving"": 4, ""Docker"": 4}","Postman Certified Associate, Firebase Certified Associate","B.S. in Information Systems candidate at University of Illinois Urbana-Champaign passionate about mobile application development. Proficient in React Native, State Management, REST APIs, Flutter, Dart, SwiftUI with hands-on academic and project experience. Seeking a React Native Developer internship."
INT-1296,Maya Ramirez,maya.ramirez69@example.edu,Georgia Tech,M.S. in Data Analytics,2024,Embedded Systems & IoT,Firmware Developer,1.5,"Linux, Electronics Fundamentals, UART/SPI/I2C Protocols, C++, RTOS, Embedded C, PlatformIO, Code Documentation, Agile & Scrum, Git, Docker",11,"{""Linux"": 3, ""Electronics Fundamentals"": 5, ""UART/SPI/I2C Protocols"": 5, ""C++"": 4, ""RTOS"": 4, ""Embedded C"": 4, ""PlatformIO"": 2, ""Code Documentation"": 3, ""Agile & Scrum"": 4, ""Git"": 4, ""Docker"": 3}","C++ Certified Associate, Agile & Scrum Certified Associate","M.S. in Data Analytics candidate at Georgia Tech passionate about embedded systems & iot. Proficient in Linux, Electronics Fundamentals, UART/SPI/I2C Protocols, C++, RTOS, Embedded C with hands-on academic and project experience. Seeking a Firmware Developer internship."
INT-1297,Jasmine Baker,jasmine.baker71@example.edu,Georgia Tech,B.S. in Information Systems,2024,Full Stack Web Development,Full Stack Developer,2.0,"JavaScript, React, HTML5, REST APIs, Node.js, Express.js, Authentication & JWT, Postman, Docker, Adaptability, Team Collaboration, Git, Python",13,"{""JavaScript"": 4, ""React"": 4, ""HTML5"": 5, ""REST APIs"": 3, ""Node.js"": 3, ""Express.js"": 5, ""Authentication & JWT"": 3, ""Postman"": 3, ""Docker"": 2, ""Adaptability"": 3, ""Team Collaboration"": 4, ""Git"": 3, ""Python"": 4}",None,"B.S. in Information Systems candidate at Georgia Tech passionate about full stack web development. Proficient in JavaScript, React, HTML5, REST APIs, Node.js, Express.js with hands-on academic and project experience. Seeking a Full Stack Developer internship."
INT-1298,Rohan Wright,rohan.wright70@example.edu,University of Toronto,B.S. in Computer Science,2026,Cybersecurity & Network Defense,Security Engineer,0.0,"Linux, Vulnerability Assessment, Cryptography, Firewalls, Python, Network Security, Identity & Access Management (IAM), Snort, Nessus, Burp Suite, Team Collaboration, Agile & Scrum, Git",13,"{""Linux"": 4, ""Vulnerability Assessment"": 3, ""Cryptography"": 4, ""Firewalls"": 4, ""Python"": 5, ""Network Security"": 4, ""Identity & Access Management (IAM)"": 3, ""Snort"": 3, ""Nessus"": 3, ""Burp Suite"": 3, ""Team Collaboration"": 3, ""Agile & Scrum"": 3, ""Git"": 3}","Vulnerability Assessment Certified Associate, Network Security Certified Associate","B.S. in Computer Science candidate at University of Toronto passionate about cybersecurity & network defense. Proficient in Linux, Vulnerability Assessment, Cryptography, Firewalls, Python, Network Security with hands-on academic and project experience. Seeking a Security Engineer internship."
INT-1299,Liam Ramirez,liam.ramirez28@example.edu,National University of Singapore,M.S. in Data Analytics,2026,Business Intelligence & Analytics,Business Intelligence Analyst,0.5,"Statistics, Excel & Spreadsheets, Data Visualization, Power BI, Tableau, Exploratory Data Analysis, Cohort Analysis, DAX, Jupyter, Time Management, Problem Solving, Git",12,"{""Statistics"": 4, ""Excel & Spreadsheets"": 4, ""Data Visualization"": 4, ""Power BI"": 5, ""Tableau"": 3, ""Exploratory Data Analysis"": 5, ""Cohort Analysis"": 3, ""DAX"": 4, ""Jupyter"": 2, ""Time Management"": 4, ""Problem Solving"": 3, ""Git"": 4}","Data Visualization Certified Associate, Jupyter Certified Associate","M.S. in Data Analytics candidate at National University of Singapore passionate about business intelligence & analytics. Proficient in Statistics, Excel & Spreadsheets, Data Visualization, Power BI, Tableau, Exploratory Data Analysis with hands-on academic and project experience. Seeking a Business Intelligence Analyst internship."
INT-1300,Kavya Martin,kavya.martin20@example.edu,University of Toronto,M.S. in Artificial Intelligence,2024,Full Stack Web Development,Backend Developer,1.5,"Express.js, HTML5, TypeScript, Git, REST APIs, CSS3, Docker, Postman, GitHub Actions, Team Collaboration, Communication",11,"{""Express.js"": 3, ""HTML5"": 4, ""TypeScript"": 5, ""Git"": 3, ""REST APIs"": 3, ""CSS3"": 4, ""Docker"": 2, ""Postman"": 2, ""GitHub Actions"": 2, ""Team Collaboration"": 4, ""Communication"": 4}","CSS3 Certified Associate, GitHub Actions Certified Associate","M.S. in Artificial Intelligence candidate at University of Toronto passionate about full stack web development. Proficient in Express.js, HTML5, TypeScript, Git, REST APIs, CSS3 with hands-on academic and project experience. Seeking a Backend Developer internship."
INT-1301,Rohan Sharma,rohan.sharma54@example.edu,Imperial College London,B.S. in Software Engineering,2026,Cybersecurity & Network Defense,Information Security Intern,0.5,"Network Security, Firewalls, TCP/IP, Vulnerability Assessment, Python, Linux, Forensics, Snort, Agile & Scrum, Communication, Team Collaboration, Git, Docker",13,"{""Network Security"": 3, ""Firewalls"": 4, ""TCP/IP"": 5, ""Vulnerability Assessment"": 3, ""Python"": 5, ""Linux"": 5, ""Forensics"": 3, ""Snort"": 2, ""Agile & Scrum"": 3, ""Communication"": 3, ""Team Collaboration"": 4, ""Git"": 3, ""Docker"": 3}","Network Security Certified Associate, Agile & Scrum Certified Associate","B.S. in Software Engineering candidate at Imperial College London passionate about cybersecurity & network defense. Proficient in Network Security, Firewalls, TCP/IP, Vulnerability Assessment, Python, Linux with hands-on academic and project experience. Seeking a Information Security Intern internship."
INT-1302,Aarav Lopez,aarav.lopez33@example.edu,University of Illinois Urbana-Champaign,M.S. in Computer Science,2025,AI & Machine Learning,AI Research Intern,1.5,"Deep Learning, Pandas, Statistics, PyTorch, Data Analysis, MLOps, Large Language Models, Computer Vision, Docker, Jupyter, Problem Solving, Presentation Skills, Adaptability",13,"{""Deep Learning"": 5, ""Pandas"": 4, ""Statistics"": 3, ""PyTorch"": 3, ""Data Analysis"": 4, ""MLOps"": 3, ""Large Language Models"": 3, ""Computer Vision"": 4, ""Docker"": 4, ""Jupyter"": 3, ""Problem Solving"": 3, ""Presentation Skills"": 4, ""Adaptability"": 4}","Statistics Certified Associate, PyTorch Certified Associate","M.S. in Computer Science candidate at University of Illinois Urbana-Champaign passionate about ai & machine learning. Proficient in Deep Learning, Pandas, Statistics, PyTorch, Data Analysis, MLOps with hands-on academic and project experience. Seeking a AI Research Intern internship."
INT-1303,Aarav Garcia,aarav.garcia21@example.edu,IIT Delhi,B.S. in Electrical & Computer Engineering,2026,Embedded Systems & IoT,IoT Systems Engineer,2.0,"Electronics Fundamentals, C, UART/SPI/I2C Protocols, C++, Embedded C, Embedded Linux, MQTT, Arduino, Problem Solving, Presentation Skills, Technical Writing, Git, Docker",13,"{""Electronics Fundamentals"": 3, ""C"": 3, ""UART/SPI/I2C Protocols"": 3, ""C++"": 4, ""Embedded C"": 4, ""Embedded Linux"": 4, ""MQTT"": 3, ""Arduino"": 3, ""Problem Solving"": 3, ""Presentation Skills"": 4, ""Technical Writing"": 3, ""Git"": 3, ""Docker"": 4}","UART/SPI/I2C Protocols Certified Associate, Git Certified Associate","B.S. in Electrical & Computer Engineering candidate at IIT Delhi passionate about embedded systems & iot. Proficient in Electronics Fundamentals, C, UART/SPI/I2C Protocols, C++, Embedded C, Embedded Linux with hands-on academic and project experience. Seeking a IoT Systems Engineer internship."
INT-1304,Emily Perez,emily.perez94@example.edu,Technical University of Munich,M.S. in Computer Science,2026,Embedded Systems & IoT,Robotics Software Intern,0.5,"Linux, Microcontrollers, RTOS, Electronics Fundamentals, Embedded C, BLE / Zigbee, ARM Architecture, ESP32, Raspberry Pi, Adaptability, Git, Docker",12,"{""Linux"": 4, ""Microcontrollers"": 4, ""RTOS"": 4, ""Electronics Fundamentals"": 4, ""Embedded C"": 5, ""BLE / Zigbee"": 4, ""ARM Architecture"": 3, ""ESP32"": 2, ""Raspberry Pi"": 3, ""Adaptability"": 3, ""Git"": 4, ""Docker"": 3}",None,"M.S. in Computer Science candidate at Technical University of Munich passionate about embedded systems & iot. Proficient in Linux, Microcontrollers, RTOS, Electronics Fundamentals, Embedded C, BLE / Zigbee with hands-on academic and project experience. Seeking a Robotics Software Intern internship."
INT-1305,Lars Rodriguez,lars.rodriguez39@example.edu,BITS Pilani,M.S. in Computer Science,2024,Mobile Application Development,React Native Developer,1.0,"REST APIs, Swift, React Native, Kotlin, Git, Jetpack Compose, Performance Optimization, App Store Deployment, Gradle, Xcode, Figma, Communication, Problem Solving, Critical Thinking",14,"{""REST APIs"": 4, ""Swift"": 4, ""React Native"": 5, ""Kotlin"": 4, ""Git"": 4, ""Jetpack Compose"": 2, ""Performance Optimization"": 3, ""App Store Deployment"": 2, ""Gradle"": 2, ""Xcode"": 2, ""Figma"": 3, ""Communication"": 3, ""Problem Solving"": 3, ""Critical Thinking"": 3}","React Native Certified Associate, Git Certified Associate","M.S. in Computer Science candidate at BITS Pilani passionate about mobile application development. Proficient in REST APIs, Swift, React Native, Kotlin, Git, Jetpack Compose with hands-on academic and project experience. Seeking a React Native Developer internship."
INT-1306,Rohan Smith,rohan.smith73@example.edu,Imperial College London,M.S. in Computer Science,2024,AI & Machine Learning,Deep Learning Specialist,1.0,"Data Analysis, Statistics, scikit-learn, Pandas, Python, TensorFlow, Transformers, LangChain, Model Deployment, Docker, Weights & Biases, Git, Adaptability",13,"{""Data Analysis"": 3, ""Statistics"": 5, ""scikit-learn"": 5, ""Pandas"": 4, ""Python"": 4, ""TensorFlow"": 5, ""Transformers"": 2, ""LangChain"": 3, ""Model Deployment"": 3, ""Docker"": 4, ""Weights & Biases"": 4, ""Git"": 3, ""Adaptability"": 3}","Statistics Certified Associate, TensorFlow Certified Associate","M.S. in Computer Science candidate at Imperial College London passionate about ai & machine learning. Proficient in Data Analysis, Statistics, scikit-learn, Pandas, Python, TensorFlow with hands-on academic and project experience. Seeking a Deep Learning Specialist internship."
INT-1307,William Garcia,william.garcia99@example.edu,University of Washington,M.S. in Data Analytics,2025,AI & Machine Learning,AI Research Intern,1.0,"scikit-learn, Data Analysis, Machine Learning, Deep Learning, Docker, AWS SageMaker, Technical Writing, Presentation Skills, Communication, Git",10,"{""scikit-learn"": 4, ""Data Analysis"": 5, ""Machine Learning"": 3, ""Deep Learning"": 4, ""Docker"": 2, ""AWS SageMaker"": 2, ""Technical Writing"": 4, ""Presentation Skills"": 4, ""Communication"": 3, ""Git"": 4}","Machine Learning Certified Associate, Deep Learning Certified Associate","M.S. in Data Analytics candidate at University of Washington passionate about ai & machine learning. Proficient in scikit-learn, Data Analysis, Machine Learning, Deep Learning, Docker, AWS SageMaker with hands-on academic and project experience. Seeking a AI Research Intern internship."
INT-1308,Zara Young,zara.young98@example.edu,Technical University of Munich,M.S. in Computer Science,2024,Business Intelligence & Analytics,Business Intelligence Analyst,1.5,"Business Metrics, SQL, Statistics, Exploratory Data Analysis, Excel & Spreadsheets, Tableau, Metabase, Looker, Code Documentation, Adaptability",10,"{""Business Metrics"": 3, ""SQL"": 3, ""Statistics"": 4, ""Exploratory Data Analysis"": 3, ""Excel & Spreadsheets"": 4, ""Tableau"": 4, ""Metabase"": 3, ""Looker"": 4, ""Code Documentation"": 4, ""Adaptability"": 4}","Excel & Spreadsheets Certified Associate, Tableau Certified Associate","M.S. in Computer Science candidate at Technical University of Munich passionate about business intelligence & analytics. Proficient in Business Metrics, SQL, Statistics, Exploratory Data Analysis, Excel & Spreadsheets, Tableau with hands-on academic and project experience. Seeking a Business Intelligence Analyst internship."
INT-1309,Samantha Sharma,samantha.sharma24@example.edu,ETH Zurich,B.S. in Information Systems,2024,Data Engineering & Big Data,Data Engineer,1.0,"ETL, SQL, Data Warehousing, Linux, Data Modeling, BigQuery, Redshift, Critical Thinking, Agile & Scrum, Git",10,"{""ETL"": 3, ""SQL"": 4, ""Data Warehousing"": 4, ""Linux"": 4, ""Data Modeling"": 2, ""BigQuery"": 4, ""Redshift"": 4, ""Critical Thinking"": 3, ""Agile & Scrum"": 3, ""Git"": 3}",Critical Thinking Certified Associate,"B.S. in Information Systems candidate at ETH Zurich passionate about data engineering & big data. Proficient in ETL, SQL, Data Warehousing, Linux, Data Modeling, BigQuery with hands-on academic and project experience. Seeking a Data Engineer internship."
INT-1310,Dev Perez,dev.perez60@example.edu,University of Texas at Austin,M.S. in Data Analytics,2026,Cybersecurity & Network Defense,Threat Intelligence Analyst,0.5,"Python, Linux, Vulnerability Assessment, Firewalls, Security Fundamentals, TCP/IP, SIEM, OWASP Top 10, Ethical Hacking, Wireshark, Splunk, Nessus, Adaptability, Critical Thinking, Agile & Scrum, Docker",16,"{""Python"": 4, ""Linux"": 5, ""Vulnerability Assessment"": 4, ""Firewalls"": 4, ""Security Fundamentals"": 4, ""TCP/IP"": 4, ""SIEM"": 4, ""OWASP Top 10"": 4, ""Ethical Hacking"": 4, ""Wireshark"": 4, ""Splunk"": 4, ""Nessus"": 4, ""Adaptability"": 3, ""Critical Thinking"": 4, ""Agile & Scrum"": 4, ""Docker"": 3}","Security Fundamentals Certified Associate, Wireshark Certified Associate","M.S. in Data Analytics candidate at University of Texas at Austin passionate about cybersecurity & network defense. Proficient in Python, Linux, Vulnerability Assessment, Firewalls, Security Fundamentals, TCP/IP with hands-on academic and project experience. Seeking a Threat Intelligence Analyst internship."
INT-1311,Chiara Harris,chiara.harris45@example.edu,IIT Bombay,B.S. in Information Systems,2026,Data Engineering & Big Data,Analytics Engineer,0.5,"Data Warehousing, Linux, Relational Databases, Git, Hadoop, Snowflake, MinIO, Presentation Skills, Adaptability, Agile & Scrum, Docker",11,"{""Data Warehousing"": 4, ""Linux"": 4, ""Relational Databases"": 4, ""Git"": 4, ""Hadoop"": 4, ""Snowflake"": 3, ""MinIO"": 2, ""Presentation Skills"": 4, ""Adaptability"": 4, ""Agile & Scrum"": 4, ""Docker"": 4}","Linux Certified Associate, Presentation Skills Certified Associate","B.S. in Information Systems candidate at IIT Bombay passionate about data engineering & big data. Proficient in Data Warehousing, Linux, Relational Databases, Git, Hadoop, Snowflake with hands-on academic and project experience. Seeking a Analytics Engineer internship."
INT-1312,William Thomas,william.thomas75@example.edu,University of Illinois Urbana-Champaign,M.S. in Artificial Intelligence,2025,Embedded Systems & IoT,Robotics Software Intern,0.0,"Electronics Fundamentals, RTOS, Linux, Microcontrollers, C, UART/SPI/I2C Protocols, BLE / Zigbee, FreeRTOS, PCB Basics, PlatformIO, ESP32, Arduino, Team Collaboration, Git, Docker",15,"{""Electronics Fundamentals"": 3, ""RTOS"": 5, ""Linux"": 4, ""Microcontrollers"": 3, ""C"": 3, ""UART/SPI/I2C Protocols"": 3, ""BLE / Zigbee"": 2, ""FreeRTOS"": 3, ""PCB Basics"": 3, ""PlatformIO"": 3, ""ESP32"": 3, ""Arduino"": 2, ""Team Collaboration"": 3, ""Git"": 3, ""Docker"": 4}","Linux Certified Associate, Microcontrollers Certified Associate","M.S. in Artificial Intelligence candidate at University of Illinois Urbana-Champaign passionate about embedded systems & iot. Proficient in Electronics Fundamentals, RTOS, Linux, Microcontrollers, C, UART/SPI/I2C Protocols with hands-on academic and project experience. Seeking a Robotics Software Intern internship."
INT-1313,Chloe Wilson,chloe.wilson62@example.edu,University of Texas at Austin,B.S. in Electrical & Computer Engineering,2025,Embedded Systems & IoT,Embedded Software Engineer,2.0,"C++, C, Electronics Fundamentals, Microcontrollers, ARM Architecture, Arduino, Technical Writing, Communication, Git",9,"{""C++"": 5, ""C"": 5, ""Electronics Fundamentals"": 4, ""Microcontrollers"": 5, ""ARM Architecture"": 4, ""Arduino"": 2, ""Technical Writing"": 4, ""Communication"": 3, ""Git"": 4}","Microcontrollers Certified Associate, Communication Certified Associate","B.S. in Electrical & Computer Engineering candidate at University of Texas at Austin passionate about embedded systems & iot. Proficient in C++, C, Electronics Fundamentals, Microcontrollers, ARM Architecture, Arduino with hands-on academic and project experience. Seeking a Embedded Software Engineer internship."
INT-1314,Arjun Adams,arjun.adams58@example.edu,National University of Singapore,B.S. in Data Science,2024,Full Stack Web Development,Software Engineer - Web,0.5,"CSS3, React, Git, REST APIs, SQL, PostgreSQL, Next.js, Webpack, Postman, Technical Writing, Problem Solving, Python",12,"{""CSS3"": 5, ""React"": 5, ""Git"": 5, ""REST APIs"": 5, ""SQL"": 3, ""PostgreSQL"": 4, ""Next.js"": 3, ""Webpack"": 3, ""Postman"": 2, ""Technical Writing"": 4, ""Problem Solving"": 4, ""Python"": 4}","React Certified Associate, Problem Solving Certified Associate","B.S. in Data Science candidate at National University of Singapore passionate about full stack web development. Proficient in CSS3, React, Git, REST APIs, SQL, PostgreSQL with hands-on academic and project experience. Seeking a Software Engineer - Web internship."
INT-1315,Arjun King,arjun.king16@example.edu,UC Berkeley,B.S. in Information Systems,2026,Full Stack Web Development,Software Engineer - Web,1.0,"Express.js, React, HTML5, TypeScript, CSS3, REST APIs, Redux, Redis, Postman, Communication",10,"{""Express.js"": 4, ""React"": 4, ""HTML5"": 5, ""TypeScript"": 5, ""CSS3"": 4, ""REST APIs"": 4, ""Redux"": 2, ""Redis"": 2, ""Postman"": 4, ""Communication"": 3}","Express.js Certified Associate, React Certified Associate","B.S. in Information Systems candidate at UC Berkeley passionate about full stack web development. Proficient in Express.js, React, HTML5, TypeScript, CSS3, REST APIs with hands-on academic and project experience. Seeking a Software Engineer - Web internship."
INT-1316,Jasmine Rodriguez,jasmine.rodriguez44@example.edu,ETH Zurich,B.S. in Computer Science,2026,Cybersecurity & Network Defense,Cybersecurity Analyst,0.0,"Security Fundamentals, Linux, TCP/IP, Firewalls, Python, Cryptography, Ethical Hacking, Nessus, Communication, Git",10,"{""Security Fundamentals"": 4, ""Linux"": 3, ""TCP/IP"": 3, ""Firewalls"": 5, ""Python"": 4, ""Cryptography"": 3, ""Ethical Hacking"": 3, ""Nessus"": 3, ""Communication"": 4, ""Git"": 4}",None,"B.S. in Computer Science candidate at ETH Zurich passionate about cybersecurity & network defense. Proficient in Security Fundamentals, Linux, TCP/IP, Firewalls, Python, Cryptography with hands-on academic and project experience. Seeking a Cybersecurity Analyst internship."
INT-1317,Michael Rodriguez,michael.rodriguez74@example.edu,Georgia Tech,M.S. in Data Analytics,2024,Mobile Application Development,React Native Developer,0.5,"REST APIs, State Management, Swift, Push Notifications, CoreData, Android Studio, Firebase, Technical Writing, Git, Python",10,"{""REST APIs"": 4, ""State Management"": 5, ""Swift"": 4, ""Push Notifications"": 3, ""CoreData"": 4, ""Android Studio"": 2, ""Firebase"": 2, ""Technical Writing"": 3, ""Git"": 3, ""Python"": 4}","CoreData Certified Associate, Android Studio Certified Associate","M.S. in Data Analytics candidate at Georgia Tech passionate about mobile application development. Proficient in REST APIs, State Management, Swift, Push Notifications, CoreData, Android Studio with hands-on academic and project experience. Seeking a React Native Developer internship."
INT-1318,Liam Johnson,liam.johnson54@example.edu,National University of Singapore,M.S. in Data Analytics,2026,Full Stack Web Development,Backend Developer,1.5,"SQL, REST APIs, JavaScript, PostgreSQL, GraphQL, Jest, Redis, Communication, Team Collaboration, Agile & Scrum, Git, Python",12,"{""SQL"": 4, ""REST APIs"": 3, ""JavaScript"": 3, ""PostgreSQL"": 3, ""GraphQL"": 3, ""Jest"": 2, ""Redis"": 3, ""Communication"": 4, ""Team Collaboration"": 4, ""Agile & Scrum"": 4, ""Git"": 4, ""Python"": 4}","REST APIs Certified Associate, PostgreSQL Certified Associate","M.S. in Data Analytics candidate at National University of Singapore passionate about full stack web development. Proficient in SQL, REST APIs, JavaScript, PostgreSQL, GraphQL, Jest with hands-on academic and project experience. Seeking a Backend Developer internship."
INT-1319,Jin Green,jin.green66@example.edu,Georgia Tech,B.S. in Information Systems,2024,Cloud Architecture & DevOps,Cloud Security Engineer,0.5,"Kubernetes, Linux, Networking Basics, GCP, Terraform, AWS, Vault, Nginx, Presentation Skills, Communication, Git, Docker",12,"{""Kubernetes"": 4, ""Linux"": 4, ""Networking Basics"": 3, ""GCP"": 2, ""Terraform"": 3, ""AWS"": 2, ""Vault"": 3, ""Nginx"": 4, ""Presentation Skills"": 4, ""Communication"": 3, ""Git"": 3, ""Docker"": 4}","Linux Certified Associate, GCP Certified Associate","B.S. in Information Systems candidate at Georgia Tech passionate about cloud architecture & devops. Proficient in Kubernetes, Linux, Networking Basics, GCP, Terraform, AWS with hands-on academic and project experience. Seeking a Cloud Security Engineer internship."
INT-1320,Lars Jackson,lars.jackson77@example.edu,ETH Zurich,B.S. in Data Science,2026,Data Engineering & Big Data,Data Pipeline Intern,1.0,"Linux, Data Pipelines, Git, Relational Databases, dbt, MinIO, Code Documentation, Problem Solving, Python",9,"{""Linux"": 3, ""Data Pipelines"": 4, ""Git"": 4, ""Relational Databases"": 4, ""dbt"": 3, ""MinIO"": 3, ""Code Documentation"": 3, ""Problem Solving"": 3, ""Python"": 4}",dbt Certified Associate,"B.S. in Data Science candidate at ETH Zurich passionate about data engineering & big data. Proficient in Linux, Data Pipelines, Git, Relational Databases, dbt, MinIO with hands-on academic and project experience. Seeking a Data Pipeline Intern internship."
INT-1321,Maya Sanchez,maya.sanchez29@example.edu,BITS Pilani,M.S. in Artificial Intelligence,2024,AI & Machine Learning,NLP Engineer,1.0,"Pandas, Mathematics, Data Analysis, TensorFlow, Statistics, CUDA, AWS SageMaker, Communication, Git, Docker",10,"{""Pandas"": 4, ""Mathematics"": 4, ""Data Analysis"": 5, ""TensorFlow"": 3, ""Statistics"": 3, ""CUDA"": 2, ""AWS SageMaker"": 2, ""Communication"": 3, ""Git"": 3, ""Docker"": 4}","Mathematics Certified Associate, AWS SageMaker Certified Associate","M.S. in Artificial Intelligence candidate at BITS Pilani passionate about ai & machine learning. Proficient in Pandas, Mathematics, Data Analysis, TensorFlow, Statistics, CUDA with hands-on academic and project experience. Seeking a NLP Engineer internship."
INT-1322,Chiara Nelson,chiara.nelson55@example.edu,MIT,B.S. in Software Engineering,2024,Data Engineering & Big Data,Data Pipeline Intern,1.0,"SQL, Python, Relational Databases, Git, Linux, Databricks, Code Documentation, Technical Writing, Critical Thinking",9,"{""SQL"": 3, ""Python"": 4, ""Relational Databases"": 4, ""Git"": 3, ""Linux"": 5, ""Databricks"": 4, ""Code Documentation"": 4, ""Technical Writing"": 3, ""Critical Thinking"": 3}","Python Certified Associate, Databricks Certified Associate","B.S. in Software Engineering candidate at MIT passionate about data engineering & big data. Proficient in SQL, Python, Relational Databases, Git, Linux, Databricks with hands-on academic and project experience. Seeking a Data Pipeline Intern internship."
INT-1323,Mei Baker,mei.baker61@example.edu,University of Texas at Austin,M.S. in Artificial Intelligence,2025,Mobile Application Development,iOS Engineer,1.0,"Kotlin, Dart, Git, REST APIs, Jetpack Compose, Firebase, Android Studio, Technical Writing, Docker",9,"{""Kotlin"": 4, ""Dart"": 4, ""Git"": 4, ""REST APIs"": 5, ""Jetpack Compose"": 4, ""Firebase"": 3, ""Android Studio"": 2, ""Technical Writing"": 4, ""Docker"": 3}",Firebase Certified Associate,"M.S. in Artificial Intelligence candidate at University of Texas at Austin passionate about mobile application development. Proficient in Kotlin, Dart, Git, REST APIs, Jetpack Compose, Firebase with hands-on academic and project experience. Seeking a iOS Engineer internship."
INT-1324,Lars White,lars.white51@example.edu,Georgia Tech,M.S. in Data Analytics,2025,Embedded Systems & IoT,Hardware/Software Integrator,1.5,"Embedded C, RTOS, C, Linux, Microcontrollers, BLE / Zigbee, PlatformIO, Agile & Scrum, Git",9,"{""Embedded C"": 4, ""RTOS"": 4, ""C"": 5, ""Linux"": 3, ""Microcontrollers"": 3, ""BLE / Zigbee"": 3, ""PlatformIO"": 4, ""Agile & Scrum"": 4, ""Git"": 4}","RTOS Certified Associate, Microcontrollers Certified Associate","M.S. in Data Analytics candidate at Georgia Tech passionate about embedded systems & iot. Proficient in Embedded C, RTOS, C, Linux, Microcontrollers, BLE / Zigbee with hands-on academic and project experience. Seeking a Hardware/Software Integrator internship."
INT-1325,Maya Young,maya.young85@example.edu,IIT Bombay,B.S. in Electrical & Computer Engineering,2026,Mobile Application Development,React Native Developer,0.0,"Dart, React Native, Kotlin, State Management, Swift, Mobile UI Design, Performance Optimization, Offline Sync, CocoaPods, Postman, Fastlane, Presentation Skills, Communication, Docker",14,"{""Dart"": 4, ""React Native"": 4, ""Kotlin"": 3, ""State Management"": 4, ""Swift"": 4, ""Mobile UI Design"": 5, ""Performance Optimization"": 3, ""Offline Sync"": 2, ""CocoaPods"": 4, ""Postman"": 2, ""Fastlane"": 2, ""Presentation Skills"": 3, ""Communication"": 4, ""Docker"": 3}",None,"B.S. in Electrical & Computer Engineering candidate at IIT Bombay passionate about mobile application development. Proficient in Dart, React Native, Kotlin, State Management, Swift, Mobile UI Design with hands-on academic and project experience. Seeking a React Native Developer internship."
INT-1326,William Lopez,william.lopez78@example.edu,Carnegie Mellon University,B.S. in Information Systems,2024,AI & Machine Learning,NLP Engineer,1.5,"TensorFlow, Python, Data Analysis, Machine Learning, Deep Learning, MLOps, AWS SageMaker, Jupyter, CUDA, Agile & Scrum, Team Collaboration, Presentation Skills",12,"{""TensorFlow"": 5, ""Python"": 4, ""Data Analysis"": 4, ""Machine Learning"": 4, ""Deep Learning"": 3, ""MLOps"": 3, ""AWS SageMaker"": 3, ""Jupyter"": 4, ""CUDA"": 4, ""Agile & Scrum"": 3, ""Team Collaboration"": 3, ""Presentation Skills"": 3}","Data Analysis Certified Associate, Machine Learning Certified Associate","B.S. in Information Systems candidate at Carnegie Mellon University passionate about ai & machine learning. Proficient in TensorFlow, Python, Data Analysis, Machine Learning, Deep Learning, MLOps with hands-on academic and project experience. Seeking a NLP Engineer internship."
INT-1327,Daniel Lewis,daniel.lewis95@example.edu,UC Berkeley,B.S. in Information Systems,2025,Embedded Systems & IoT,Robotics Software Intern,0.0,"Embedded C, UART/SPI/I2C Protocols, C, Electronics Fundamentals, Linux, Embedded Linux, STM32CubeIDE, Keil uVision, Time Management, Git",10,"{""Embedded C"": 5, ""UART/SPI/I2C Protocols"": 4, ""C"": 3, ""Electronics Fundamentals"": 4, ""Linux"": 5, ""Embedded Linux"": 4, ""STM32CubeIDE"": 2, ""Keil uVision"": 4, ""Time Management"": 4, ""Git"": 3}",Embedded C Certified Associate,"B.S. in Information Systems candidate at UC Berkeley passionate about embedded systems & iot. Proficient in Embedded C, UART/SPI/I2C Protocols, C, Electronics Fundamentals, Linux, Embedded Linux with hands-on academic and project experience. Seeking a Robotics Software Intern internship."
INT-1328,Jasmine Flores,jasmine.flores57@example.edu,MIT,B.S. in Electrical & Computer Engineering,2024,Embedded Systems & IoT,Hardware/Software Integrator,1.5,"C, UART/SPI/I2C Protocols, Microcontrollers, Linux, Arduino, Raspberry Pi, PlatformIO, Time Management, Technical Writing, Git",10,"{""C"": 3, ""UART/SPI/I2C Protocols"": 4, ""Microcontrollers"": 5, ""Linux"": 5, ""Arduino"": 4, ""Raspberry Pi"": 4, ""PlatformIO"": 4, ""Time Management"": 4, ""Technical Writing"": 3, ""Git"": 3}","Microcontrollers Certified Associate, Raspberry Pi Certified Associate","B.S. in Electrical & Computer Engineering candidate at MIT passionate about embedded systems & iot. Proficient in C, UART/SPI/I2C Protocols, Microcontrollers, Linux, Arduino, Raspberry Pi with hands-on academic and project experience. Seeking a Hardware/Software Integrator internship."
INT-1329,Elena Thomas,elena.thomas53@example.edu,UC Berkeley,M.S. in Artificial Intelligence,2026,Mobile Application Development,Android Developer,1.0,"React Native, REST APIs, Dart, SwiftUI, CoreData, Offline Sync, Firebase, Figma, Critical Thinking, Agile & Scrum, Presentation Skills, Git, Python, Docker",14,"{""React Native"": 4, ""REST APIs"": 4, ""Dart"": 3, ""SwiftUI"": 3, ""CoreData"": 3, ""Offline Sync"": 2, ""Firebase"": 2, ""Figma"": 2, ""Critical Thinking"": 4, ""Agile & Scrum"": 4, ""Presentation Skills"": 3, ""Git"": 4, ""Python"": 4, ""Docker"": 3}","Dart Certified Associate, Figma Certified Associate","M.S. in Artificial Intelligence candidate at UC Berkeley passionate about mobile application development. Proficient in React Native, REST APIs, Dart, SwiftUI, CoreData, Offline Sync with hands-on academic and project experience. Seeking a Android Developer internship."
INT-1330,Sophia Jones,sophia.jones43@example.edu,Technical University of Munich,B.S. in Data Science,2024,Data Engineering & Big Data,Data Platform Engineer,0.0,"SQL, Data Warehousing, Python, ETL, Linux, Airflow, Databricks, Adaptability, Communication, Code Documentation, Git, Docker",12,"{""SQL"": 4, ""Data Warehousing"": 5, ""Python"": 4, ""ETL"": 3, ""Linux"": 5, ""Airflow"": 3, ""Databricks"": 4, ""Adaptability"": 4, ""Communication"": 3, ""Code Documentation"": 4, ""Git"": 4, ""Docker"": 3}","Linux Certified Associate, Databricks Certified Associate","B.S. in Data Science candidate at Technical University of Munich passionate about data engineering & big data. Proficient in SQL, Data Warehousing, Python, ETL, Linux, Airflow with hands-on academic and project experience. Seeking a Data Platform Engineer internship."
INT-1331,Ibrahim Nelson,ibrahim.nelson26@example.edu,Carnegie Mellon University,B.S. in Data Science,2026,Cybersecurity & Network Defense,Threat Intelligence Analyst,0.5,"Network Security, Firewalls, Security Fundamentals, Cryptography, Metasploit, Communication, Git, Python, Docker",9,"{""Network Security"": 4, ""Firewalls"": 3, ""Security Fundamentals"": 3, ""Cryptography"": 5, ""Metasploit"": 2, ""Communication"": 4, ""Git"": 3, ""Python"": 4, ""Docker"": 3}","Network Security Certified Associate, Security Fundamentals Certified Associate","B.S. in Data Science candidate at Carnegie Mellon University passionate about cybersecurity & network defense. Proficient in Network Security, Firewalls, Security Fundamentals, Cryptography, Metasploit, Communication with hands-on academic and project experience. Seeking a Threat Intelligence Analyst internship."
INT-1332,Lucas Lee,lucas.lee34@example.edu,BITS Pilani,B.S. in Electrical & Computer Engineering,2025,Cloud Architecture & DevOps,Cloud Infrastructure Engineer,1.0,"Networking Basics, Kubernetes, Bash Scripting, Linux, CI/CD, Docker, Nginx, Terraform Cloud, Team Collaboration, Git, Python",11,"{""Networking Basics"": 4, ""Kubernetes"": 4, ""Bash Scripting"": 4, ""Linux"": 5, ""CI/CD"": 3, ""Docker"": 5, ""Nginx"": 4, ""Terraform Cloud"": 2, ""Team Collaboration"": 4, ""Git"": 4, ""Python"": 4}","Nginx Certified Associate, Terraform Cloud Certified Associate","B.S. in Electrical & Computer Engineering candidate at BITS Pilani passionate about cloud architecture & devops. Proficient in Networking Basics, Kubernetes, Bash Scripting, Linux, CI/CD, Docker with hands-on academic and project experience. Seeking a Cloud Infrastructure Engineer internship."
INT-1333,Grace King,grace.king75@example.edu,Carnegie Mellon University,B.S. in Data Science,2025,Embedded Systems & IoT,Hardware/Software Integrator,1.0,"Embedded C, UART/SPI/I2C Protocols, RTOS, C, Electronics Fundamentals, Keil uVision, ESP32, Team Collaboration, Presentation Skills, Communication",10,"{""Embedded C"": 4, ""UART/SPI/I2C Protocols"": 5, ""RTOS"": 3, ""C"": 4, ""Electronics Fundamentals"": 3, ""Keil uVision"": 3, ""ESP32"": 4, ""Team Collaboration"": 4, ""Presentation Skills"": 4, ""Communication"": 3}","UART/SPI/I2C Protocols Certified Associate, Team Collaboration Certified Associate","B.S. in Data Science candidate at Carnegie Mellon University passionate about embedded systems & iot. Proficient in Embedded C, UART/SPI/I2C Protocols, RTOS, C, Electronics Fundamentals, Keil uVision with hands-on academic and project experience. Seeking a Hardware/Software Integrator internship."
INT-1334,Lucas Lewis,lucas.lewis89@example.edu,University of Texas at Austin,B.S. in Electrical & Computer Engineering,2025,Data Engineering & Big Data,Data Engineer,0.0,"Data Warehousing, ETL, SQL, Git, Python, Apache Kafka, BigQuery, Databricks, AWS S3, Code Documentation",10,"{""Data Warehousing"": 3, ""ETL"": 3, ""SQL"": 5, ""Git"": 4, ""Python"": 4, ""Apache Kafka"": 3, ""BigQuery"": 3, ""Databricks"": 3, ""AWS S3"": 2, ""Code Documentation"": 3}",Databricks Certified Associate,"B.S. in Electrical & Computer Engineering candidate at University of Texas at Austin passionate about data engineering & big data. Proficient in Data Warehousing, ETL, SQL, Git, Python, Apache Kafka with hands-on academic and project experience. Seeking a Data Engineer internship."
INT-1335,Yuki Allen,yuki.allen90@example.edu,MIT,B.S. in Electrical & Computer Engineering,2025,Full Stack Web Development,Backend Developer,1.0,"Express.js, Node.js, TypeScript, JavaScript, Redis, Webpack, Presentation Skills, Git",8,"{""Express.js"": 4, ""Node.js"": 5, ""TypeScript"": 4, ""JavaScript"": 3, ""Redis"": 4, ""Webpack"": 2, ""Presentation Skills"": 3, ""Git"": 4}","Express.js Certified Associate, TypeScript Certified Associate","B.S. in Electrical & Computer Engineering candidate at MIT passionate about full stack web development. Proficient in Express.js, Node.js, TypeScript, JavaScript, Redis, Webpack with hands-on academic and project experience. Seeking a Backend Developer internship."
INT-1336,Olivia Gonzalez,olivia.gonzalez89@example.edu,MIT,B.S. in Data Science,2024,AI & Machine Learning,Deep Learning Specialist,0.5,"Deep Learning, Machine Learning, Mathematics, Pandas, TensorFlow, Transformers, Hugging Face, MLflow, Jupyter, FastAPI, Agile & Scrum, Code Documentation, Git, Docker",14,"{""Deep Learning"": 4, ""Machine Learning"": 5, ""Mathematics"": 3, ""Pandas"": 5, ""TensorFlow"": 4, ""Transformers"": 3, ""Hugging Face"": 3, ""MLflow"": 4, ""Jupyter"": 4, ""FastAPI"": 4, ""Agile & Scrum"": 4, ""Code Documentation"": 4, ""Git"": 3, ""Docker"": 3}","Hugging Face Certified Associate, FastAPI Certified Associate","B.S. in Data Science candidate at MIT passionate about ai & machine learning. Proficient in Deep Learning, Machine Learning, Mathematics, Pandas, TensorFlow, Transformers with hands-on academic and project experience. Seeking a Deep Learning Specialist internship."
INT-1337,David Johnson,david.johnson39@example.edu,Technical University of Munich,B.S. in Software Engineering,2025,Full Stack Web Development,Web Application Intern,1.5,"SQL, CSS3, HTML5, TypeScript, VS Code, Postman, Vercel, Adaptability, Git, Python",10,"{""SQL"": 4, ""CSS3"": 4, ""HTML5"": 4, ""TypeScript"": 4, ""VS Code"": 2, ""Postman"": 2, ""Vercel"": 3, ""Adaptability"": 4, ""Git"": 3, ""Python"": 3}","CSS3 Certified Associate, Postman Certified Associate","B.S. in Software Engineering candidate at Technical University of Munich passionate about full stack web development. Proficient in SQL, CSS3, HTML5, TypeScript, VS Code, Postman with hands-on academic and project experience. Seeking a Web Application Intern internship."
INT-1338,Isabella Martin,isabella.martin13@example.edu,Stanford University,B.S. in Computer Science,2024,Cloud Architecture & DevOps,DevOps Intern,0.0,"Bash Scripting, Linux, Git, Vault, Nginx, Critical Thinking",6,"{""Bash Scripting"": 3, ""Linux"": 3, ""Git"": 4, ""Vault"": 3, ""Nginx"": 3, ""Critical Thinking"": 4}",Critical Thinking Certified Associate,"B.S. in Computer Science candidate at Stanford University passionate about cloud architecture & devops. Proficient in Bash Scripting, Linux, Git, Vault, Nginx, Critical Thinking with hands-on academic and project experience. Seeking a DevOps Intern internship."
INT-1339,Lars Wright,lars.wright79@example.edu,Cornell University,M.S. in Data Analytics,2025,Cloud Architecture & DevOps,Platform Engineer,2.0,"Linux, Docker, Kubernetes, Prometheus, GitLab CI, Adaptability, Code Documentation, Git, Python",9,"{""Linux"": 4, ""Docker"": 4, ""Kubernetes"": 5, ""Prometheus"": 3, ""GitLab CI"": 4, ""Adaptability"": 4, ""Code Documentation"": 3, ""Git"": 4, ""Python"": 4}","Prometheus Certified Associate, GitLab CI Certified Associate","M.S. in Data Analytics candidate at Cornell University passionate about cloud architecture & devops. Proficient in Linux, Docker, Kubernetes, Prometheus, GitLab CI, Adaptability with hands-on academic and project experience. Seeking a Platform Engineer internship."
INT-1340,Emily Wright,emily.wright58@example.edu,Technical University of Munich,B.S. in Computer Science,2026,Data Engineering & Big Data,ETL Developer,0.0,"ETL, Linux, Relational Databases, Data Warehousing, Git, Data Pipelines, Kafka Connect, Tableau, Problem Solving",9,"{""ETL"": 4, ""Linux"": 4, ""Relational Databases"": 3, ""Data Warehousing"": 3, ""Git"": 4, ""Data Pipelines"": 3, ""Kafka Connect"": 2, ""Tableau"": 3, ""Problem Solving"": 4}","Linux Certified Associate, Git Certified Associate","B.S. in Computer Science candidate at Technical University of Munich passionate about data engineering & big data. Proficient in ETL, Linux, Relational Databases, Data Warehousing, Git, Data Pipelines with hands-on academic and project experience. Seeking a ETL Developer internship."
INT-1341,Hannah Young,hannah.young34@example.edu,University of Illinois Urbana-Champaign,M.S. in Artificial Intelligence,2026,Embedded Systems & IoT,Hardware/Software Integrator,0.0,"C++, Electronics Fundamentals, UART/SPI/I2C Protocols, RTOS, Microcontrollers, Embedded C, BLE / Zigbee, Device Drivers, Logic Analyzer, Code Documentation, Git, Python",12,"{""C++"": 4, ""Electronics Fundamentals"": 4, ""UART/SPI/I2C Protocols"": 5, ""RTOS"": 4, ""Microcontrollers"": 3, ""Embedded C"": 4, ""BLE / Zigbee"": 3, ""Device Drivers"": 2, ""Logic Analyzer"": 3, ""Code Documentation"": 3, ""Git"": 4, ""Python"": 4}","UART/SPI/I2C Protocols Certified Associate, Device Drivers Certified Associate","M.S. in Artificial Intelligence candidate at University of Illinois Urbana-Champaign passionate about embedded systems & iot. Proficient in C++, Electronics Fundamentals, UART/SPI/I2C Protocols, RTOS, Microcontrollers, Embedded C with hands-on academic and project experience. Seeking a Hardware/Software Integrator internship."
INT-1342,Fatima Hall,fatima.hall12@example.edu,BITS Pilani,B.S. in Software Engineering,2025,Cloud Architecture & DevOps,Site Reliability Engineer (SRE),1.0,"Linux, Networking Basics, Bash Scripting, Cloud Computing, Docker, CI/CD, Grafana, Service Mesh, ArgoCD, Datadog, Team Collaboration, Time Management, Agile & Scrum, Git",14,"{""Linux"": 4, ""Networking Basics"": 3, ""Bash Scripting"": 4, ""Cloud Computing"": 3, ""Docker"": 4, ""CI/CD"": 4, ""Grafana"": 3, ""Service Mesh"": 3, ""ArgoCD"": 2, ""Datadog"": 3, ""Team Collaboration"": 3, ""Time Management"": 4, ""Agile & Scrum"": 4, ""Git"": 3}","Networking Basics Certified Associate, Bash Scripting Certified Associate","B.S. in Software Engineering candidate at BITS Pilani passionate about cloud architecture & devops. Proficient in Linux, Networking Basics, Bash Scripting, Cloud Computing, Docker, CI/CD with hands-on academic and project experience. Seeking a Site Reliability Engineer (SRE) internship."
INT-1343,Gabriel Miller,gabriel.miller61@example.edu,University of Texas at Austin,M.S. in Computer Science,2024,Cybersecurity & Network Defense,Penetration Tester,1.5,"Security Fundamentals, TCP/IP, Python, Snort, Critical Thinking, Technical Writing, Code Documentation",7,"{""Security Fundamentals"": 3, ""TCP/IP"": 3, ""Python"": 4, ""Snort"": 2, ""Critical Thinking"": 3, ""Technical Writing"": 3, ""Code Documentation"": 3}",Technical Writing Certified Associate,"M.S. in Computer Science candidate at University of Texas at Austin passionate about cybersecurity & network defense. Proficient in Security Fundamentals, TCP/IP, Python, Snort, Critical Thinking, Technical Writing with hands-on academic and project experience. Seeking a Penetration Tester internship."
INT-1344,Carlos Nelson,carlos.nelson73@example.edu,Cornell University,B.S. in Information Systems,2026,Data Engineering & Big Data,Data Platform Engineer,0.0,"ETL, Linux, Data Pipelines, Relational Databases, Data Warehousing, Python, Docker, MinIO, Databricks, Presentation Skills, Critical Thinking, Adaptability",12,"{""ETL"": 3, ""Linux"": 4, ""Data Pipelines"": 4, ""Relational Databases"": 4, ""Data Warehousing"": 5, ""Python"": 5, ""Docker"": 3, ""MinIO"": 2, ""Databricks"": 4, ""Presentation Skills"": 3, ""Critical Thinking"": 4, ""Adaptability"": 3}","ETL Certified Associate, Python Certified Associate","B.S. in Information Systems candidate at Cornell University passionate about data engineering & big data. Proficient in ETL, Linux, Data Pipelines, Relational Databases, Data Warehousing, Python with hands-on academic and project experience. Seeking a Data Platform Engineer internship."
INT-1345,Sara Allen,sara.allen62@example.edu,Imperial College London,B.S. in Computer Science,2026,Mobile Application Development,Flutter Developer,0.0,"REST APIs, State Management, Git, Mobile UI Design, Dart, Jetpack Compose, Xcode, Figma, Agile & Scrum, Code Documentation, Python, Docker",12,"{""REST APIs"": 4, ""State Management"": 3, ""Git"": 4, ""Mobile UI Design"": 4, ""Dart"": 5, ""Jetpack Compose"": 4, ""Xcode"": 4, ""Figma"": 2, ""Agile & Scrum"": 3, ""Code Documentation"": 4, ""Python"": 3, ""Docker"": 4}","REST APIs Certified Associate, Git Certified Associate","B.S. in Computer Science candidate at Imperial College London passionate about mobile application development. Proficient in REST APIs, State Management, Git, Mobile UI Design, Dart, Jetpack Compose with hands-on academic and project experience. Seeking a Flutter Developer internship."
INT-1346,Siddharth King,siddharth.king92@example.edu,University of Illinois Urbana-Champaign,B.S. in Data Science,2026,Embedded Systems & IoT,Hardware/Software Integrator,1.0,"Embedded C, Electronics Fundamentals, C, Linux, RTOS, Oscilloscope, Time Management, Git",8,"{""Embedded C"": 4, ""Electronics Fundamentals"": 5, ""C"": 3, ""Linux"": 4, ""RTOS"": 4, ""Oscilloscope"": 4, ""Time Management"": 4, ""Git"": 3}","Embedded C Certified Associate, Oscilloscope Certified Associate","B.S. in Data Science candidate at University of Illinois Urbana-Champaign passionate about embedded systems & iot. Proficient in Embedded C, Electronics Fundamentals, C, Linux, RTOS, Oscilloscope with hands-on academic and project experience. Seeking a Hardware/Software Integrator internship."
INT-1347,Jack Wright,jack.wright33@example.edu,IIT Delhi,B.S. in Computer Science,2025,Full Stack Web Development,Backend Developer,2.0,"Git, Express.js, SQL, REST APIs, Microservices, PostgreSQL, Next.js, Redis, Vite, Postman, Adaptability, Time Management, Code Documentation, Docker",14,"{""Git"": 3, ""Express.js"": 4, ""SQL"": 3, ""REST APIs"": 4, ""Microservices"": 3, ""PostgreSQL"": 3, ""Next.js"": 3, ""Redis"": 2, ""Vite"": 2, ""Postman"": 2, ""Adaptability"": 4, ""Time Management"": 3, ""Code Documentation"": 4, ""Docker"": 4}","SQL Certified Associate, Microservices Certified Associate","B.S. in Computer Science candidate at IIT Delhi passionate about full stack web development. Proficient in Git, Express.js, SQL, REST APIs, Microservices, PostgreSQL with hands-on academic and project experience. Seeking a Backend Developer internship."
INT-1348,Yuki Gonzalez,yuki.gonzalez51@example.edu,University of Texas at Austin,M.S. in Computer Science,2026,Cybersecurity & Network Defense,Information Security Intern,0.5,"TCP/IP, Firewalls, Network Security, Incident Response, Forensics, Snort, Time Management, Problem Solving, Git, Docker",10,"{""TCP/IP"": 4, ""Firewalls"": 4, ""Network Security"": 5, ""Incident Response"": 3, ""Forensics"": 2, ""Snort"": 4, ""Time Management"": 4, ""Problem Solving"": 4, ""Git"": 4, ""Docker"": 4}","Network Security Certified Associate, Snort Certified Associate","M.S. in Computer Science candidate at University of Texas at Austin passionate about cybersecurity & network defense. Proficient in TCP/IP, Firewalls, Network Security, Incident Response, Forensics, Snort with hands-on academic and project experience. Seeking a Information Security Intern internship."
INT-1349,Jin Campbell,jin.campbell25@example.edu,University of Illinois Urbana-Champaign,B.S. in Information Systems,2025,Data Engineering & Big Data,Analytics Engineer,1.5,"Relational Databases, Data Warehousing, Python, Git, Airflow, MinIO, Tableau, AWS S3, Problem Solving, Presentation Skills",10,"{""Relational Databases"": 5, ""Data Warehousing"": 3, ""Python"": 3, ""Git"": 3, ""Airflow"": 4, ""MinIO"": 4, ""Tableau"": 2, ""AWS S3"": 2, ""Problem Solving"": 3, ""Presentation Skills"": 3}","Airflow Certified Associate, MinIO Certified Associate","B.S. in Information Systems candidate at University of Illinois Urbana-Champaign passionate about data engineering & big data. Proficient in Relational Databases, Data Warehousing, Python, Git, Airflow, MinIO with hands-on academic and project experience. Seeking a Analytics Engineer internship."
INT-1350,Jasmine Johnson,jasmine.johnson68@example.edu,University of Washington,M.S. in Artificial Intelligence,2026,Full Stack Web Development,Web Application Intern,2.0,"HTML5, JavaScript, Node.js, TypeScript, Microservices, MongoDB, Next.js, Vercel, Redis, Webpack, Presentation Skills, Team Collaboration, Git, Python",14,"{""HTML5"": 4, ""JavaScript"": 5, ""Node.js"": 5, ""TypeScript"": 4, ""Microservices"": 3, ""MongoDB"": 3, ""Next.js"": 2, ""Vercel"": 4, ""Redis"": 2, ""Webpack"": 4, ""Presentation Skills"": 4, ""Team Collaboration"": 4, ""Git"": 4, ""Python"": 3}","TypeScript Certified Associate, MongoDB Certified Associate","M.S. in Artificial Intelligence candidate at University of Washington passionate about full stack web development. Proficient in HTML5, JavaScript, Node.js, TypeScript, Microservices, MongoDB with hands-on academic and project experience. Seeking a Web Application Intern internship."
