intern_id,name,university,target_domain,target_role,cluster_name,readiness_score_pct,matched_skills_count,matched_skills,missing_critical_count,missing_critical_skills,missing_preferred_skills,proficiency_deficits_count
INT-1001,Nadia Thomas,Georgia Tech,Full Stack Web Development,Full Stack Developer,"Full Stack Web Development (Web, Full)",27.4,3,SQL; Git; Adaptability,5,HTML5; JavaScript; Express.js; Postman; Presentation Skills,GraphQL; Tailwind CSS; Vercel,1
INT-1002,Fatima Baker,University of Texas at Austin,Data Engineering & Big Data,Analytics Engineer,"Data Engineering & Big Data (Data, Kafka)",18.5,1,Communication,5,Git; Python; ETL; Relational Databases; MinIO,Apache Kafka; BigQuery,1
INT-1003,Priya Davis,University of Texas at Austin,Business Intelligence & Analytics,Operations Analyst,"Business Intelligence & Analytics (Business, Powerbi)",46.9,5,Exploratory Data Analysis; Data Visualization; Tableau; Power BI Service; HubSpot,3,Statistics; Excel & Spreadsheets; Technical Writing,DAX; Cohort Analysis; Tableau Desktop,2
INT-1004,Amara Wilson,UC Berkeley,Mobile Application Development,Flutter Developer,"Mobile Application Development (Mobile, Application Development)",22.3,3,State Management; Git; Communication,5,React Native; Flutter; Gradle; Fastlane; Agile & Scrum,Push Notifications; Jetpack Compose; App Store Deployment; CocoaPods,1
INT-1005,Rohan Lopez,BITS Pilani,Mobile Application Development,Mobile Software Intern,"Mobile Application Development (Mobile, Application Development)",21.6,2,State Management; Git,6,React Native; Flutter; Gradle; Fastlane; Communication; Agile & Scrum,Push Notifications; App Store Deployment; CocoaPods,0
INT-1006,Gabriel White,National University of Singapore,Embedded Systems & IoT,Hardware/Software Integrator,"Embedded Systems & IoT (Embedded, Systems Iot)",41.1,4,Linux; UART/SPI/I2C Protocols; Electronics Fundamentals; PlatformIO,5,RTOS; C; Oscilloscope; Communication; Code Documentation,BLE / Zigbee; ARM Architecture; PCB Basics,3
INT-1007,Vikram Jones,ETH Zurich,Embedded Systems & IoT,Robotics Software Intern,"Embedded Systems & IoT (Embedded, Systems Iot)",27.7,3,RTOS; Electronics Fundamentals; PlatformIO,6,Linux; UART/SPI/I2C Protocols; C; Oscilloscope; Communication; Code Documentation,BLE / Zigbee; ARM Architecture; FreeRTOS; PCB Basics; Raspberry Pi,2
INT-1008,Carlos Anderson,Technical University of Munich,Data Engineering & Big Data,Big Data Developer,"Data Engineering & Big Data (Data, Kafka)",35.2,3,Git; Python; Relational Databases,3,ETL; MinIO; Communication,Apache Kafka; BigQuery; Docker,0
INT-1009,Jin Harris,University of Michigan,Cloud Architecture & DevOps,DevOps Intern,"Cloud Architecture & DevOps (Cloud, Devops)",44.7,5,Linux; Networking Basics; Cloud Computing; Kubernetes; GitLab CI,2,Terraform Cloud; Technical Writing,GCP; Infrastructure as Code; ELK Stack; Datadog,2
INT-1010,Noah Williams,University of Toronto,Cybersecurity & Network Defense,SOC Analyst,"Cybersecurity & Network Defense (Network, Security)",47.8,4,Firewalls; Cryptography; Linux; Kali Linux,3,Vulnerability Assessment; Network Security; Time Management,Penetration Testing; Ethical Hacking,1
INT-1011,Vikram Hernandez,BITS Pilani,Business Intelligence & Analytics,Operations Analyst,"Business Intelligence & Analytics (Business, Powerbi)",34.9,4,Exploratory Data Analysis; Data Visualization; Tableau; HubSpot,4,Statistics; Excel & Spreadsheets; Power BI Service; Technical Writing,DAX; Cohort Analysis; Metabase; Tableau Desktop,0
INT-1012,Isabella Martin,Georgia Tech,Mobile Application Development,Flutter Developer,"Mobile Application Development (Mobile, Application Development)",23.2,3,React Native; Flutter; Git,5,State Management; Gradle; Fastlane; Communication; Agile & Scrum,Push Notifications; Jetpack Compose; App Store Deployment; CocoaPods,0
INT-1013,Vikram Green,IIT Bombay,Business Intelligence & Analytics,Marketing Analytics Intern,"Business Intelligence & Analytics (Business, Powerbi)",40.8,4,Exploratory Data Analysis; Data Visualization; Tableau; Excel & Spreadsheets,4,Statistics; Power BI Service; HubSpot; Technical Writing,DAX; Cohort Analysis; Tableau Desktop,3
INT-1014,Yuki Torres,Cornell University,Data Engineering & Big Data,Big Data Developer,"Data Engineering & Big Data (Data, Kafka)",38.2,2,Git; ETL,4,Python; Relational Databases; MinIO; Communication,BigQuery,1
INT-1015,Olivia Wilson,University of Toronto,Full Stack Web Development,Backend Developer,"Full Stack Web Development (Web, Full)",32.3,4,SQL; HTML5; Git; Adaptability,4,JavaScript; Express.js; Postman; Presentation Skills,GraphQL; Tailwind CSS; Vercel; Docker,1
INT-1016,Daniel Hall,Carnegie Mellon University,Mobile Application Development,Flutter Developer,"Mobile Application Development (Mobile, Application Development)",37.7,4,React Native; State Management; Git; Communication,4,Flutter; Gradle; Fastlane; Agile & Scrum,Jetpack Compose; App Store Deployment; CocoaPods,2
INT-1017,Elena Wright,University of Texas at Austin,AI & Machine Learning,Data Scientist,"AI & Machine Learning (Learning, Machine)",31.2,3,Mathematics; PyTorch; Python,6,Machine Learning; Statistics; Git; Weights & Biases; Presentation Skills; Adaptability,Vector Databases; LangChain,2
INT-1018,Nadia Wright,Carnegie Mellon University,Mobile Application Development,React Native Developer,"Mobile Application Development (Mobile, Application Development)",51.6,5,React Native; State Management; Git; Fastlane; Communication,3,Flutter; Gradle; Agile & Scrum,Jetpack Compose,2
INT-1019,Liam Nguyen,MIT,Cybersecurity & Network Defense,Information Security Intern,"Cybersecurity & Network Defense (Network, Security)",33.8,2,Vulnerability Assessment; Network Security,5,Firewalls; Cryptography; Linux; Kali Linux; Time Management,Penetration Testing; Ethical Hacking,1
INT-1020,William Green,IIT Delhi,Mobile Application Development,React Native Developer,"Mobile Application Development (Mobile, Application Development)",27.1,2,Flutter; Git,6,React Native; State Management; Gradle; Fastlane; Communication; Agile & Scrum,Push Notifications; App Store Deployment,0
INT-1021,Alexander Nguyen,Cornell University,Embedded Systems & IoT,Robotics Software Intern,"Embedded Systems & IoT (Embedded, Systems Iot)",43.0,5,Linux; RTOS; C; Electronics Fundamentals; PlatformIO,4,UART/SPI/I2C Protocols; Oscilloscope; Communication; Code Documentation,BLE / Zigbee; ARM Architecture; FreeRTOS; PCB Basics,1
INT-1022,Hannah Thompson,Cornell University,Embedded Systems & IoT,Embedded Software Engineer,"Embedded Systems & IoT (Embedded, Systems Iot)",41.6,3,UART/SPI/I2C Protocols; C; Oscilloscope,6,Linux; RTOS; Electronics Fundamentals; PlatformIO; Communication; Code Documentation,FreeRTOS; Raspberry Pi,1
INT-1023,Priya Williams,National University of Singapore,Data Engineering & Big Data,Data Engineer,"Data Engineering & Big Data (Data, Kafka)",29.0,3,Git; ETL; Communication,3,Python; Relational Databases; MinIO,Apache Kafka; BigQuery; Docker,2
INT-1024,Mei Jones,University of Michigan,Cloud Architecture & DevOps,Cloud Security Engineer,"Cloud Architecture & DevOps (Cloud, Devops)",27.7,2,Linux; Cloud Computing,5,Networking Basics; Kubernetes; Terraform Cloud; GitLab CI; Technical Writing,GCP; Infrastructure as Code; ELK Stack,1
INT-1025,Ibrahim Martinez,Georgia Tech,Cloud Architecture & DevOps,Platform Engineer,"Cloud Architecture & DevOps (Cloud, Devops)",31.1,3,Linux; Kubernetes; Technical Writing,4,Networking Basics; Cloud Computing; Terraform Cloud; GitLab CI,GCP; ELK Stack; Datadog,0
INT-1026,Yuki Young,ETH Zurich,Data Engineering & Big Data,Data Platform Engineer,"Data Engineering & Big Data (Data, Kafka)",38.7,4,Git; Python; ETL; MinIO,2,Relational Databases; Communication,Apache Kafka; BigQuery; Docker,1
INT-1027,Amara Taylor,Imperial College London,Business Intelligence & Analytics,Operations Analyst,"Business Intelligence & Analytics (Business, Powerbi)",26.5,3,Tableau; Excel & Spreadsheets; Power BI Service,5,Exploratory Data Analysis; Data Visualization; Statistics; HubSpot; Technical Writing,DAX; Cohort Analysis; Metabase; Tableau Desktop,1
INT-1028,James Hall,MIT,Cloud Architecture & DevOps,Site Reliability Engineer (SRE),"Cloud Architecture & DevOps (Cloud, Devops)",20.6,2,Networking Basics; Kubernetes,5,Linux; Cloud Computing; Terraform Cloud; GitLab CI; Technical Writing,GCP; Infrastructure as Code; ELK Stack; Datadog,0
INT-1029,Sophia Baker,UC Berkeley,Cloud Architecture & DevOps,Cloud Security Engineer,"Cloud Architecture & DevOps (Cloud, Devops)",35.6,3,Networking Basics; Cloud Computing; Kubernetes,4,Linux; Terraform Cloud; GitLab CI; Technical Writing,GCP; Infrastructure as Code; ELK Stack,2
INT-1030,Dev Flores,Carnegie Mellon University,Data Engineering & Big Data,ETL Developer,"Data Engineering & Big Data (Data, Kafka)",31.1,3,Git; ETL; MinIO,3,Python; Relational Databases; Communication,Apache Kafka; BigQuery; Docker,2
INT-1031,Vikram Flores,BITS Pilani,AI & Machine Learning,NLP Engineer,"AI & Machine Learning (Learning, Machine)",26.6,4,Machine Learning; Python; Git; Adaptability,5,Mathematics; PyTorch; Statistics; Weights & Biases; Presentation Skills,Vector Databases; LangChain; CUDA,1
INT-1032,Zara Brown,University of Toronto,Cloud Architecture & DevOps,Platform Engineer,"Cloud Architecture & DevOps (Cloud, Devops)",24.5,2,Linux; Networking Basics,5,Cloud Computing; Kubernetes; Terraform Cloud; GitLab CI; Technical Writing,GCP; Infrastructure as Code; ELK Stack,1
INT-1033,Vikram Clark,National University of Singapore,Data Engineering & Big Data,Data Pipeline Intern,"Data Engineering & Big Data (Data, Kafka)",34.1,3,Git; Python; ETL,3,Relational Databases; MinIO; Communication,Apache Kafka; Docker,0
INT-1034,Rahul Clark,UC Berkeley,Cloud Architecture & DevOps,DevOps Intern,"Cloud Architecture & DevOps (Cloud, Devops)",41.8,4,Linux; Networking Basics; GitLab CI; Technical Writing,3,Cloud Computing; Kubernetes; Terraform Cloud,Infrastructure as Code; ELK Stack; Datadog,1
INT-1035,Kavya Wilson,University of Toronto,Data Engineering & Big Data,Data Engineer,"Data Engineering & Big Data (Data, Kafka)",37.3,2,ETL; Relational Databases,4,Git; Python; MinIO; Communication,BigQuery,1
INT-1036,Dev Sanchez,University of Washington,Mobile Application Development,Mobile App Developer,"Mobile Application Development (Mobile, Application Development)",26.3,3,React Native; State Management; Git,5,Flutter; Gradle; Fastlane; Communication; Agile & Scrum,Push Notifications; Jetpack Compose; App Store Deployment; CocoaPods,1
INT-1037,Elena Adams,Imperial College London,AI & Machine Learning,Computer Vision Engineer,"AI & Machine Learning (Learning, Machine)",33.1,5,Mathematics; Machine Learning; PyTorch; Git; Adaptability,4,Statistics; Python; Weights & Biases; Presentation Skills,Vector Databases; LangChain; CUDA,1
INT-1038,Samantha Gonzalez,Georgia Tech,Cloud Architecture & DevOps,Site Reliability Engineer (SRE),"Cloud Architecture & DevOps (Cloud, Devops)",23.2,2,Kubernetes; Technical Writing,5,Linux; Networking Basics; Cloud Computing; Terraform Cloud; GitLab CI,GCP; ELK Stack; Datadog,2
INT-1039,Carlos Moore,ETH Zurich,Mobile Application Development,Flutter Developer,"Mobile Application Development (Mobile, Application Development)",27.9,3,Git; Fastlane; Communication,5,React Native; State Management; Flutter; Gradle; Agile & Scrum,Push Notifications; App Store Deployment; CocoaPods,2
INT-1040,Isabella Clark,Carnegie Mellon University,Embedded Systems & IoT,Embedded Software Engineer,"Embedded Systems & IoT (Embedded, Systems Iot)",30.2,3,UART/SPI/I2C Protocols; C; Electronics Fundamentals,6,Linux; RTOS; PlatformIO; Oscilloscope; Communication; Code Documentation,BLE / Zigbee; ARM Architecture; FreeRTOS; Raspberry Pi,1
INT-1041,Chloe White,Technical University of Munich,Full Stack Web Development,Frontend Engineer,"Full Stack Web Development (Web, Full)",40.6,4,HTML5; Git; JavaScript; Adaptability,4,SQL; Express.js; Postman; Presentation Skills,GraphQL; Tailwind CSS,1
INT-1042,Rahul Rodriguez,Georgia Tech,AI & Machine Learning,Computer Vision Engineer,"AI & Machine Learning (Learning, Machine)",10.7,1,Git,8,Mathematics; Machine Learning; PyTorch; Statistics; Python; Weights & Biases; Presentation Skills; Adaptability,Vector Databases; LangChain; CUDA,0
INT-1043,Jin Allen,BITS Pilani,Embedded Systems & IoT,Robotics Software Intern,"Embedded Systems & IoT (Embedded, Systems Iot)",32.7,2,RTOS; UART/SPI/I2C Protocols,7,Linux; C; Electronics Fundamentals; PlatformIO; Oscilloscope; Communication; Code Documentation,ARM Architecture; FreeRTOS; Raspberry Pi,0
INT-1044,Chloe Harris,Carnegie Mellon University,Cybersecurity & Network Defense,Cybersecurity Analyst,"Cybersecurity & Network Defense (Network, Security)",26.9,2,Firewalls; Cryptography,5,Vulnerability Assessment; Linux; Network Security; Kali Linux; Time Management,Penetration Testing; Ethical Hacking; Nessus,0
INT-1045,Fatima Garcia,IIT Delhi,Embedded Systems & IoT,Firmware Developer,"Embedded Systems & IoT (Embedded, Systems Iot)",32.8,3,UART/SPI/I2C Protocols; Electronics Fundamentals; Code Documentation,6,Linux; RTOS; C; PlatformIO; Oscilloscope; Communication,BLE / Zigbee; ARM Architecture; FreeRTOS; PCB Basics,0
INT-1046,Daniel Hill,University of Texas at Austin,Mobile Application Development,Mobile Software Intern,"Mobile Application Development (Mobile, Application Development)",35.5,5,React Native; State Management; Flutter; Git; Fastlane,3,Gradle; Communication; Agile & Scrum,Push Notifications; Jetpack Compose; App Store Deployment; CocoaPods,2
INT-1047,Rahul Smith,University of Washington,AI & Machine Learning,Machine Learning Engineer,"AI & Machine Learning (Learning, Machine)",22.6,1,Machine Learning,8,Mathematics; PyTorch; Statistics; Python; Git; Weights & Biases; Presentation Skills; Adaptability,Vector Databases,0
INT-1048,Grace Allen,Georgia Tech,Business Intelligence & Analytics,BI Developer,"Business Intelligence & Analytics (Business, Powerbi)",32.3,3,Exploratory Data Analysis; Data Visualization; Excel & Spreadsheets,5,Tableau; Statistics; Power BI Service; HubSpot; Technical Writing,DAX; Cohort Analysis; Metabase,0
INT-1049,Chiara Torres,UC Berkeley,Mobile Application Development,Android Developer,"Mobile Application Development (Mobile, Application Development)",43.0,4,React Native; Flutter; Git; Communication,4,State Management; Gradle; Fastlane; Agile & Scrum,Push Notifications; CocoaPods,1
INT-1050,Grace Thompson,BITS Pilani,Cybersecurity & Network Defense,SOC Analyst,"Cybersecurity & Network Defense (Network, Security)",35.6,3,Firewalls; Cryptography; Linux,4,Vulnerability Assessment; Network Security; Kali Linux; Time Management,OWASP Top 10; Penetration Testing,1
INT-1051,Fatima Nguyen,Imperial College London,Cloud Architecture & DevOps,Cloud Infrastructure Engineer,"Cloud Architecture & DevOps (Cloud, Devops)",33.7,2,Kubernetes; GitLab CI,5,Linux; Networking Basics; Cloud Computing; Terraform Cloud; Technical Writing,ELK Stack; Datadog,0
INT-1052,Jasmine Patel,National University of Singapore,AI & Machine Learning,Data Scientist,"AI & Machine Learning (Learning, Machine)",24.0,3,Mathematics; Python; Git,6,Machine Learning; PyTorch; Statistics; Weights & Biases; Presentation Skills; Adaptability,Vector Databases; LangChain; CUDA,1
INT-1053,Liam Campbell,Georgia Tech,Mobile Application Development,Android Developer,"Mobile Application Development (Mobile, Application Development)",30.4,2,State Management; Git,6,React Native; Flutter; Gradle; Fastlane; Communication; Agile & Scrum,App Store Deployment,0
INT-1054,Jasmine Torres,BITS Pilani,Cloud Architecture & DevOps,Site Reliability Engineer (SRE),"Cloud Architecture & DevOps (Cloud, Devops)",27.2,3,Cloud Computing; Kubernetes; Terraform Cloud,4,Linux; Networking Basics; GitLab CI; Technical Writing,GCP; Infrastructure as Code; ELK Stack; Datadog,2
INT-1055,Fatou Wilson,University of Washington,Full Stack Web Development,Full Stack Developer,"Full Stack Web Development (Web, Full)",26.0,2,Git; JavaScript,6,SQL; HTML5; Express.js; Postman; Presentation Skills; Adaptability,GraphQL; Vercel; Docker,1
INT-1056,Jin Flores,University of Texas at Austin,Full Stack Web Development,Full Stack Developer,"Full Stack Web Development (Web, Full)",29.5,3,Git; Express.js; Presentation Skills,5,SQL; HTML5; JavaScript; Postman; Adaptability,GraphQL; Tailwind CSS; Vercel,0
INT-1057,Daniel Wilson,University of Washington,Cloud Architecture & DevOps,Site Reliability Engineer (SRE),"Cloud Architecture & DevOps (Cloud, Devops)",38.6,4,Networking Basics; Cloud Computing; Kubernetes; Technical Writing,3,Linux; Terraform Cloud; GitLab CI,Infrastructure as Code; ELK Stack; Datadog,1
INT-1058,Siddharth Smith,IIT Bombay,Data Engineering & Big Data,Analytics Engineer,"Data Engineering & Big Data (Data, Kafka)",30.6,3,Git; Python; ETL,3,Relational Databases; MinIO; Communication,Apache Kafka; BigQuery; Docker,1
INT-1059,Isabella Flores,University of Texas at Austin,Business Intelligence & Analytics,Business Intelligence Analyst,"Business Intelligence & Analytics (Business, Powerbi)",27.2,3,Exploratory Data Analysis; Tableau; Power BI Service,5,Data Visualization; Statistics; Excel & Spreadsheets; HubSpot; Technical Writing,DAX; Cohort Analysis; Metabase; Tableau Desktop,1
INT-1060,Chloe Hill,Carnegie Mellon University,AI & Machine Learning,Machine Learning Engineer,"AI & Machine Learning (Learning, Machine)",36.1,5,Mathematics; PyTorch; Statistics; Python; Git,4,Machine Learning; Weights & Biases; Presentation Skills; Adaptability,Vector Databases; LangChain; CUDA,2
INT-1061,Dev Jones,Imperial College London,Business Intelligence & Analytics,Business Intelligence Analyst,"Business Intelligence & Analytics (Business, Powerbi)",42.4,4,Exploratory Data Analysis; Statistics; Excel & Spreadsheets; HubSpot,4,Data Visualization; Tableau; Power BI Service; Technical Writing,DAX; Tableau Desktop,2
INT-1062,Jasmine Miller,Imperial College London,AI & Machine Learning,AI Research Intern,"AI & Machine Learning (Learning, Machine)",44.7,6,Machine Learning; PyTorch; Statistics; Python; Git; Adaptability,3,Mathematics; Weights & Biases; Presentation Skills,Vector Databases; LangChain,2
INT-1063,Zara Miller,University of Washington,Full Stack Web Development,Full Stack Developer,"Full Stack Web Development (Web, Full)",30.7,3,HTML5; JavaScript; Postman,5,SQL; Git; Express.js; Presentation Skills; Adaptability,GraphQL; Tailwind CSS; Vercel,2
INT-1064,Jasmine Wilson,University of Michigan,Business Intelligence & Analytics,Data Analyst,"Business Intelligence & Analytics (Business, Powerbi)",25.4,2,Data Visualization; Statistics,6,Exploratory Data Analysis; Tableau; Excel & Spreadsheets; Power BI Service; HubSpot; Technical Writing,DAX; Cohort Analysis; Metabase,0
INT-1065,Amara Davis,MIT,Business Intelligence & Analytics,BI Developer,"Business Intelligence & Analytics (Business, Powerbi)",32.7,3,Data Visualization; Statistics; Excel & Spreadsheets,5,Exploratory Data Analysis; Tableau; Power BI Service; HubSpot; Technical Writing,DAX; Cohort Analysis; Metabase,1
INT-1066,Maya Walker,University of Michigan,Cybersecurity & Network Defense,SOC Analyst,"Cybersecurity & Network Defense (Network, Security)",46.8,5,Vulnerability Assessment; Cryptography; Linux; Network Security; Time Management,2,Firewalls; Kali Linux,OWASP Top 10; Ethical Hacking; Nessus,1
INT-1067,Sophia Patel,BITS Pilani,Cybersecurity & Network Defense,Threat Intelligence Analyst,"Cybersecurity & Network Defense (Network, Security)",34.7,3,Vulnerability Assessment; Linux; Network Security,4,Firewalls; Cryptography; Kali Linux; Time Management,OWASP Top 10; Ethical Hacking; Nessus,1
INT-1068,Rohan Smith,University of Texas at Austin,Mobile Application Development,Flutter Developer,"Mobile Application Development (Mobile, Application Development)",15.5,2,Git; Agile & Scrum,6,React Native; State Management; Flutter; Gradle; Fastlane; Communication,Push Notifications; Jetpack Compose; App Store Deployment; CocoaPods,1
INT-1069,Lars Scott,Cornell University,Data Engineering & Big Data,Big Data Developer,"Data Engineering & Big Data (Data, Kafka)",43.7,4,Git; Python; Relational Databases; Communication,2,ETL; MinIO,Apache Kafka; BigQuery; Docker,0
INT-1070,Rohan Thompson,Carnegie Mellon University,Cloud Architecture & DevOps,Cloud Security Engineer,"Cloud Architecture & DevOps (Cloud, Devops)",44.3,4,Linux; Networking Basics; Cloud Computing; GitLab CI,3,Kubernetes; Terraform Cloud; Technical Writing,Infrastructure as Code; ELK Stack; Datadog,3
INT-1071,Amara Perez,UC Berkeley,Embedded Systems & IoT,IoT Systems Engineer,"Embedded Systems & IoT (Embedded, Systems Iot)",35.7,5,Linux; RTOS; UART/SPI/I2C Protocols; C; Code Documentation,4,Electronics Fundamentals; PlatformIO; Oscilloscope; Communication,BLE / Zigbee; ARM Architecture; FreeRTOS; PCB Basics; Raspberry Pi,0
INT-1072,Sara Harris,University of Texas at Austin,AI & Machine Learning,NLP Engineer,"AI & Machine Learning (Learning, Machine)",26.9,3,Mathematics; Statistics; Python,6,Machine Learning; PyTorch; Git; Weights & Biases; Presentation Skills; Adaptability,Vector Databases; LangChain,0
INT-1073,Vikram Mitchell,Technical University of Munich,Full Stack Web Development,Full Stack Developer,"Full Stack Web Development (Web, Full)",28.0,3,HTML5; Git; JavaScript,5,SQL; Express.js; Postman; Presentation Skills; Adaptability,GraphQL; Tailwind CSS; Vercel,0
INT-1074,Fatima Hernandez,MIT,AI & Machine Learning,Data Scientist,"AI & Machine Learning (Learning, Machine)",32.9,4,Machine Learning; Git; Weights & Biases; Presentation Skills,5,Mathematics; PyTorch; Statistics; Python; Adaptability,Vector Databases; LangChain; CUDA,3
INT-1075,David Flores,University of Texas at Austin,AI & Machine Learning,NLP Engineer,"AI & Machine Learning (Learning, Machine)",26.8,4,PyTorch; Statistics; Git; Adaptability,5,Mathematics; Machine Learning; Python; Weights & Biases; Presentation Skills,Vector Databases; LangChain; CUDA,2
INT-1076,Nadia Smith,University of Toronto,Business Intelligence & Analytics,BI Developer,"Business Intelligence & Analytics (Business, Powerbi)",45.7,5,Exploratory Data Analysis; Data Visualization; Tableau; Excel & Spreadsheets; HubSpot,3,Statistics; Power BI Service; Technical Writing,DAX; Cohort Analysis; Tableau Desktop,1
INT-1077,Vikram Ramirez,University of Washington,Data Engineering & Big Data,Data Platform Engineer,"Data Engineering & Big Data (Data, Kafka)",20.6,2,Python; ETL,4,Git; Relational Databases; MinIO; Communication,Apache Kafka; BigQuery; Docker,1
INT-1078,Chiara Miller,Imperial College London,Data Engineering & Big Data,Data Platform Engineer,"Data Engineering & Big Data (Data, Kafka)",30.8,3,Git; Python; Relational Databases,3,ETL; MinIO; Communication,Apache Kafka; BigQuery; Docker,3
INT-1079,Yuki Nelson,Carnegie Mellon University,Mobile Application Development,React Native Developer,"Mobile Application Development (Mobile, Application Development)",23.8,3,React Native; Git; Fastlane,5,State Management; Flutter; Gradle; Communication; Agile & Scrum,Push Notifications; Jetpack Compose; App Store Deployment; CocoaPods,1
INT-1080,Mei Gonzalez,University of Michigan,Full Stack Web Development,Backend Developer,"Full Stack Web Development (Web, Full)",41.6,4,Git; Express.js; Postman; Presentation Skills,4,SQL; HTML5; JavaScript; Adaptability,Tailwind CSS; Vercel,2
INT-1081,Arjun Hall,Carnegie Mellon University,Full Stack Web Development,Frontend Engineer,"Full Stack Web Development (Web, Full)",31.3,4,SQL; Git; JavaScript; Express.js,4,HTML5; Postman; Presentation Skills; Adaptability,GraphQL; Tailwind CSS; Vercel; Docker,1
INT-1082,Jasmine Garcia,Carnegie Mellon University,Embedded Systems & IoT,Hardware/Software Integrator,"Embedded Systems & IoT (Embedded, Systems Iot)",23.7,3,Linux; Electronics Fundamentals; Oscilloscope,6,RTOS; UART/SPI/I2C Protocols; C; PlatformIO; Communication; Code Documentation,BLE / Zigbee; ARM Architecture; FreeRTOS; PCB Basics; Raspberry Pi,0
INT-1083,Emily Robinson,Carnegie Mellon University,Full Stack Web Development,Full Stack Developer,"Full Stack Web Development (Web, Full)",19.5,2,Git; Postman,6,SQL; HTML5; JavaScript; Express.js; Presentation Skills; Adaptability,GraphQL; Tailwind CSS; Vercel; Docker,0
INT-1084,Yuki Torres,IIT Bombay,Business Intelligence & Analytics,Operations Analyst,"Business Intelligence & Analytics (Business, Powerbi)",47.3,5,Exploratory Data Analysis; Data Visualization; Tableau; Statistics; HubSpot,3,Excel & Spreadsheets; Power BI Service; Technical Writing,Cohort Analysis; Tableau Desktop,1
INT-1085,Chiara Rivera,Technical University of Munich,Full Stack Web Development,Software Engineer - Web,"Full Stack Web Development (Web, Full)",31.5,4,SQL; JavaScript; Express.js; Presentation Skills,4,HTML5; Git; Postman; Adaptability,GraphQL; Tailwind CSS; Vercel; Docker,1
INT-1086,Elena Smith,MIT,Embedded Systems & IoT,Embedded Linux Developer,"Embedded Systems & IoT (Embedded, Systems Iot)",47.1,5,UART/SPI/I2C Protocols; C; Electronics Fundamentals; Oscilloscope; Code Documentation,4,Linux; RTOS; PlatformIO; Communication,ARM Architecture; PCB Basics; Raspberry Pi,2
INT-1087,Sophia Sharma,University of Illinois Urbana-Champaign,Cloud Architecture & DevOps,Platform Engineer,"Cloud Architecture & DevOps (Cloud, Devops)",33.6,3,Linux; Networking Basics; Cloud Computing,4,Kubernetes; Terraform Cloud; GitLab CI; Technical Writing,GCP; Infrastructure as Code; Datadog,0
INT-1088,Benjamin Taylor,National University of Singapore,Mobile Application Development,React Native Developer,"Mobile Application Development (Mobile, Application Development)",43.6,5,React Native; State Management; Flutter; Git; Fastlane,3,Gradle; Communication; Agile & Scrum,Jetpack Compose; App Store Deployment; CocoaPods,1
INT-1089,Chloe Hernandez,University of Toronto,Full Stack Web Development,Backend Developer,"Full Stack Web Development (Web, Full)",30.8,3,SQL; Git; Presentation Skills,5,HTML5; JavaScript; Express.js; Postman; Adaptability,GraphQL; Tailwind CSS; Docker,1
INT-1090,Carlos Williams,ETH Zurich,Mobile Application Development,Mobile Software Intern,"Mobile Application Development (Mobile, Application Development)",35.5,5,React Native; Flutter; Git; Fastlane; Agile & Scrum,3,State Management; Gradle; Communication,Push Notifications; Jetpack Compose; App Store Deployment; CocoaPods,2
INT-1091,Sara Hill,Technical University of Munich,Full Stack Web Development,Web Application Intern,"Full Stack Web Development (Web, Full)",21.7,2,SQL; Git,6,HTML5; JavaScript; Express.js; Postman; Presentation Skills; Adaptability,GraphQL; Tailwind CSS; Docker,0
INT-1092,Dev Green,University of Illinois Urbana-Champaign,AI & Machine Learning,Deep Learning Specialist,"AI & Machine Learning (Learning, Machine)",32.9,4,PyTorch; Statistics; Python; Git,5,Mathematics; Machine Learning; Weights & Biases; Presentation Skills; Adaptability,LangChain; CUDA,3
INT-1093,William Rivera,IIT Bombay,Business Intelligence & Analytics,Product Analyst,"Business Intelligence & Analytics (Business, Powerbi)",31.5,3,Data Visualization; Statistics; Excel & Spreadsheets,5,Exploratory Data Analysis; Tableau; Power BI Service; HubSpot; Technical Writing,DAX; Cohort Analysis; Metabase,0
INT-1094,Grace Clark,Carnegie Mellon University,Full Stack Web Development,Web Application Intern,"Full Stack Web Development (Web, Full)",37.8,5,HTML5; Git; JavaScript; Express.js; Postman,3,SQL; Presentation Skills; Adaptability,GraphQL; Tailwind CSS; Vercel; Docker,1
INT-1095,Isabella Gonzalez,IIT Delhi,Data Engineering & Big Data,ETL Developer,"Data Engineering & Big Data (Data, Kafka)",32.5,2,Python; Relational Databases,4,Git; ETL; MinIO; Communication,Apache Kafka; Docker,0
INT-1096,Kavya Young,University of Michigan,Data Engineering & Big Data,Data Platform Engineer,"Data Engineering & Big Data (Data, Kafka)",44.3,4,Git; Python; Relational Databases; Communication,2,ETL; MinIO,Apache Kafka; Docker,2
INT-1097,Sophia Smith,National University of Singapore,Business Intelligence & Analytics,BI Developer,"Business Intelligence & Analytics (Business, Powerbi)",34.0,4,Exploratory Data Analysis; Statistics; Excel & Spreadsheets; HubSpot,4,Data Visualization; Tableau; Power BI Service; Technical Writing,DAX; Cohort Analysis; Metabase; Tableau Desktop,1
INT-1098,Michael Robinson,BITS Pilani,AI & Machine Learning,Data Scientist,"AI & Machine Learning (Learning, Machine)",24.8,2,Python; Git,7,Mathematics; Machine Learning; PyTorch; Statistics; Weights & Biases; Presentation Skills; Adaptability,Vector Databases; CUDA,0
INT-1099,Zaid Wright,UC Berkeley,Business Intelligence & Analytics,Operations Analyst,"Business Intelligence & Analytics (Business, Powerbi)",44.2,5,Exploratory Data Analysis; Statistics; Excel & Spreadsheets; HubSpot; Technical Writing,3,Data Visualization; Tableau; Power BI Service,DAX; Metabase; Tableau Desktop,3
INT-1100,Sophia Thomas,Georgia Tech,Embedded Systems & IoT,Hardware/Software Integrator,"Embedded Systems & IoT (Embedded, Systems Iot)",43.5,5,Linux; UART/SPI/I2C Protocols; Electronics Fundamentals; PlatformIO; Oscilloscope,4,RTOS; C; Communication; Code Documentation,ARM Architecture; FreeRTOS; PCB Basics; Raspberry Pi,2
INT-1101,Fatima Williams,Cornell University,Mobile Application Development,Android Developer,"Mobile Application Development (Mobile, Application Development)",31.6,3,Flutter; Git; Agile & Scrum,5,React Native; State Management; Gradle; Fastlane; Communication,Push Notifications; App Store Deployment,0
INT-1102,Lucas Adams,University of Washington,Cybersecurity & Network Defense,Penetration Tester,"Cybersecurity & Network Defense (Network, Security)",37.6,3,Vulnerability Assessment; Linux; Time Management,4,Firewalls; Cryptography; Network Security; Kali Linux,OWASP Top 10; Ethical Hacking; Nessus,1
INT-1103,Tariq Flores,University of Illinois Urbana-Champaign,Cybersecurity & Network Defense,SOC Analyst,"Cybersecurity & Network Defense (Network, Security)",28.4,3,Vulnerability Assessment; Firewalls; Cryptography,4,Linux; Network Security; Kali Linux; Time Management,OWASP Top 10; Penetration Testing; Ethical Hacking; Nessus,1
INT-1104,Sara Adams,Cornell University,Business Intelligence & Analytics,Data Analyst,"Business Intelligence & Analytics (Business, Powerbi)",32.6,4,Exploratory Data Analysis; Data Visualization; Statistics; Technical Writing,4,Tableau; Excel & Spreadsheets; Power BI Service; HubSpot,DAX; Cohort Analysis; Metabase; Tableau Desktop,2
INT-1105,Alexander Hall,UC Berkeley,Mobile Application Development,React Native Developer,"Mobile Application Development (Mobile, Application Development)",38.0,5,State Management; Flutter; Git; Fastlane; Communication,3,React Native; Gradle; Agile & Scrum,Push Notifications; Jetpack Compose; App Store Deployment; CocoaPods,2
INT-1106,Jasmine Perez,University of Toronto,Data Engineering & Big Data,Analytics Engineer,"Data Engineering & Big Data (Data, Kafka)",36.6,3,Python; ETL; Relational Databases,3,Git; MinIO; Communication,Apache Kafka; BigQuery,0
INT-1107,Mei Moore,UC Berkeley,Full Stack Web Development,Software Engineer - Web,"Full Stack Web Development (Web, Full)",40.5,5,SQL; HTML5; Git; JavaScript; Express.js,3,Postman; Presentation Skills; Adaptability,GraphQL; Tailwind CSS; Vercel,1
INT-1108,Isabella Mitchell,UC Berkeley,Cybersecurity & Network Defense,Cybersecurity Analyst,"Cybersecurity & Network Defense (Network, Security)",38.1,3,Vulnerability Assessment; Firewalls; Network Security,4,Cryptography; Linux; Kali Linux; Time Management,OWASP Top 10; Penetration Testing,2
INT-1109,Emily Johnson,University of Michigan,AI & Machine Learning,AI Research Intern,"AI & Machine Learning (Learning, Machine)",28.6,4,Machine Learning; PyTorch; Git; Presentation Skills,5,Mathematics; Statistics; Python; Weights & Biases; Adaptability,Vector Databases; LangChain; CUDA,1
INT-1110,Isabella Johnson,National University of Singapore,Cybersecurity & Network Defense,Information Security Intern,"Cybersecurity & Network Defense (Network, Security)",43.2,4,Firewalls; Cryptography; Linux; Network Security,3,Vulnerability Assessment; Kali Linux; Time Management,Penetration Testing; Ethical Hacking; Nessus,0
INT-1111,Carlos Rivera,University of Illinois Urbana-Champaign,Embedded Systems & IoT,Embedded Linux Developer,"Embedded Systems & IoT (Embedded, Systems Iot)",37.0,5,Linux; UART/SPI/I2C Protocols; Electronics Fundamentals; Oscilloscope; Communication,4,RTOS; C; PlatformIO; Code Documentation,BLE / Zigbee; ARM Architecture; FreeRTOS; PCB Basics; Raspberry Pi,2
INT-1112,Hannah Sanchez,National University of Singapore,Data Engineering & Big Data,Data Platform Engineer,"Data Engineering & Big Data (Data, Kafka)",34.0,3,Git; Python; ETL,3,Relational Databases; MinIO; Communication,Apache Kafka; BigQuery,0
INT-1113,Jasmine Clark,IIT Delhi,Business Intelligence & Analytics,BI Developer,"Business Intelligence & Analytics (Business, Powerbi)",37.7,4,Exploratory Data Analysis; Tableau; Excel & Spreadsheets; HubSpot,4,Data Visualization; Statistics; Power BI Service; Technical Writing,DAX; Cohort Analysis; Tableau Desktop,0
INT-1114,Sophia Sharma,University of Texas at Austin,Embedded Systems & IoT,Hardware/Software Integrator,"Embedded Systems & IoT (Embedded, Systems Iot)",36.3,5,Linux; C; Electronics Fundamentals; PlatformIO; Oscilloscope,4,RTOS; UART/SPI/I2C Protocols; Communication; Code Documentation,BLE / Zigbee; ARM Architecture; FreeRTOS; Raspberry Pi,3
INT-1115,Dev Nelson,IIT Bombay,Full Stack Web Development,React / Node.js Developer,"Full Stack Web Development (Web, Full)",33.7,3,SQL; Git; Presentation Skills,5,HTML5; JavaScript; Express.js; Postman; Adaptability,GraphQL; Vercel; Docker,0
INT-1116,Chiara Lewis,Georgia Tech,Data Engineering & Big Data,ETL Developer,"Data Engineering & Big Data (Data, Kafka)",46.4,4,Git; Python; ETL; Relational Databases,2,MinIO; Communication,Apache Kafka; Docker,1
INT-1117,Elena Hernandez,ETH Zurich,Embedded Systems & IoT,Robotics Software Intern,"Embedded Systems & IoT (Embedded, Systems Iot)",35.6,3,UART/SPI/I2C Protocols; C; Oscilloscope,6,Linux; RTOS; Electronics Fundamentals; PlatformIO; Communication; Code Documentation,BLE / Zigbee; ARM Architecture; FreeRTOS; PCB Basics,1
INT-1118,Elena Baker,University of Washington,Data Engineering & Big Data,ETL Developer,"Data Engineering & Big Data (Data, Kafka)",40.9,4,Git; Python; ETL; Relational Databases,2,MinIO; Communication,Apache Kafka; BigQuery; Docker,1
INT-1119,Priya Robinson,BITS Pilani,Data Engineering & Big Data,ETL Developer,"Data Engineering & Big Data (Data, Kafka)",45.0,3,Git; Python; Relational Databases,3,ETL; MinIO; Communication,BigQuery,1
INT-1120,Rohan Flores,UC Berkeley,Business Intelligence & Analytics,Product Analyst,"Business Intelligence & Analytics (Business, Powerbi)",33.4,4,Statistics; Excel & Spreadsheets; Power BI Service; HubSpot,4,Exploratory Data Analysis; Data Visualization; Tableau; Technical Writing,DAX; Cohort Analysis; Metabase; Tableau Desktop,1
INT-1121,William White,National University of Singapore,Business Intelligence & Analytics,Operations Analyst,"Business Intelligence & Analytics (Business, Powerbi)",43.8,5,Exploratory Data Analysis; Data Visualization; Tableau; Statistics; HubSpot,3,Excel & Spreadsheets; Power BI Service; Technical Writing,DAX; Cohort Analysis; Tableau Desktop,0
INT-1122,Benjamin Davis,IIT Delhi,Embedded Systems & IoT,Embedded Linux Developer,"Embedded Systems & IoT (Embedded, Systems Iot)",25.6,3,Linux; UART/SPI/I2C Protocols; PlatformIO,6,RTOS; C; Electronics Fundamentals; Oscilloscope; Communication; Code Documentation,BLE / Zigbee; ARM Architecture; FreeRTOS; PCB Basics; Raspberry Pi,1
INT-1123,David Nguyen,University of Michigan,Mobile Application Development,iOS Engineer,"Mobile Application Development (Mobile, Application Development)",32.1,4,State Management; Git; Gradle; Fastlane,4,React Native; Flutter; Communication; Agile & Scrum,Push Notifications; Jetpack Compose; App Store Deployment; CocoaPods,0
INT-1124,Chiara Baker,University of Michigan,Cybersecurity & Network Defense,Penetration Tester,"Cybersecurity & Network Defense (Network, Security)",48.5,5,Vulnerability Assessment; Firewalls; Cryptography; Network Security; Kali Linux,2,Linux; Time Management,OWASP Top 10; Penetration Testing; Ethical Hacking; Nessus,1
INT-1125,Daniel Brown,National University of Singapore,Full Stack Web Development,Web Application Intern,"Full Stack Web Development (Web, Full)",31.5,2,Git; Postman,6,SQL; HTML5; JavaScript; Express.js; Presentation Skills; Adaptability,GraphQL; Tailwind CSS,1
INT-1126,Elena Allen,Carnegie Mellon University,Embedded Systems & IoT,Embedded Software Engineer,"Embedded Systems & IoT (Embedded, Systems Iot)",24.8,3,Linux; RTOS; PlatformIO,6,UART/SPI/I2C Protocols; C; Electronics Fundamentals; Oscilloscope; Communication; Code Documentation,BLE / Zigbee; ARM Architecture; FreeRTOS; PCB Basics; Raspberry Pi,0
INT-1127,Grace Sharma,Carnegie Mellon University,Full Stack Web Development,Software Engineer - Web,"Full Stack Web Development (Web, Full)",41.6,4,HTML5; Git; JavaScript; Express.js,4,SQL; Postman; Presentation Skills; Adaptability,Tailwind CSS; Docker,1
INT-1128,Daniel Lopez,Technical University of Munich,AI & Machine Learning,NLP Engineer,"AI & Machine Learning (Learning, Machine)",22.4,3,Statistics; Python; Git,6,Mathematics; Machine Learning; PyTorch; Weights & Biases; Presentation Skills; Adaptability,Vector Databases; LangChain; CUDA,2
INT-1129,William Martinez,Carnegie Mellon University,Cybersecurity & Network Defense,Cybersecurity Analyst,"Cybersecurity & Network Defense (Network, Security)",40.1,4,Vulnerability Assessment; Cryptography; Linux; Network Security,3,Firewalls; Kali Linux; Time Management,OWASP Top 10; Penetration Testing; Ethical Hacking,0
INT-1130,Fatou Hill,University of Michigan,Cybersecurity & Network Defense,Penetration Tester,"Cybersecurity & Network Defense (Network, Security)",30.5,2,Linux; Kali Linux,5,Vulnerability Assessment; Firewalls; Cryptography; Network Security; Time Management,OWASP Top 10; Ethical Hacking; Nessus,2
INT-1131,Grace Williams,MIT,Cybersecurity & Network Defense,Penetration Tester,"Cybersecurity & Network Defense (Network, Security)",38.0,4,Firewalls; Cryptography; Linux; Kali Linux,3,Vulnerability Assessment; Network Security; Time Management,OWASP Top 10; Penetration Testing; Ethical Hacking; Nessus,0
INT-1132,Aarav Harris,BITS Pilani,Cloud Architecture & DevOps,Platform Engineer,"Cloud Architecture & DevOps (Cloud, Devops)",45.9,4,Networking Basics; Cloud Computing; Terraform Cloud; GitLab CI,3,Linux; Kubernetes; Technical Writing,GCP; ELK Stack; Datadog,2
INT-1133,Benjamin Nguyen,ETH Zurich,Cybersecurity & Network Defense,Threat Intelligence Analyst,"Cybersecurity & Network Defense (Network, Security)",30.6,3,Vulnerability Assessment; Network Security; Kali Linux,4,Firewalls; Cryptography; Linux; Time Management,OWASP Top 10; Penetration Testing; Ethical Hacking; Nessus,0
INT-1134,Olivia Robinson,BITS Pilani,Data Engineering & Big Data,ETL Developer,"Data Engineering & Big Data (Data, Kafka)",46.6,4,Python; ETL; Relational Databases; MinIO,2,Git; Communication,Apache Kafka; BigQuery,1
INT-1135,David Moore,University of Texas at Austin,Mobile Application Development,React Native Developer,"Mobile Application Development (Mobile, Application Development)",44.9,6,React Native; State Management; Flutter; Git; Fastlane; Agile & Scrum,2,Gradle; Communication,Push Notifications; Jetpack Compose; App Store Deployment; CocoaPods,3
INT-1136,James Garcia,BITS Pilani,Cloud Architecture & DevOps,Platform Engineer,"Cloud Architecture & DevOps (Cloud, Devops)",41.0,4,Networking Basics; Cloud Computing; Kubernetes; Technical Writing,3,Linux; Terraform Cloud; GitLab CI,Infrastructure as Code; ELK Stack; Datadog,2
INT-1137,Maya Hernandez,ETH Zurich,Full Stack Web Development,Software Engineer - Web,"Full Stack Web Development (Web, Full)",42.2,5,HTML5; Git; JavaScript; Express.js; Adaptability,3,SQL; Postman; Presentation Skills,GraphQL; Tailwind CSS; Docker,1
INT-1138,Ethan Thompson,MIT,Cloud Architecture & DevOps,Cloud Infrastructure Engineer,"Cloud Architecture & DevOps (Cloud, Devops)",45.6,3,Linux; Networking Basics; Cloud Computing,4,Kubernetes; Terraform Cloud; GitLab CI; Technical Writing,Infrastructure as Code,1
INT-1139,Yuki Campbell,University of Toronto,Cloud Architecture & DevOps,DevOps Engineer,"Cloud Architecture & DevOps (Cloud, Devops)",44.7,4,Linux; Networking Basics; Cloud Computing; Technical Writing,3,Kubernetes; Terraform Cloud; GitLab CI,Infrastructure as Code; Datadog,1
INT-1140,Benjamin Sanchez,UC Berkeley,Cybersecurity & Network Defense,Security Engineer,"Cybersecurity & Network Defense (Network, Security)",35.2,4,Vulnerability Assessment; Firewalls; Linux; Network Security,3,Cryptography; Kali Linux; Time Management,OWASP Top 10; Penetration Testing; Ethical Hacking; Nessus,1
INT-1141,Aarav Hall,ETH Zurich,Cloud Architecture & DevOps,Platform Engineer,"Cloud Architecture & DevOps (Cloud, Devops)",19.0,2,Cloud Computing; Kubernetes,5,Linux; Networking Basics; Terraform Cloud; GitLab CI; Technical Writing,GCP; Infrastructure as Code; ELK Stack; Datadog,1
INT-1142,Sara Green,Carnegie Mellon University,Business Intelligence & Analytics,BI Developer,"Business Intelligence & Analytics (Business, Powerbi)",46.0,5,Exploratory Data Analysis; Data Visualization; Statistics; Excel & Spreadsheets; Power BI Service,3,Tableau; HubSpot; Technical Writing,DAX; Cohort Analysis; Metabase,1
INT-1143,James Nguyen,UC Berkeley,Data Engineering & Big Data,Big Data Developer,"Data Engineering & Big Data (Data, Kafka)",56.1,4,Git; Python; ETL; Relational Databases,2,MinIO; Communication,Apache Kafka,3
INT-1144,Amara Patel,Georgia Tech,Mobile Application Development,iOS Engineer,"Mobile Application Development (Mobile, Application Development)",16.8,2,Git; Communication,6,React Native; State Management; Flutter; Gradle; Fastlane; Agile & Scrum,Push Notifications; Jetpack Compose; App Store Deployment; CocoaPods,1
INT-1145,Vikram Jones,University of Illinois Urbana-Champaign,Business Intelligence & Analytics,Product Analyst,"Business Intelligence & Analytics (Business, Powerbi)",30.5,3,Exploratory Data Analysis; Data Visualization; Tableau,5,Statistics; Excel & Spreadsheets; Power BI Service; HubSpot; Technical Writing,DAX; Cohort Analysis; Metabase,1
INT-1146,Lars Rivera,Technical University of Munich,Embedded Systems & IoT,IoT Systems Engineer,"Embedded Systems & IoT (Embedded, Systems Iot)",15.8,2,Linux; Oscilloscope,7,RTOS; UART/SPI/I2C Protocols; C; Electronics Fundamentals; PlatformIO; Communication; Code Documentation,BLE / Zigbee; ARM Architecture; FreeRTOS; PCB Basics; Raspberry Pi,1
INT-1147,Isabella Green,MIT,AI & Machine Learning,AI Research Intern,"AI & Machine Learning (Learning, Machine)",36.6,4,Machine Learning; PyTorch; Statistics; Git,5,Mathematics; Python; Weights & Biases; Presentation Skills; Adaptability,Vector Databases; LangChain,3
INT-1148,Gabriel Davis,University of Illinois Urbana-Champaign,Cybersecurity & Network Defense,Penetration Tester,"Cybersecurity & Network Defense (Network, Security)",52.7,5,Vulnerability Assessment; Firewalls; Cryptography; Network Security; Time Management,2,Linux; Kali Linux,Penetration Testing; Ethical Hacking; Nessus,1
INT-1149,Isabella Brown,IIT Bombay,Business Intelligence & Analytics,Business Intelligence Analyst,"Business Intelligence & Analytics (Business, Powerbi)",46.1,4,Data Visualization; Tableau; Excel & Spreadsheets; HubSpot,4,Exploratory Data Analysis; Statistics; Power BI Service; Technical Writing,DAX; Cohort Analysis,0
INT-1150,Michael Perez,National University of Singapore,Cybersecurity & Network Defense,Cybersecurity Analyst,"Cybersecurity & Network Defense (Network, Security)",29.5,3,Cryptography; Network Security; Kali Linux,4,Vulnerability Assessment; Firewalls; Linux; Time Management,OWASP Top 10; Penetration Testing; Ethical Hacking; Nessus,0
INT-1151,Chiara Hernandez,IIT Bombay,Mobile Application Development,Mobile Software Intern,"Mobile Application Development (Mobile, Application Development)",45.3,5,React Native; State Management; Git; Gradle; Agile & Scrum,3,Flutter; Fastlane; Communication,Push Notifications; App Store Deployment; CocoaPods,3
INT-1152,Benjamin Jackson,Georgia Tech,Embedded Systems & IoT,IoT Systems Engineer,"Embedded Systems & IoT (Embedded, Systems Iot)",26.0,3,Linux; RTOS; UART/SPI/I2C Protocols,6,C; Electronics Fundamentals; PlatformIO; Oscilloscope; Communication; Code Documentation,BLE / Zigbee; ARM Architecture; FreeRTOS; PCB Basics; Raspberry Pi,1
INT-1153,Elena Garcia,University of Illinois Urbana-Champaign,Full Stack Web Development,Web Application Intern,"Full Stack Web Development (Web, Full)",23.5,3,Git; JavaScript; Postman,5,SQL; HTML5; Express.js; Presentation Skills; Adaptability,GraphQL; Tailwind CSS; Vercel; Docker,2
INT-1154,Amara Rivera,UC Berkeley,Mobile Application Development,iOS Engineer,"Mobile Application Development (Mobile, Application Development)",32.1,4,Flutter; Git; Fastlane; Agile & Scrum,4,React Native; State Management; Gradle; Communication,Push Notifications; Jetpack Compose; App Store Deployment; CocoaPods,1
INT-1155,Alexander Walker,University of Texas at Austin,Business Intelligence & Analytics,Business Intelligence Analyst,"Business Intelligence & Analytics (Business, Powerbi)",31.7,4,Data Visualization; Tableau; Statistics; Excel & Spreadsheets,4,Exploratory Data Analysis; Power BI Service; HubSpot; Technical Writing,DAX; Cohort Analysis; Metabase; Tableau Desktop,1
INT-1156,Olivia Nguyen,University of Washington,Embedded Systems & IoT,Embedded Linux Developer,"Embedded Systems & IoT (Embedded, Systems Iot)",24.3,3,Linux; C; PlatformIO,6,RTOS; UART/SPI/I2C Protocols; Electronics Fundamentals; Oscilloscope; Communication; Code Documentation,BLE / Zigbee; ARM Architecture; PCB Basics; Raspberry Pi,1
INT-1157,James Mitchell,BITS Pilani,Cybersecurity & Network Defense,Cybersecurity Analyst,"Cybersecurity & Network Defense (Network, Security)",24.5,1,Cryptography,6,Vulnerability Assessment; Firewalls; Linux; Network Security; Kali Linux; Time Management,OWASP Top 10; Ethical Hacking,1
INT-1158,Ananya Thomas,BITS Pilani,Data Engineering & Big Data,Analytics Engineer,"Data Engineering & Big Data (Data, Kafka)",36.6,3,Git; Python; ETL,3,Relational Databases; MinIO; Communication,BigQuery; Docker,0
INT-1159,Noah Garcia,Carnegie Mellon University,Full Stack Web Development,Backend Developer,"Full Stack Web Development (Web, Full)",35.3,3,SQL; JavaScript; Presentation Skills,5,HTML5; Git; Express.js; Postman; Adaptability,Tailwind CSS; Docker,2
INT-1160,Isabella Perez,University of Texas at Austin,Cloud Architecture & DevOps,DevOps Engineer,"Cloud Architecture & DevOps (Cloud, Devops)",36.0,4,Linux; Networking Basics; Cloud Computing; Kubernetes,3,Terraform Cloud; GitLab CI; Technical Writing,GCP; Infrastructure as Code; ELK Stack; Datadog,1
INT-1161,Zaid Nguyen,Imperial College London,Cybersecurity & Network Defense,Information Security Intern,"Cybersecurity & Network Defense (Network, Security)",34.0,3,Firewalls; Cryptography; Linux,4,Vulnerability Assessment; Network Security; Kali Linux; Time Management,OWASP Top 10; Penetration Testing; Nessus,1
INT-1162,Jin Wilson,Imperial College London,AI & Machine Learning,NLP Engineer,"AI & Machine Learning (Learning, Machine)",41.4,5,Mathematics; Machine Learning; Git; Weights & Biases; Adaptability,4,PyTorch; Statistics; Python; Presentation Skills,Vector Databases; CUDA,3
INT-1163,Daniel Perez,MIT,Business Intelligence & Analytics,Business Intelligence Analyst,"Business Intelligence & Analytics (Business, Powerbi)",26.5,3,Tableau; Excel & Spreadsheets; Power BI Service,5,Exploratory Data Analysis; Data Visualization; Statistics; HubSpot; Technical Writing,DAX; Cohort Analysis; Metabase; Tableau Desktop,1
INT-1164,Olivia Davis,IIT Bombay,Embedded Systems & IoT,Embedded Linux Developer,"Embedded Systems & IoT (Embedded, Systems Iot)",40.2,4,Linux; UART/SPI/I2C Protocols; C; Electronics Fundamentals,5,RTOS; PlatformIO; Oscilloscope; Communication; Code Documentation,BLE / Zigbee; ARM Architecture; PCB Basics,2
INT-1165,Elena Martinez,Georgia Tech,Cloud Architecture & DevOps,Site Reliability Engineer (SRE),"Cloud Architecture & DevOps (Cloud, Devops)",38.6,4,Linux; Networking Basics; Terraform Cloud; GitLab CI,3,Cloud Computing; Kubernetes; Technical Writing,GCP; Infrastructure as Code; ELK Stack; Datadog,2
INT-1166,Siddharth King,Cornell University,Full Stack Web Development,Frontend Engineer,"Full Stack Web Development (Web, Full)",19.3,2,HTML5; Adaptability,6,SQL; Git; JavaScript; Express.js; Postman; Presentation Skills,GraphQL; Tailwind CSS; Vercel; Docker,2
INT-1167,Ibrahim Campbell,University of Texas at Austin,Data Engineering & Big Data,Data Pipeline Intern,"Data Engineering & Big Data (Data, Kafka)",34.1,3,Git; Python; MinIO,3,ETL; Relational Databases; Communication,Apache Kafka; BigQuery,2
INT-1168,Rohan Perez,BITS Pilani,Cybersecurity & Network Defense,Security Engineer,"Cybersecurity & Network Defense (Network, Security)",26.7,2,Vulnerability Assessment; Network Security,5,Firewalls; Cryptography; Linux; Kali Linux; Time Management,OWASP Top 10; Penetration Testing; Ethical Hacking,2
INT-1169,Chiara Flores,IIT Bombay,Business Intelligence & Analytics,Operations Analyst,"Business Intelligence & Analytics (Business, Powerbi)",33.0,3,Exploratory Data Analysis; Data Visualization; HubSpot,5,Tableau; Statistics; Excel & Spreadsheets; Power BI Service; Technical Writing,DAX; Metabase; Tableau Desktop,1
INT-1170,Zaid Clark,Carnegie Mellon University,Full Stack Web Development,Software Engineer - Web,"Full Stack Web Development (Web, Full)",41.0,5,HTML5; Git; JavaScript; Postman; Adaptability,3,SQL; Express.js; Presentation Skills,GraphQL; Tailwind CSS; Vercel,2
INT-1171,William Sanchez,Cornell University,Cloud Architecture & DevOps,Site Reliability Engineer (SRE),"Cloud Architecture & DevOps (Cloud, Devops)",30.1,3,Linux; Networking Basics; GitLab CI,4,Cloud Computing; Kubernetes; Terraform Cloud; Technical Writing,GCP; Infrastructure as Code; ELK Stack; Datadog,1
INT-1172,Grace Sharma,University of Texas at Austin,AI & Machine Learning,NLP Engineer,"AI & Machine Learning (Learning, Machine)",20.5,3,Statistics; Python; Git,6,Mathematics; Machine Learning; PyTorch; Weights & Biases; Presentation Skills; Adaptability,Vector Databases; LangChain; CUDA,3
INT-1173,Liam Perez,ETH Zurich,Embedded Systems & IoT,IoT Systems Engineer,"Embedded Systems & IoT (Embedded, Systems Iot)",10.3,1,RTOS,8,Linux; UART/SPI/I2C Protocols; C; Electronics Fundamentals; PlatformIO; Oscilloscope; Communication; Code Documentation,BLE / Zigbee; ARM Architecture; FreeRTOS; PCB Basics; Raspberry Pi,1
INT-1174,Benjamin Lewis,University of Washington,Cybersecurity & Network Defense,Threat Intelligence Analyst,"Cybersecurity & Network Defense (Network, Security)",33.0,3,Firewalls; Cryptography; Kali Linux,4,Vulnerability Assessment; Linux; Network Security; Time Management,Penetration Testing; Ethical Hacking; Nessus,1
INT-1175,Samantha Walker,University of Michigan,Full Stack Web Development,Backend Developer,"Full Stack Web Development (Web, Full)",18.5,2,SQL; Git,6,HTML5; JavaScript; Express.js; Postman; Presentation Skills; Adaptability,GraphQL; Tailwind CSS; Vercel; Docker,1
INT-1176,Mei Walker,University of Texas at Austin,AI & Machine Learning,NLP Engineer,"AI & Machine Learning (Learning, Machine)",28.9,4,Statistics; Python; Git; Weights & Biases,5,Mathematics; Machine Learning; PyTorch; Presentation Skills; Adaptability,Vector Databases; LangChain; CUDA,3
INT-1177,Jin Wright,UC Berkeley,Embedded Systems & IoT,Embedded Software Engineer,"Embedded Systems & IoT (Embedded, Systems Iot)",37.8,5,UART/SPI/I2C Protocols; C; Electronics Fundamentals; Oscilloscope; Communication,4,Linux; RTOS; PlatformIO; Code Documentation,BLE / Zigbee; ARM Architecture; FreeRTOS; PCB Basics; Raspberry Pi,3
INT-1178,Aarav Davis,National University of Singapore,Mobile Application Development,Flutter Developer,"Mobile Application Development (Mobile, Application Development)",35.7,4,Flutter; Git; Fastlane; Agile & Scrum,4,React Native; State Management; Gradle; Communication,Push Notifications; Jetpack Compose; CocoaPods,3
INT-1179,Jin Rivera,National University of Singapore,Embedded Systems & IoT,Hardware/Software Integrator,"Embedded Systems & IoT (Embedded, Systems Iot)",39.9,5,Linux; RTOS; UART/SPI/I2C Protocols; Electronics Fundamentals; PlatformIO,4,C; Oscilloscope; Communication; Code Documentation,BLE / Zigbee; ARM Architecture; FreeRTOS; PCB Basics; Raspberry Pi,1
INT-1180,Arjun Johnson,National University of Singapore,Cybersecurity & Network Defense,Penetration Tester,"Cybersecurity & Network Defense (Network, Security)",46.7,5,Vulnerability Assessment; Firewalls; Cryptography; Linux; Network Security,2,Kali Linux; Time Management,OWASP Top 10; Penetration Testing; Ethical Hacking; Nessus,1
INT-1181,Gabriel Ramirez,University of Michigan,AI & Machine Learning,NLP Engineer,"AI & Machine Learning (Learning, Machine)",22.9,3,Machine Learning; PyTorch; Git,6,Mathematics; Statistics; Python; Weights & Biases; Presentation Skills; Adaptability,Vector Databases; LangChain; CUDA,0
INT-1182,Aditi Nguyen,University of Texas at Austin,AI & Machine Learning,Data Scientist,"AI & Machine Learning (Learning, Machine)",25.7,3,PyTorch; Python; Git,6,Mathematics; Machine Learning; Statistics; Weights & Biases; Presentation Skills; Adaptability,Vector Databases; LangChain; CUDA,1
INT-1183,Arjun Hall,ETH Zurich,Cybersecurity & Network Defense,Threat Intelligence Analyst,"Cybersecurity & Network Defense (Network, Security)",36.5,4,Vulnerability Assessment; Firewalls; Linux; Network Security,3,Cryptography; Kali Linux; Time Management,OWASP Top 10; Penetration Testing; Ethical Hacking; Nessus,1
INT-1184,Zaid Rivera,BITS Pilani,Business Intelligence & Analytics,Marketing Analytics Intern,"Business Intelligence & Analytics (Business, Powerbi)",46.1,6,Exploratory Data Analysis; Data Visualization; Statistics; Excel & Spreadsheets; HubSpot; Technical Writing,2,Tableau; Power BI Service,DAX; Cohort Analysis; Metabase; Tableau Desktop,1
INT-1185,Fatou Campbell,Imperial College London,Business Intelligence & Analytics,Product Analyst,"Business Intelligence & Analytics (Business, Powerbi)",61.6,6,Exploratory Data Analysis; Tableau; Statistics; Excel & Spreadsheets; Power BI Service; HubSpot,2,Data Visualization; Technical Writing,Tableau Desktop,4
INT-1186,Aarav Jones,ETH Zurich,Cloud Architecture & DevOps,Cloud Security Engineer,"Cloud Architecture & DevOps (Cloud, Devops)",36.3,4,Linux; Networking Basics; Kubernetes; Technical Writing,3,Cloud Computing; Terraform Cloud; GitLab CI,GCP; Infrastructure as Code; ELK Stack; Datadog,2
INT-1187,Sara Sharma,BITS Pilani,Full Stack Web Development,Frontend Engineer,"Full Stack Web Development (Web, Full)",24.4,3,SQL; HTML5; Git,5,JavaScript; Express.js; Postman; Presentation Skills; Adaptability,GraphQL; Tailwind CSS; Vercel; Docker,1
INT-1188,Lucas Taylor,Georgia Tech,Full Stack Web Development,Web Application Intern,"Full Stack Web Development (Web, Full)",28.8,2,SQL; Postman,6,HTML5; Git; JavaScript; Express.js; Presentation Skills; Adaptability,GraphQL; Tailwind CSS,2
INT-1189,Vikram Mitchell,University of Toronto,Data Engineering & Big Data,Big Data Developer,"Data Engineering & Big Data (Data, Kafka)",33.0,3,Git; Python; Relational Databases,3,ETL; MinIO; Communication,Apache Kafka; BigQuery; Docker,2
INT-1190,Jasmine Moore,University of Michigan,AI & Machine Learning,Computer Vision Engineer,"AI & Machine Learning (Learning, Machine)",24.1,3,Mathematics; Python; Weights & Biases,6,Machine Learning; PyTorch; Statistics; Git; Presentation Skills; Adaptability,Vector Databases; LangChain; CUDA,2
INT-1191,Arjun Lewis,University of Illinois Urbana-Champaign,Cloud Architecture & DevOps,Cloud Security Engineer,"Cloud Architecture & DevOps (Cloud, Devops)",35.0,3,Cloud Computing; GitLab CI; Technical Writing,4,Linux; Networking Basics; Kubernetes; Terraform Cloud,GCP; Infrastructure as Code; ELK Stack,1
INT-1192,Rohan Flores,Stanford University,Full Stack Web Development,Full Stack Developer,"Full Stack Web Development (Web, Full)",33.0,4,HTML5; Express.js; Postman; Adaptability,4,SQL; Git; JavaScript; Presentation Skills,GraphQL; Tailwind CSS; Vercel; Docker,3
INT-1193,Sophia Clark,University of Toronto,Mobile Application Development,Mobile Software Intern,"Mobile Application Development (Mobile, Application Development)",30.8,3,Flutter; Fastlane; Agile & Scrum,5,React Native; State Management; Git; Gradle; Communication,Push Notifications; Jetpack Compose; App Store Deployment,3
INT-1194,Liam Wright,IIT Bombay,Cybersecurity & Network Defense,Threat Intelligence Analyst,"Cybersecurity & Network Defense (Network, Security)",49.1,5,Vulnerability Assessment; Firewalls; Cryptography; Network Security; Time Management,2,Linux; Kali Linux,OWASP Top 10; Ethical Hacking; Nessus,3
INT-1195,Nadia Thomas,University of Texas at Austin,Business Intelligence & Analytics,Marketing Analytics Intern,"Business Intelligence & Analytics (Business, Powerbi)",37.0,4,Exploratory Data Analysis; Data Visualization; Tableau; Excel & Spreadsheets,4,Statistics; Power BI Service; HubSpot; Technical Writing,Cohort Analysis; Metabase; Tableau Desktop,3
INT-1196,Noah Nelson,University of Texas at Austin,AI & Machine Learning,Deep Learning Specialist,"AI & Machine Learning (Learning, Machine)",20.1,3,Python; Git; Adaptability,6,Mathematics; Machine Learning; PyTorch; Statistics; Weights & Biases; Presentation Skills,Vector Databases; LangChain; CUDA,2
INT-1197,Zaid Ramirez,Imperial College London,Data Engineering & Big Data,Data Engineer,"Data Engineering & Big Data (Data, Kafka)",43.0,3,Git; Python; ETL,3,Relational Databases; MinIO; Communication,BigQuery,0
INT-1198,Lars Thomas,BITS Pilani,Cybersecurity & Network Defense,Penetration Tester,"Cybersecurity & Network Defense (Network, Security)",41.5,3,Firewalls; Linux; Network Security,4,Vulnerability Assessment; Cryptography; Kali Linux; Time Management,OWASP Top 10; Ethical Hacking,0
INT-1199,Daniel Miller,University of Michigan,Cloud Architecture & DevOps,Cloud Infrastructure Engineer,"Cloud Architecture & DevOps (Cloud, Devops)",48.3,4,Linux; Networking Basics; Kubernetes; Terraform Cloud,3,Cloud Computing; GitLab CI; Technical Writing,GCP; Infrastructure as Code,3
INT-1200,James Garcia,Technical University of Munich,Data Engineering & Big Data,ETL Developer,"Data Engineering & Big Data (Data, Kafka)",29.4,2,Git; MinIO,4,Python; ETL; Relational Databases; Communication,BigQuery; Docker,2
INT-1201,Yuki Thomas,Cornell University,AI & Machine Learning,Data Scientist,"AI & Machine Learning (Learning, Machine)",36.5,4,Statistics; Git; Weights & Biases; Adaptability,5,Mathematics; Machine Learning; PyTorch; Python; Presentation Skills,Vector Databases; LangChain; CUDA,0
INT-1202,Amara Flores,Technical University of Munich,Cloud Architecture & DevOps,Site Reliability Engineer (SRE),"Cloud Architecture & DevOps (Cloud, Devops)",25.7,2,Kubernetes; GitLab CI,5,Linux; Networking Basics; Cloud Computing; Terraform Cloud; Technical Writing,GCP; Infrastructure as Code; ELK Stack,1
INT-1203,Fatima Wright,Cornell University,Cloud Architecture & DevOps,Cloud Infrastructure Engineer,"Cloud Architecture & DevOps (Cloud, Devops)",27.9,3,Linux; Networking Basics; Kubernetes,4,Cloud Computing; Terraform Cloud; GitLab CI; Technical Writing,GCP; Infrastructure as Code; ELK Stack; Datadog,1
INT-1204,Siddharth Wright,Cornell University,Cloud Architecture & DevOps,Cloud Security Engineer,"Cloud Architecture & DevOps (Cloud, Devops)",36.3,3,Linux; Cloud Computing; GitLab CI,4,Networking Basics; Kubernetes; Terraform Cloud; Technical Writing,GCP; Infrastructure as Code; ELK Stack; Datadog,2
INT-1205,Ananya Nguyen,Imperial College London,Mobile Application Development,iOS Engineer,"Mobile Application Development (Mobile, Application Development)",31.2,4,State Management; Git; Gradle; Fastlane,4,React Native; Flutter; Communication; Agile & Scrum,Push Notifications; Jetpack Compose; App Store Deployment; CocoaPods,4
INT-1206,Mei Wilson,Technical University of Munich,Data Engineering & Big Data,Big Data Developer,"Data Engineering & Big Data (Data, Kafka)",49.1,4,Git; Python; ETL; Relational Databases,2,MinIO; Communication,Apache Kafka; BigQuery,2
INT-1207,William Williams,Stanford University,Full Stack Web Development,Web Application Intern,"Full Stack Web Development (Web, Full)",37.5,4,SQL; HTML5; JavaScript; Express.js,4,Git; Postman; Presentation Skills; Adaptability,GraphQL; Tailwind CSS; Vercel,0
INT-1208,Noah Adams,ETH Zurich,AI & Machine Learning,NLP Engineer,"AI & Machine Learning (Learning, Machine)",19.9,2,PyTorch; Weights & Biases,7,Mathematics; Machine Learning; Statistics; Python; Git; Presentation Skills; Adaptability,Vector Databases; LangChain; CUDA,1
INT-1209,Tariq Hernandez,University of Texas at Austin,Mobile Application Development,Flutter Developer,"Mobile Application Development (Mobile, Application Development)",20.4,2,Flutter; Git,6,React Native; State Management; Gradle; Fastlane; Communication; Agile & Scrum,Push Notifications; Jetpack Compose; App Store Deployment,1
INT-1210,Emily Walker,IIT Delhi,Cloud Architecture & DevOps,DevOps Intern,"Cloud Architecture & DevOps (Cloud, Devops)",52.0,5,Linux; Networking Basics; Kubernetes; Terraform Cloud; Technical Writing,2,Cloud Computing; GitLab CI,GCP; Datadog,3
INT-1211,Chiara Miller,ETH Zurich,Business Intelligence & Analytics,Marketing Analytics Intern,"Business Intelligence & Analytics (Business, Powerbi)",31.3,3,Exploratory Data Analysis; Statistics; Excel & Spreadsheets,5,Data Visualization; Tableau; Power BI Service; HubSpot; Technical Writing,DAX; Cohort Analysis; Tableau Desktop,1
INT-1212,Alexander Allen,Georgia Tech,Mobile Application Development,Android Developer,"Mobile Application Development (Mobile, Application Development)",10.0,1,Git,7,React Native; State Management; Flutter; Gradle; Fastlane; Communication; Agile & Scrum,Push Notifications; Jetpack Compose; App Store Deployment; CocoaPods,0
INT-1213,Arjun Wright,Technical University of Munich,Business Intelligence & Analytics,Product Analyst,"Business Intelligence & Analytics (Business, Powerbi)",19.5,2,Exploratory Data Analysis; Data Visualization,6,Tableau; Statistics; Excel & Spreadsheets; Power BI Service; HubSpot; Technical Writing,DAX; Cohort Analysis; Metabase; Tableau Desktop,1
INT-1214,Rohan Flores,IIT Bombay,Full Stack Web Development,Web Application Intern,"Full Stack Web Development (Web, Full)",18.5,2,Git; Express.js,6,SQL; HTML5; JavaScript; Postman; Presentation Skills; Adaptability,GraphQL; Tailwind CSS; Vercel; Docker,2
INT-1215,Priya Harris,Stanford University,Full Stack Web Development,Backend Developer,"Full Stack Web Development (Web, Full)",29.2,3,JavaScript; Express.js; Adaptability,5,SQL; HTML5; Git; Postman; Presentation Skills,GraphQL; Tailwind CSS; Vercel,0
INT-1216,Benjamin Brown,Stanford University,Data Engineering & Big Data,Big Data Developer,"Data Engineering & Big Data (Data, Kafka)",49.4,4,Python; ETL; Relational Databases; Communication,2,Git; MinIO,Apache Kafka; BigQuery,2
INT-1217,Rohan Hill,IIT Bombay,Business Intelligence & Analytics,Business Intelligence Analyst,"Business Intelligence & Analytics (Business, Powerbi)",43.7,5,Exploratory Data Analysis; Data Visualization; Tableau; Statistics; Technical Writing,3,Excel & Spreadsheets; Power BI Service; HubSpot,DAX; Cohort Analysis; Tableau Desktop,2
INT-1218,Ibrahim Martinez,National University of Singapore,Business Intelligence & Analytics,Data Analyst,"Business Intelligence & Analytics (Business, Powerbi)",40.9,5,Exploratory Data Analysis; Tableau; Statistics; Excel & Spreadsheets; Power BI Service,3,Data Visualization; HubSpot; Technical Writing,DAX; Cohort Analysis; Metabase; Tableau Desktop,3
INT-1219,Tariq Williams,University of Illinois Urbana-Champaign,Data Engineering & Big Data,Big Data Developer,"Data Engineering & Big Data (Data, Kafka)",32.3,2,Relational Databases; Communication,4,Git; Python; ETL; MinIO,Apache Kafka; Docker,1
INT-1220,Rahul Jones,University of Michigan,AI & Machine Learning,Machine Learning Engineer,"AI & Machine Learning (Learning, Machine)",24.8,3,Statistics; Python; Weights & Biases,6,Mathematics; Machine Learning; PyTorch; Git; Presentation Skills; Adaptability,Vector Databases; LangChain; CUDA,2
INT-1221,Elena Campbell,IIT Delhi,Cloud Architecture & DevOps,Site Reliability Engineer (SRE),"Cloud Architecture & DevOps (Cloud, Devops)",44.2,3,Kubernetes; Terraform Cloud; GitLab CI,4,Linux; Networking Basics; Cloud Computing; Technical Writing,Datadog,1
INT-1222,Samantha Hernandez,UC Berkeley,Embedded Systems & IoT,Robotics Software Intern,"Embedded Systems & IoT (Embedded, Systems Iot)",42.7,5,RTOS; C; Electronics Fundamentals; PlatformIO; Oscilloscope,4,Linux; UART/SPI/I2C Protocols; Communication; Code Documentation,BLE / Zigbee; ARM Architecture; FreeRTOS; Raspberry Pi,1
INT-1223,Daniel Johnson,University of Texas at Austin,Full Stack Web Development,Frontend Engineer,"Full Stack Web Development (Web, Full)",40.0,3,SQL; Git; Express.js,5,HTML5; JavaScript; Postman; Presentation Skills; Adaptability,Vercel,2
INT-1224,Kavya Lewis,BITS Pilani,AI & Machine Learning,Computer Vision Engineer,"AI & Machine Learning (Learning, Machine)",28.5,4,Mathematics; PyTorch; Git; Adaptability,5,Machine Learning; Statistics; Python; Weights & Biases; Presentation Skills,Vector Databases; LangChain; CUDA,2
INT-1225,Isabella Adams,Georgia Tech,Embedded Systems & IoT,Embedded Software Engineer,"Embedded Systems & IoT (Embedded, Systems Iot)",33.1,4,RTOS; UART/SPI/I2C Protocols; Electronics Fundamentals; Code Documentation,5,Linux; C; PlatformIO; Oscilloscope; Communication,BLE / Zigbee; ARM Architecture; FreeRTOS; PCB Basics; Raspberry Pi,0
INT-1226,Aarav Robinson,IIT Delhi,Mobile Application Development,Mobile App Developer,"Mobile Application Development (Mobile, Application Development)",23.5,3,React Native; Flutter; Git,5,State Management; Gradle; Fastlane; Communication; Agile & Scrum,Push Notifications; Jetpack Compose; App Store Deployment; CocoaPods,2
INT-1227,Yuki Moore,University of Toronto,Mobile Application Development,iOS Engineer,"Mobile Application Development (Mobile, Application Development)",38.1,4,State Management; Git; Gradle; Agile & Scrum,4,React Native; Flutter; Fastlane; Communication,Push Notifications; App Store Deployment; CocoaPods,1
INT-1228,Siddharth White,Stanford University,Mobile Application Development,Mobile App Developer,"Mobile Application Development (Mobile, Application Development)",32.0,4,React Native; State Management; Flutter; Gradle,4,Git; Fastlane; Communication; Agile & Scrum,Push Notifications; Jetpack Compose; App Store Deployment; CocoaPods,1
INT-1229,Gabriel Jones,ETH Zurich,Full Stack Web Development,Frontend Engineer,"Full Stack Web Development (Web, Full)",17.9,2,HTML5; Presentation Skills,6,SQL; Git; JavaScript; Express.js; Postman; Adaptability,GraphQL; Tailwind CSS; Vercel; Docker,1
INT-1230,Isabella White,IIT Delhi,Data Engineering & Big Data,Data Pipeline Intern,"Data Engineering & Big Data (Data, Kafka)",46.3,4,Git; Python; ETL; Relational Databases,2,MinIO; Communication,Apache Kafka; BigQuery,1
INT-1231,Ananya Flores,BITS Pilani,Mobile Application Development,Android Developer,"Mobile Application Development (Mobile, Application Development)",15.9,2,State Management; Git,6,React Native; Flutter; Gradle; Fastlane; Communication; Agile & Scrum,Push Notifications; Jetpack Compose; App Store Deployment; CocoaPods,0
INT-1232,Ibrahim Robinson,University of Texas at Austin,Cybersecurity & Network Defense,Security Engineer,"Cybersecurity & Network Defense (Network, Security)",41.6,5,Vulnerability Assessment; Firewalls; Linux; Network Security; Time Management,2,Cryptography; Kali Linux,OWASP Top 10; Penetration Testing; Ethical Hacking; Nessus,0
INT-1233,Emily Taylor,ETH Zurich,Data Engineering & Big Data,Data Engineer,"Data Engineering & Big Data (Data, Kafka)",39.3,4,Git; Python; ETL; Relational Databases,2,MinIO; Communication,Apache Kafka; BigQuery; Docker,1
INT-1234,Yuki Thompson,Technical University of Munich,Cybersecurity & Network Defense,Information Security Intern,"Cybersecurity & Network Defense (Network, Security)",70.1,7,Vulnerability Assessment; Firewalls; Cryptography; Linux; Network Security; Kali Linux; Time Management,0,,OWASP Top 10; Nessus,3
INT-1235,Jack Flores,University of Toronto,Data Engineering & Big Data,Analytics Engineer,"Data Engineering & Big Data (Data, Kafka)",33.7,3,Git; Python; Communication,3,ETL; Relational Databases; MinIO,Apache Kafka; BigQuery,2
INT-1236,Olivia Smith,National University of Singapore,Business Intelligence & Analytics,BI Developer,"Business Intelligence & Analytics (Business, Powerbi)",11.6,1,Exploratory Data Analysis,7,Data Visualization; Tableau; Statistics; Excel & Spreadsheets; Power BI Service; HubSpot; Technical Writing,DAX; Cohort Analysis; Metabase; Tableau Desktop,0
INT-1237,Vikram White,Imperial College London,Mobile Application Development,iOS Engineer,"Mobile Application Development (Mobile, Application Development)",18.5,2,React Native; Git,6,State Management; Flutter; Gradle; Fastlane; Communication; Agile & Scrum,Push Notifications; Jetpack Compose; App Store Deployment; CocoaPods,0
INT-1238,Samantha Clark,MIT,Cloud Architecture & DevOps,DevOps Intern,"Cloud Architecture & DevOps (Cloud, Devops)",31.5,2,Cloud Computing; GitLab CI,5,Linux; Networking Basics; Kubernetes; Terraform Cloud; Technical Writing,GCP; Infrastructure as Code; Datadog,1
INT-1239,Aditi Jones,University of Toronto,Cloud Architecture & DevOps,Platform Engineer,"Cloud Architecture & DevOps (Cloud, Devops)",31.4,3,Linux; Networking Basics; Kubernetes,4,Cloud Computing; Terraform Cloud; GitLab CI; Technical Writing,GCP; ELK Stack; Datadog,1
INT-1240,Michael Gonzalez,Technical University of Munich,Cybersecurity & Network Defense,Penetration Tester,"Cybersecurity & Network Defense (Network, Security)",37.1,3,Firewalls; Cryptography; Network Security,4,Vulnerability Assessment; Linux; Kali Linux; Time Management,OWASP Top 10; Penetration Testing; Nessus,1
INT-1241,Alexander Williams,IIT Bombay,Full Stack Web Development,Web Application Intern,"Full Stack Web Development (Web, Full)",29.6,3,HTML5; Git; JavaScript,5,SQL; Express.js; Postman; Presentation Skills; Adaptability,GraphQL; Tailwind CSS; Vercel,1
INT-1242,Yuki Smith,Stanford University,Cloud Architecture & DevOps,DevOps Engineer,"Cloud Architecture & DevOps (Cloud, Devops)",44.6,5,Networking Basics; Kubernetes; Terraform Cloud; GitLab CI; Technical Writing,2,Linux; Cloud Computing,GCP; Infrastructure as Code; ELK Stack; Datadog,2
INT-1243,Fatima Anderson,BITS Pilani,Cybersecurity & Network Defense,Threat Intelligence Analyst,"Cybersecurity & Network Defense (Network, Security)",36.3,4,Vulnerability Assessment; Firewalls; Linux; Network Security,3,Cryptography; Kali Linux; Time Management,OWASP Top 10; Penetration Testing; Ethical Hacking; Nessus,0
INT-1244,Jasmine Green,National University of Singapore,Cloud Architecture & DevOps,Cloud Security Engineer,"Cloud Architecture & DevOps (Cloud, Devops)",42.4,4,Linux; Cloud Computing; Kubernetes; Terraform Cloud,3,Networking Basics; GitLab CI; Technical Writing,GCP; Infrastructure as Code; Datadog,3
INT-1245,Fatima Rodriguez,University of Texas at Austin,Data Engineering & Big Data,Analytics Engineer,"Data Engineering & Big Data (Data, Kafka)",61.0,5,Git; Python; ETL; Relational Databases; MinIO,1,Communication,Apache Kafka,1
INT-1246,Yuki Moore,ETH Zurich,Business Intelligence & Analytics,Data Analyst,"Business Intelligence & Analytics (Business, Powerbi)",46.8,4,Exploratory Data Analysis; Data Visualization; Tableau; Excel & Spreadsheets,4,Statistics; Power BI Service; HubSpot; Technical Writing,DAX; Metabase,1
INT-1247,Hannah Brown,BITS Pilani,Embedded Systems & IoT,Robotics Software Intern,"Embedded Systems & IoT (Embedded, Systems Iot)",43.2,5,Linux; UART/SPI/I2C Protocols; Electronics Fundamentals; PlatformIO; Code Documentation,4,RTOS; C; Oscilloscope; Communication,BLE / Zigbee; ARM Architecture; FreeRTOS; PCB Basics; Raspberry Pi,2
INT-1248,Sara Robinson,National University of Singapore,Cloud Architecture & DevOps,DevOps Intern,"Cloud Architecture & DevOps (Cloud, Devops)",12.2,1,Cloud Computing,6,Linux; Networking Basics; Kubernetes; Terraform Cloud; GitLab CI; Technical Writing,GCP; Infrastructure as Code; ELK Stack; Datadog,0
INT-1249,William Hall,National University of Singapore,Mobile Application Development,Android Developer,"Mobile Application Development (Mobile, Application Development)",37.5,5,State Management; Flutter; Gradle; Fastlane; Agile & Scrum,3,React Native; Git; Communication,Push Notifications; Jetpack Compose; App Store Deployment; CocoaPods,3
INT-1250,Lars Lewis,ETH Zurich,Embedded Systems & IoT,Hardware/Software Integrator,"Embedded Systems & IoT (Embedded, Systems Iot)",46.6,5,Linux; RTOS; UART/SPI/I2C Protocols; Electronics Fundamentals; Code Documentation,4,C; PlatformIO; Oscilloscope; Communication,BLE / Zigbee; ARM Architecture; FreeRTOS,2
INT-1251,Carlos Johnson,BITS Pilani,Mobile Application Development,iOS Engineer,"Mobile Application Development (Mobile, Application Development)",24.9,3,State Management; Flutter; Git,5,React Native; Gradle; Fastlane; Communication; Agile & Scrum,Push Notifications; Jetpack Compose; App Store Deployment; CocoaPods,0
INT-1252,Isabella King,University of Toronto,AI & Machine Learning,AI Research Intern,"AI & Machine Learning (Learning, Machine)",21.8,3,Mathematics; Machine Learning; Python,6,PyTorch; Statistics; Git; Weights & Biases; Presentation Skills; Adaptability,Vector Databases; LangChain; CUDA,1
INT-1253,Rohan Lee,Imperial College London,Mobile Application Development,Mobile App Developer,"Mobile Application Development (Mobile, Application Development)",50.8,6,React Native; State Management; Flutter; Git; Fastlane; Communication,2,Gradle; Agile & Scrum,Push Notifications; Jetpack Compose; CocoaPods,4
INT-1254,Vikram Nelson,BITS Pilani,Embedded Systems & IoT,Robotics Software Intern,"Embedded Systems & IoT (Embedded, Systems Iot)",37.0,4,Linux; UART/SPI/I2C Protocols; C; Code Documentation,5,RTOS; Electronics Fundamentals; PlatformIO; Oscilloscope; Communication,BLE / Zigbee; FreeRTOS; PCB Basics; Raspberry Pi,1
INT-1255,Rahul King,University of Illinois Urbana-Champaign,Data Engineering & Big Data,Data Engineer,"Data Engineering & Big Data (Data, Kafka)",21.0,2,Git; ETL,4,Python; Relational Databases; MinIO; Communication,Apache Kafka; BigQuery; Docker,0
INT-1256,Rahul Smith,University of Washington,Business Intelligence & Analytics,Operations Analyst,"Business Intelligence & Analytics (Business, Powerbi)",31.2,3,Exploratory Data Analysis; Data Visualization; Tableau,5,Statistics; Excel & Spreadsheets; Power BI Service; HubSpot; Technical Writing,DAX; Metabase; Tableau Desktop,1
INT-1257,Zara Scott,ETH Zurich,AI & Machine Learning,AI Research Intern,"AI & Machine Learning (Learning, Machine)",27.6,4,Mathematics; Machine Learning; Python; Git,5,PyTorch; Statistics; Weights & Biases; Presentation Skills; Adaptability,Vector Databases; LangChain; CUDA,2
INT-1258,Sara Wright,UC Berkeley,Cybersecurity & Network Defense,Threat Intelligence Analyst,"Cybersecurity & Network Defense (Network, Security)",43.4,4,Vulnerability Assessment; Cryptography; Linux; Kali Linux,3,Firewalls; Network Security; Time Management,OWASP Top 10; Penetration Testing; Ethical Hacking,2
INT-1259,David Thomas,University of Toronto,Business Intelligence & Analytics,Operations Analyst,"Business Intelligence & Analytics (Business, Powerbi)",25.8,3,Tableau; Excel & Spreadsheets; HubSpot,5,Exploratory Data Analysis; Data Visualization; Statistics; Power BI Service; Technical Writing,DAX; Cohort Analysis; Metabase; Tableau Desktop,1
INT-1260,Jack Campbell,IIT Delhi,Data Engineering & Big Data,ETL Developer,"Data Engineering & Big Data (Data, Kafka)",42.9,3,Git; Python; MinIO,3,ETL; Relational Databases; Communication,Apache Kafka,2
INT-1261,Jack Clark,National University of Singapore,Embedded Systems & IoT,Hardware/Software Integrator,"Embedded Systems & IoT (Embedded, Systems Iot)",35.7,4,Linux; RTOS; UART/SPI/I2C Protocols; PlatformIO,5,C; Electronics Fundamentals; Oscilloscope; Communication; Code Documentation,BLE / Zigbee; FreeRTOS; PCB Basics; Raspberry Pi,2
INT-1262,Ethan Ramirez,University of Toronto,Embedded Systems & IoT,IoT Systems Engineer,"Embedded Systems & IoT (Embedded, Systems Iot)",37.9,5,Linux; RTOS; UART/SPI/I2C Protocols; C; Code Documentation,4,Electronics Fundamentals; PlatformIO; Oscilloscope; Communication,BLE / Zigbee; ARM Architecture; FreeRTOS; PCB Basics; Raspberry Pi,3
INT-1263,Michael Green,University of Texas at Austin,Cloud Architecture & DevOps,Site Reliability Engineer (SRE),"Cloud Architecture & DevOps (Cloud, Devops)",43.7,5,Networking Basics; Cloud Computing; Kubernetes; Terraform Cloud; Technical Writing,2,Linux; GitLab CI,GCP; Infrastructure as Code; ELK Stack; Datadog,2
INT-1264,Carlos Gonzalez,Cornell University,Business Intelligence & Analytics,Product Analyst,"Business Intelligence & Analytics (Business, Powerbi)",17.6,1,Tableau,7,Exploratory Data Analysis; Data Visualization; Statistics; Excel & Spreadsheets; Power BI Service; HubSpot; Technical Writing,DAX; Metabase; Tableau Desktop,0
INT-1265,Fatima Perez,National University of Singapore,Cybersecurity & Network Defense,Threat Intelligence Analyst,"Cybersecurity & Network Defense (Network, Security)",26.1,3,Cryptography; Linux; Network Security,4,Vulnerability Assessment; Firewalls; Kali Linux; Time Management,OWASP Top 10; Penetration Testing; Ethical Hacking; Nessus,1
INT-1266,William Lopez,Cornell University,Full Stack Web Development,Software Engineer - Web,"Full Stack Web Development (Web, Full)",30.0,3,HTML5; Git; JavaScript,5,SQL; Express.js; Postman; Presentation Skills; Adaptability,GraphQL; Tailwind CSS; Docker,0
INT-1267,Fatou Jones,Cornell University,Cloud Architecture & DevOps,Cloud Infrastructure Engineer,"Cloud Architecture & DevOps (Cloud, Devops)",26.3,2,Networking Basics; Cloud Computing,5,Linux; Kubernetes; Terraform Cloud; GitLab CI; Technical Writing,GCP; Infrastructure as Code; ELK Stack,0
INT-1268,Lars Baker,Imperial College London,Cybersecurity & Network Defense,Security Engineer,"Cybersecurity & Network Defense (Network, Security)",44.8,4,Vulnerability Assessment; Firewalls; Cryptography; Linux,3,Network Security; Kali Linux; Time Management,OWASP Top 10; Ethical Hacking,1
INT-1269,Aditi Miller,Imperial College London,Mobile Application Development,Mobile Software Intern,"Mobile Application Development (Mobile, Application Development)",21.3,2,Flutter; Git,6,React Native; State Management; Gradle; Fastlane; Communication; Agile & Scrum,Jetpack Compose; App Store Deployment; CocoaPods,2
INT-1270,Priya Nguyen,UC Berkeley,Full Stack Web Development,Software Engineer - Web,"Full Stack Web Development (Web, Full)",22.3,2,SQL; HTML5,6,Git; JavaScript; Express.js; Postman; Presentation Skills; Adaptability,GraphQL; Tailwind CSS; Vercel,0
INT-1271,Aditi Miller,National University of Singapore,Cybersecurity & Network Defense,SOC Analyst,"Cybersecurity & Network Defense (Network, Security)",38.1,3,Firewalls; Cryptography; Linux,4,Vulnerability Assessment; Network Security; Kali Linux; Time Management,OWASP Top 10; Nessus,1
INT-1272,Arjun Brown,BITS Pilani,Mobile Application Development,Flutter Developer,"Mobile Application Development (Mobile, Application Development)",17.3,2,React Native; Flutter,6,State Management; Git; Gradle; Fastlane; Communication; Agile & Scrum,Push Notifications; Jetpack Compose; App Store Deployment; CocoaPods,0
INT-1273,Zaid Jackson,University of Toronto,Data Engineering & Big Data,ETL Developer,"Data Engineering & Big Data (Data, Kafka)",37.0,2,Git; Relational Databases,4,Python; ETL; MinIO; Communication,Apache Kafka,1
INT-1274,Rohan Rivera,Georgia Tech,Full Stack Web Development,React / Node.js Developer,"Full Stack Web Development (Web, Full)",34.2,3,HTML5; Git; Express.js,5,SQL; JavaScript; Postman; Presentation Skills; Adaptability,Tailwind CSS; Vercel; Docker,0
INT-1275,Vikram White,IIT Delhi,Cybersecurity & Network Defense,Threat Intelligence Analyst,"Cybersecurity & Network Defense (Network, Security)",48.1,5,Vulnerability Assessment; Firewalls; Linux; Kali Linux; Time Management,2,Cryptography; Network Security,OWASP Top 10; Penetration Testing; Ethical Hacking,2
INT-1276,Dev Rivera,ETH Zurich,AI & Machine Learning,Data Scientist,"AI & Machine Learning (Learning, Machine)",50.3,6,Mathematics; Machine Learning; Statistics; Python; Weights & Biases; Adaptability,3,PyTorch; Git; Presentation Skills,Vector Databases; LangChain,2
INT-1277,Mei Harris,University of Texas at Austin,Business Intelligence & Analytics,Data Analyst,"Business Intelligence & Analytics (Business, Powerbi)",32.1,3,Exploratory Data Analysis; Data Visualization; HubSpot,5,Tableau; Statistics; Excel & Spreadsheets; Power BI Service; Technical Writing,DAX; Metabase; Tableau Desktop,2
INT-1278,Sara Jones,University of Texas at Austin,Mobile Application Development,Flutter Developer,"Mobile Application Development (Mobile, Application Development)",35.1,4,React Native; Flutter; Git; Fastlane,4,State Management; Gradle; Communication; Agile & Scrum,Push Notifications; Jetpack Compose; CocoaPods,0
INT-1279,Aditi Lopez,Stanford University,Business Intelligence & Analytics,Operations Analyst,"Business Intelligence & Analytics (Business, Powerbi)",22.4,2,Statistics; Excel & Spreadsheets,6,Exploratory Data Analysis; Data Visualization; Tableau; Power BI Service; HubSpot; Technical Writing,DAX; Cohort Analysis; Tableau Desktop,0
INT-1280,Rohan Hill,University of Illinois Urbana-Champaign,Data Engineering & Big Data,Analytics Engineer,"Data Engineering & Big Data (Data, Kafka)",35.4,3,Git; Python; Relational Databases,3,ETL; MinIO; Communication,Apache Kafka; BigQuery,0
INT-1281,Jack Wilson,IIT Delhi,Cloud Architecture & DevOps,DevOps Engineer,"Cloud Architecture & DevOps (Cloud, Devops)",31.2,2,Networking Basics; Kubernetes,5,Linux; Cloud Computing; Terraform Cloud; GitLab CI; Technical Writing,Infrastructure as Code; ELK Stack,0
INT-1282,Chiara Lee,University of Michigan,Cloud Architecture & DevOps,DevOps Engineer,"Cloud Architecture & DevOps (Cloud, Devops)",37.4,3,Networking Basics; Kubernetes; Terraform Cloud,4,Linux; Cloud Computing; GitLab CI; Technical Writing,Infrastructure as Code; ELK Stack,1
INT-1283,Ibrahim White,Imperial College London,Full Stack Web Development,Frontend Engineer,"Full Stack Web Development (Web, Full)",39.7,5,SQL; Git; JavaScript; Presentation Skills; Adaptability,3,HTML5; Express.js; Postman,Tailwind CSS; Vercel; Docker,3
INT-1284,Ethan Scott,Carnegie Mellon University,Data Engineering & Big Data,Data Pipeline Intern,"Data Engineering & Big Data (Data, Kafka)",51.3,4,Git; Python; ETL; Communication,2,Relational Databases; MinIO,Docker,3
INT-1285,Rohan Mitchell,ETH Zurich,Business Intelligence & Analytics,Product Analyst,"Business Intelligence & Analytics (Business, Powerbi)",43.3,4,Exploratory Data Analysis; Statistics; Excel & Spreadsheets; HubSpot,4,Data Visualization; Tableau; Power BI Service; Technical Writing,Cohort Analysis; Metabase,1
INT-1286,Grace Perez,Georgia Tech,Cloud Architecture & DevOps,Cloud Security Engineer,"Cloud Architecture & DevOps (Cloud, Devops)",13.2,0,,7,Linux; Networking Basics; Cloud Computing; Kubernetes; Terraform Cloud; GitLab CI; Technical Writing,GCP; Infrastructure as Code; ELK Stack,0
INT-1287,Siddharth Garcia,UC Berkeley,Mobile Application Development,Mobile App Developer,"Mobile Application Development (Mobile, Application Development)",27.5,3,State Management; Git; Agile & Scrum,5,React Native; Flutter; Gradle; Fastlane; Communication,Push Notifications; Jetpack Compose; App Store Deployment,1
INT-1288,Jack Walker,University of Washington,Business Intelligence & Analytics,Data Analyst,"Business Intelligence & Analytics (Business, Powerbi)",42.2,3,Data Visualization; Statistics; Excel & Spreadsheets,5,Exploratory Data Analysis; Tableau; Power BI Service; HubSpot; Technical Writing,Tableau Desktop,0
INT-1289,Zaid Thompson,BITS Pilani,Mobile Application Development,Mobile Software Intern,"Mobile Application Development (Mobile, Application Development)",21.1,3,Flutter; Git; Gradle,5,React Native; State Management; Fastlane; Communication; Agile & Scrum,Push Notifications; Jetpack Compose; App Store Deployment; CocoaPods,1
INT-1290,Mei Moore,Georgia Tech,Business Intelligence & Analytics,Product Analyst,"Business Intelligence & Analytics (Business, Powerbi)",38.5,4,Exploratory Data Analysis; Data Visualization; Excel & Spreadsheets; Power BI Service,4,Tableau; Statistics; HubSpot; Technical Writing,Cohort Analysis; Metabase; Tableau Desktop,1
INT-1291,Zara Martinez,Carnegie Mellon University,Embedded Systems & IoT,Firmware Developer,"Embedded Systems & IoT (Embedded, Systems Iot)",34.9,3,Linux; UART/SPI/I2C Protocols; Communication,6,RTOS; C; Electronics Fundamentals; PlatformIO; Oscilloscope; Code Documentation,BLE / Zigbee; ARM Architecture; FreeRTOS,0
INT-1292,Benjamin Perez,Georgia Tech,Data Engineering & Big Data,ETL Developer,"Data Engineering & Big Data (Data, Kafka)",36.5,3,Git; Python; ETL,3,Relational Databases; MinIO; Communication,Apache Kafka; BigQuery,2
INT-1293,Rahul Thompson,University of Michigan,Business Intelligence & Analytics,Data Analyst,"Business Intelligence & Analytics (Business, Powerbi)",45.3,5,Exploratory Data Analysis; Data Visualization; Statistics; Excel & Spreadsheets; HubSpot,3,Tableau; Power BI Service; Technical Writing,Cohort Analysis; Metabase; Tableau Desktop,4
INT-1294,Zara Miller,University of Washington,Full Stack Web Development,Full Stack Developer,"Full Stack Web Development (Web, Full)",16.9,1,JavaScript,7,SQL; HTML5; Git; Express.js; Postman; Presentation Skills; Adaptability,GraphQL; Tailwind CSS; Docker,0
INT-1295,Michael Walker,University of Illinois Urbana-Champaign,Mobile Application Development,React Native Developer,"Mobile Application Development (Mobile, Application Development)",25.6,3,React Native; State Management; Flutter,5,Git; Gradle; Fastlane; Communication; Agile & Scrum,Push Notifications; Jetpack Compose; App Store Deployment; CocoaPods,1
INT-1296,Maya Ramirez,Georgia Tech,Embedded Systems & IoT,Firmware Developer,"Embedded Systems & IoT (Embedded, Systems Iot)",42.4,6,Linux; RTOS; UART/SPI/I2C Protocols; Electronics Fundamentals; PlatformIO; Code Documentation,3,C; Oscilloscope; Communication,BLE / Zigbee; ARM Architecture; FreeRTOS; PCB Basics; Raspberry Pi,3
INT-1297,Jasmine Baker,Georgia Tech,Full Stack Web Development,Full Stack Developer,"Full Stack Web Development (Web, Full)",50.1,6,HTML5; Git; JavaScript; Express.js; Postman; Adaptability,2,SQL; Presentation Skills,GraphQL; Tailwind CSS; Vercel,3
INT-1298,Rohan Wright,University of Toronto,Cybersecurity & Network Defense,Security Engineer,"Cybersecurity & Network Defense (Network, Security)",47.3,5,Vulnerability Assessment; Firewalls; Cryptography; Linux; Network Security,2,Kali Linux; Time Management,OWASP Top 10; Penetration Testing; Ethical Hacking,1
INT-1299,Liam Ramirez,National University of Singapore,Business Intelligence & Analytics,Business Intelligence Analyst,"Business Intelligence & Analytics (Business, Powerbi)",51.1,5,Exploratory Data Analysis; Data Visualization; Tableau; Statistics; Excel & Spreadsheets,3,Power BI Service; HubSpot; Technical Writing,Metabase; Tableau Desktop,1
INT-1300,Kavya Martin,University of Toronto,Full Stack Web Development,Backend Developer,"Full Stack Web Development (Web, Full)",34.3,4,HTML5; Git; Express.js; Postman,4,SQL; JavaScript; Presentation Skills; Adaptability,GraphQL; Tailwind CSS; Vercel,3
INT-1301,Rohan Sharma,Imperial College London,Cybersecurity & Network Defense,Information Security Intern,"Cybersecurity & Network Defense (Network, Security)",34.8,4,Vulnerability Assessment; Firewalls; Linux; Network Security,3,Cryptography; Kali Linux; Time Management,OWASP Top 10; Penetration Testing; Ethical Hacking; Nessus,2
INT-1302,Aarav Lopez,University of Illinois Urbana-Champaign,AI & Machine Learning,AI Research Intern,"AI & Machine Learning (Learning, Machine)",27.9,4,PyTorch; Statistics; Presentation Skills; Adaptability,5,Mathematics; Machine Learning; Python; Git; Weights & Biases,Vector Databases; LangChain; CUDA,2
INT-1303,Aarav Garcia,IIT Delhi,Embedded Systems & IoT,IoT Systems Engineer,"Embedded Systems & IoT (Embedded, Systems Iot)",26.5,3,UART/SPI/I2C Protocols; C; Electronics Fundamentals,6,Linux; RTOS; PlatformIO; Oscilloscope; Communication; Code Documentation,BLE / Zigbee; ARM Architecture; FreeRTOS; PCB Basics; Raspberry Pi,3
INT-1304,Emily Perez,Technical University of Munich,Embedded Systems & IoT,Robotics Software Intern,"Embedded Systems & IoT (Embedded, Systems Iot)",42.4,3,Linux; RTOS; Electronics Fundamentals,6,UART/SPI/I2C Protocols; C; PlatformIO; Oscilloscope; Communication; Code Documentation,FreeRTOS; PCB Basics,0
INT-1305,Lars Rodriguez,BITS Pilani,Mobile Application Development,React Native Developer,"Mobile Application Development (Mobile, Application Development)",41.5,4,React Native; Git; Gradle; Communication,4,State Management; Flutter; Fastlane; Agile & Scrum,Push Notifications; CocoaPods,2
INT-1306,Rohan Smith,Imperial College London,AI & Machine Learning,Deep Learning Specialist,"AI & Machine Learning (Learning, Machine)",39.7,5,Statistics; Python; Git; Weights & Biases; Adaptability,4,Mathematics; Machine Learning; PyTorch; Presentation Skills,Vector Databases; CUDA,2
INT-1307,William Garcia,University of Washington,AI & Machine Learning,AI Research Intern,"AI & Machine Learning (Learning, Machine)",21.9,3,Machine Learning; Git; Presentation Skills,6,Mathematics; PyTorch; Statistics; Python; Weights & Biases; Adaptability,Vector Databases; LangChain; CUDA,1
INT-1308,Zara Young,Technical University of Munich,Business Intelligence & Analytics,Business Intelligence Analyst,"Business Intelligence & Analytics (Business, Powerbi)",37.5,4,Exploratory Data Analysis; Tableau; Statistics; Excel & Spreadsheets,4,Data Visualization; Power BI Service; HubSpot; Technical Writing,DAX; Cohort Analysis; Tableau Desktop,1
INT-1309,Samantha Sharma,ETH Zurich,Data Engineering & Big Data,Data Engineer,"Data Engineering & Big Data (Data, Kafka)",27.4,2,Git; ETL,4,Python; Relational Databases; MinIO; Communication,Apache Kafka; Docker,2
INT-1310,Dev Perez,University of Texas at Austin,Cybersecurity & Network Defense,Threat Intelligence Analyst,"Cybersecurity & Network Defense (Network, Security)",44.8,3,Vulnerability Assessment; Firewalls; Linux,4,Cryptography; Network Security; Kali Linux; Time Management,Penetration Testing,0
INT-1311,Chiara Harris,IIT Bombay,Data Engineering & Big Data,Analytics Engineer,"Data Engineering & Big Data (Data, Kafka)",37.8,3,Git; Relational Databases; MinIO,3,Python; ETL; Communication,Apache Kafka; BigQuery,1
INT-1312,William Thomas,University of Illinois Urbana-Champaign,Embedded Systems & IoT,Robotics Software Intern,"Embedded Systems & IoT (Embedded, Systems Iot)",57.9,6,Linux; RTOS; UART/SPI/I2C Protocols; C; Electronics Fundamentals; PlatformIO,3,Oscilloscope; Communication; Code Documentation,ARM Architecture; Raspberry Pi,4
INT-1313,Chloe Wilson,University of Texas at Austin,Embedded Systems & IoT,Embedded Software Engineer,"Embedded Systems & IoT (Embedded, Systems Iot)",27.1,3,C; Electronics Fundamentals; Communication,6,Linux; RTOS; UART/SPI/I2C Protocols; PlatformIO; Oscilloscope; Code Documentation,BLE / Zigbee; FreeRTOS; PCB Basics; Raspberry Pi,1
INT-1314,Arjun Adams,National University of Singapore,Full Stack Web Development,Software Engineer - Web,"Full Stack Web Development (Web, Full)",23.6,3,SQL; Git; Postman,5,HTML5; JavaScript; Express.js; Presentation Skills; Adaptability,GraphQL; Tailwind CSS; Vercel; Docker,2
INT-1315,Arjun King,UC Berkeley,Full Stack Web Development,Software Engineer - Web,"Full Stack Web Development (Web, Full)",25.8,3,HTML5; Express.js; Postman,5,SQL; Git; JavaScript; Presentation Skills; Adaptability,GraphQL; Tailwind CSS; Vercel; Docker,0
INT-1316,Jasmine Rodriguez,ETH Zurich,Cybersecurity & Network Defense,Cybersecurity Analyst,"Cybersecurity & Network Defense (Network, Security)",36.4,3,Firewalls; Cryptography; Linux,4,Vulnerability Assessment; Network Security; Kali Linux; Time Management,OWASP Top 10; Penetration Testing,2
INT-1317,Michael Rodriguez,Georgia Tech,Mobile Application Development,React Native Developer,"Mobile Application Development (Mobile, Application Development)",23.7,2,State Management; Git,6,React Native; Flutter; Gradle; Fastlane; Communication; Agile & Scrum,Jetpack Compose; App Store Deployment; CocoaPods,1
INT-1318,Liam Johnson,National University of Singapore,Full Stack Web Development,Backend Developer,"Full Stack Web Development (Web, Full)",29.0,3,SQL; Git; JavaScript,5,HTML5; Express.js; Postman; Presentation Skills; Adaptability,Tailwind CSS; Vercel; Docker,1
INT-1319,Jin Green,Georgia Tech,Cloud Architecture & DevOps,Cloud Security Engineer,"Cloud Architecture & DevOps (Cloud, Devops)",36.6,3,Linux; Networking Basics; Kubernetes,4,Cloud Computing; Terraform Cloud; GitLab CI; Technical Writing,Infrastructure as Code; ELK Stack; Datadog,1
INT-1320,Lars Jackson,ETH Zurich,Data Engineering & Big Data,Data Pipeline Intern,"Data Engineering & Big Data (Data, Kafka)",40.4,4,Git; Python; Relational Databases; MinIO,2,ETL; Communication,Apache Kafka; BigQuery; Docker,1
INT-1321,Maya Sanchez,BITS Pilani,AI & Machine Learning,NLP Engineer,"AI & Machine Learning (Learning, Machine)",28.9,3,Mathematics; Statistics; Git,6,Machine Learning; PyTorch; Python; Weights & Biases; Presentation Skills; Adaptability,Vector Databases; LangChain,2
INT-1322,Chiara Nelson,MIT,Data Engineering & Big Data,Data Pipeline Intern,"Data Engineering & Big Data (Data, Kafka)",31.5,3,Git; Python; Relational Databases,3,ETL; MinIO; Communication,Apache Kafka; BigQuery; Docker,1
INT-1323,Mei Baker,University of Texas at Austin,Mobile Application Development,iOS Engineer,"Mobile Application Development (Mobile, Application Development)",18.0,1,Git,7,React Native; State Management; Flutter; Gradle; Fastlane; Communication; Agile & Scrum,Push Notifications; App Store Deployment; CocoaPods,0
INT-1324,Lars White,Georgia Tech,Embedded Systems & IoT,Hardware/Software Integrator,"Embedded Systems & IoT (Embedded, Systems Iot)",33.0,4,Linux; RTOS; C; PlatformIO,5,UART/SPI/I2C Protocols; Electronics Fundamentals; Oscilloscope; Communication; Code Documentation,ARM Architecture; FreeRTOS; PCB Basics; Raspberry Pi,1
INT-1325,Maya Young,IIT Bombay,Mobile Application Development,React Native Developer,"Mobile Application Development (Mobile, Application Development)",35.1,4,React Native; State Management; Fastlane; Communication,4,Flutter; Git; Gradle; Agile & Scrum,Push Notifications; Jetpack Compose; App Store Deployment,1
INT-1326,William Lopez,Carnegie Mellon University,AI & Machine Learning,NLP Engineer,"AI & Machine Learning (Learning, Machine)",27.9,3,Machine Learning; Python; Presentation Skills,6,Mathematics; PyTorch; Statistics; Git; Weights & Biases; Adaptability,Vector Databases; LangChain,1
INT-1327,Daniel Lewis,UC Berkeley,Embedded Systems & IoT,Robotics Software Intern,"Embedded Systems & IoT (Embedded, Systems Iot)",35.2,4,Linux; UART/SPI/I2C Protocols; C; Electronics Fundamentals,5,RTOS; PlatformIO; Oscilloscope; Communication; Code Documentation,BLE / Zigbee; ARM Architecture; FreeRTOS; PCB Basics; Raspberry Pi,1
INT-1328,Jasmine Flores,MIT,Embedded Systems & IoT,Hardware/Software Integrator,"Embedded Systems & IoT (Embedded, Systems Iot)",39.4,4,Linux; UART/SPI/I2C Protocols; C; PlatformIO,5,RTOS; Electronics Fundamentals; Oscilloscope; Communication; Code Documentation,BLE / Zigbee; ARM Architecture; FreeRTOS; PCB Basics,1
INT-1329,Elena Thomas,UC Berkeley,Mobile Application Development,Android Developer,"Mobile Application Development (Mobile, Application Development)",21.7,3,React Native; Git; Agile & Scrum,5,State Management; Flutter; Gradle; Fastlane; Communication,Push Notifications; Jetpack Compose; App Store Deployment; CocoaPods,0
INT-1330,Sophia Jones,Technical University of Munich,Data Engineering & Big Data,Data Platform Engineer,"Data Engineering & Big Data (Data, Kafka)",41.5,4,Git; Python; ETL; Communication,2,Relational Databases; MinIO,Apache Kafka; BigQuery,2
INT-1331,Ibrahim Nelson,Carnegie Mellon University,Cybersecurity & Network Defense,Threat Intelligence Analyst,"Cybersecurity & Network Defense (Network, Security)",26.4,3,Firewalls; Cryptography; Network Security,4,Vulnerability Assessment; Linux; Kali Linux; Time Management,OWASP Top 10; Penetration Testing; Ethical Hacking; Nessus,1
INT-1332,Lucas Lee,BITS Pilani,Cloud Architecture & DevOps,Cloud Infrastructure Engineer,"Cloud Architecture & DevOps (Cloud, Devops)",36.6,4,Linux; Networking Basics; Kubernetes; Terraform Cloud,3,Cloud Computing; GitLab CI; Technical Writing,GCP; Infrastructure as Code; ELK Stack; Datadog,1
INT-1333,Grace King,Carnegie Mellon University,Embedded Systems & IoT,Hardware/Software Integrator,"Embedded Systems & IoT (Embedded, Systems Iot)",37.0,5,RTOS; UART/SPI/I2C Protocols; C; Electronics Fundamentals; Communication,4,Linux; PlatformIO; Oscilloscope; Code Documentation,BLE / Zigbee; ARM Architecture; FreeRTOS; PCB Basics; Raspberry Pi,3
INT-1334,Lucas Lewis,University of Texas at Austin,Data Engineering & Big Data,Data Engineer,"Data Engineering & Big Data (Data, Kafka)",44.3,3,Git; Python; ETL,3,Relational Databases; MinIO; Communication,Docker,1
INT-1335,Yuki Allen,MIT,Full Stack Web Development,Backend Developer,"Full Stack Web Development (Web, Full)",31.8,4,Git; JavaScript; Express.js; Presentation Skills,4,SQL; HTML5; Postman; Adaptability,GraphQL; Tailwind CSS; Vercel; Docker,2
INT-1336,Olivia Gonzalez,MIT,AI & Machine Learning,Deep Learning Specialist,"AI & Machine Learning (Learning, Machine)",22.1,3,Mathematics; Machine Learning; Git,6,PyTorch; Statistics; Python; Weights & Biases; Presentation Skills; Adaptability,Vector Databases; LangChain; CUDA,2
INT-1337,David Johnson,Technical University of Munich,Full Stack Web Development,Web Application Intern,"Full Stack Web Development (Web, Full)",42.6,5,SQL; HTML5; Git; Postman; Adaptability,3,JavaScript; Express.js; Presentation Skills,GraphQL; Tailwind CSS; Docker,2
INT-1338,Isabella Martin,Stanford University,Cloud Architecture & DevOps,DevOps Intern,"Cloud Architecture & DevOps (Cloud, Devops)",11.1,1,Linux,6,Networking Basics; Cloud Computing; Kubernetes; Terraform Cloud; GitLab CI; Technical Writing,GCP; Infrastructure as Code; ELK Stack; Datadog,1
INT-1339,Lars Wright,Cornell University,Cloud Architecture & DevOps,Platform Engineer,"Cloud Architecture & DevOps (Cloud, Devops)",31.2,3,Linux; Kubernetes; GitLab CI,4,Networking Basics; Cloud Computing; Terraform Cloud; Technical Writing,GCP; Infrastructure as Code; ELK Stack; Datadog,0
INT-1340,Emily Wright,Technical University of Munich,Data Engineering & Big Data,ETL Developer,"Data Engineering & Big Data (Data, Kafka)",31.8,3,Git; ETL; Relational Databases,3,Python; MinIO; Communication,Apache Kafka; BigQuery; Docker,1
INT-1341,Hannah Young,University of Illinois Urbana-Champaign,Embedded Systems & IoT,Hardware/Software Integrator,"Embedded Systems & IoT (Embedded, Systems Iot)",36.0,4,RTOS; UART/SPI/I2C Protocols; Electronics Fundamentals; Code Documentation,5,Linux; C; PlatformIO; Oscilloscope; Communication,ARM Architecture; FreeRTOS; PCB Basics; Raspberry Pi,1
INT-1342,Fatima Hall,BITS Pilani,Cloud Architecture & DevOps,Site Reliability Engineer (SRE),"Cloud Architecture & DevOps (Cloud, Devops)",31.2,3,Linux; Networking Basics; Cloud Computing,4,Kubernetes; Terraform Cloud; GitLab CI; Technical Writing,GCP; Infrastructure as Code; ELK Stack,2
INT-1343,Gabriel Miller,University of Texas at Austin,Cybersecurity & Network Defense,Penetration Tester,"Cybersecurity & Network Defense (Network, Security)",10.0,0,,7,Vulnerability Assessment; Firewalls; Cryptography; Linux; Network Security; Kali Linux; Time Management,OWASP Top 10; Penetration Testing; Ethical Hacking; Nessus,0
INT-1344,Carlos Nelson,Cornell University,Data Engineering & Big Data,Data Platform Engineer,"Data Engineering & Big Data (Data, Kafka)",45.0,4,Python; ETL; Relational Databases; MinIO,2,Git; Communication,Apache Kafka; BigQuery,2
INT-1345,Sara Allen,Imperial College London,Mobile Application Development,Flutter Developer,"Mobile Application Development (Mobile, Application Development)",28.5,3,State Management; Git; Agile & Scrum,5,React Native; Flutter; Gradle; Fastlane; Communication,Push Notifications; App Store Deployment; CocoaPods,2
INT-1346,Siddharth King,University of Illinois Urbana-Champaign,Embedded Systems & IoT,Hardware/Software Integrator,"Embedded Systems & IoT (Embedded, Systems Iot)",35.5,5,Linux; RTOS; C; Electronics Fundamentals; Oscilloscope,4,UART/SPI/I2C Protocols; PlatformIO; Communication; Code Documentation,BLE / Zigbee; ARM Architecture; FreeRTOS; PCB Basics; Raspberry Pi,1
INT-1347,Jack Wright,IIT Delhi,Full Stack Web Development,Backend Developer,"Full Stack Web Development (Web, Full)",40.2,5,SQL; Git; Express.js; Postman; Adaptability,3,HTML5; JavaScript; Presentation Skills,GraphQL; Tailwind CSS; Vercel,3
INT-1348,Yuki Gonzalez,University of Texas at Austin,Cybersecurity & Network Defense,Information Security Intern,"Cybersecurity & Network Defense (Network, Security)",26.1,3,Firewalls; Network Security; Time Management,4,Vulnerability Assessment; Cryptography; Linux; Kali Linux,OWASP Top 10; Penetration Testing; Ethical Hacking; Nessus,0
INT-1349,Jin Campbell,University of Illinois Urbana-Champaign,Data Engineering & Big Data,Analytics Engineer,"Data Engineering & Big Data (Data, Kafka)",40.3,4,Git; Python; Relational Databases; MinIO,2,ETL; Communication,Apache Kafka; BigQuery; Docker,2
INT-1350,Jasmine Johnson,University of Washington,Full Stack Web Development,Web Application Intern,"Full Stack Web Development (Web, Full)",35.1,4,HTML5; Git; JavaScript; Presentation Skills,4,SQL; Express.js; Postman; Adaptability,GraphQL; Tailwind CSS; Docker,0
