Intern_ID,Completion_Time,Feedback_Rating,Attendance,Performance_Score,Predicted_Performance,Prediction_Category
INT0001,3.26,4.09,86.5,70.98,78.065636,Average
INT0002,,1.33,59.23,42.16,58.383713,Struggle
INT0003,5.78,,42.98,49.89,54.24739,Struggle
INT0004,4.28,1.43,83.16,68.49,63.384544,Average
INT0005,1.53,1.91,74.1,77.51,75.81419,Average
INT0006,2.07,2.46,86.93,97.98,88.31924,Excel
INT0007,1.24,1.8,98.06,72.22,75.20344,Average
INT0008,5.86,3.38,55.83,55.62,57.997726,Struggle
INT0009,4.23,3.05,85.48,79.96,71.68555,Average
INT0010,5.31,2.04,61.52,65.64,58.831097,Struggle
INT0011,1.0,4.34,0.0,95.37,89.485855,Excel
INT0012,7.0,1.92,31.05,59.55,52.20728,Struggle
INT0013,5.9,2.71,56.8,73.69,54.488743,Struggle
INT0014,1.98,1.33,65.99,68.94,69.215805,Average
INT0015,2.22,1.01,67.1,73.52,64.82878,Average
INT0016,1.84,1.0,94.98,66.79,65.91925,Average
INT0017,2.82,1.0,87.09,52.54,63.667667,Average
INT0018,,3.56,98.61,59.46,82.780685,Excel
INT0019,3.54,1.0,8.47,56.65,59.304424,Struggle
INT0020,3.05,,26.47,58.19,70.91992,Average
INT0021,4.39,1.0,66.38,53.18,52.68477,Struggle
INT0022,2.24,1.8,42.26,56.06,57.970352,Struggle
INT0023,3.04,5.0,66.32,86.84,85.94492,Excel
INT0024,3.03,1.83,83.65,56.18,69.92965,Average
INT0025,3.42,4.74,76.54,81.34,84.38228,Excel
INT0026,5.49,1.0,69.27,43.09,47.02679,Struggle
INT0027,2.03,4.45,57.45,84.88,78.892876,Average
INT0028,4.15,3.57,51.11,78.32,72.72124,Average
INT0029,4.1,2.62,60.94,64.94,63.213024,Average
INT0030,1.69,5.0,3.33,78.86,94.19223,Excel
INT0031,4.25,1.82,89.27,50.05,56.165348,Struggle
INT0032,1.8,5.0,55.62,86.89,89.22823,Excel
INT0033,1.0,5.0,86.21,100.0,100.4794,Excel
INT0034,6.45,4.38,69.28,69.46,60.455326,Average
INT0035,7.0,2.64,24.4,58.41,55.85702,Struggle
INT0036,5.97,2.18,90.64,55.13,53.96146,Struggle
INT0037,2.56,5.0,78.98,94.96,86.27475,Excel
INT0038,1.96,2.97,61.79,63.74,80.16198,Excel
INT0039,5.41,4.05,94.73,65.78,71.90571,Average
INT0040,3.89,3.0,52.26,41.81,66.26873,Average
INT0041,2.08,2.69,60.09,90.93,75.22483,Average
INT0042,4.09,1.0,87.6,52.86,58.195927,Struggle
INT0043,1.21,1.0,1.76,73.71,69.734634,Average
INT0044,6.33,2.23,64.46,52.61,48.791332,Struggle
INT0045,2.27,4.86,,77.14,77.5065,Average
INT0046,5.04,3.28,92.9,74.13,71.27302,Average
INT0047,3.26,1.0,65.68,56.28,56.65071,Struggle
INT0048,4.21,1.8,59.79,45.0,51.783855,Struggle
INT0049,4.7,3.83,41.66,77.46,70.26738,Average
INT0050,1.97,5.0,95.51,100.0,98.39762,Excel
INT0051,7.0,3.24,52.18,57.6,43.894794,Struggle
INT0052,5.8,3.64,88.29,66.46,64.97864,Average
INT0053,6.81,5.0,52.53,72.34,67.2834,Average
INT0054,6.52,1.0,71.27,55.67,45.73744,Struggle
INT0055,4.31,4.7,87.2,64.48,70.9965,Average
INT0056,6.17,1.91,98.29,63.22,58.27097,Struggle
INT0057,2.01,1.79,61.46,76.85,76.622406,Average
INT0058,1.73,4.9,57.18,77.79,81.51679,Excel
INT0059,1.24,2.11,6.07,89.23,86.37533,Excel
INT0060,2.88,3.87,83.45,71.0,84.62914,Excel
INT0061,3.19,2.83,71.9,60.83,62.778015,Average
INT0062,2.91,2.75,78.66,52.59,67.47457,Average
INT0063,6.22,4.93,4.95,66.57,65.86154,Average
INT0064,3.55,1.72,88.65,60.7,68.01335,Average
INT0065,2.59,1.0,95.99,69.42,67.90768,Average
INT0066,4.32,4.42,44.68,66.73,65.95074,Average
INT0067,2.24,1.72,64.67,78.72,76.70199,Average
INT0068,6.3,2.01,60.28,68.4,53.62987,Struggle
INT0069,1.92,3.81,70.79,80.42,82.66181,Excel
INT0070,7.0,3.58,79.73,74.88,63.977455,Average
INT0071,5.27,5.0,71.0,71.83,73.72013,Average
INT0072,1.71,2.23,36.28,80.07,75.06329,Average
INT0073,1.36,1.54,4.77,85.98,84.87915,Excel
INT0074,6.23,2.01,84.55,56.38,54.008472,Struggle
INT0075,5.49,2.93,63.3,84.76,64.44309,Average
INT0076,5.15,1.9,74.67,49.77,55.04147,Struggle
INT0077,5.77,1.0,58.26,43.04,46.778183,Struggle
INT0078,1.26,2.57,70.73,74.32,79.8158,Average
INT0079,,1.0,89.31,57.35,57.506958,Struggle
INT0080,1.58,5.0,70.64,95.12,90.14187,Excel
INT0081,6.59,1.35,84.83,66.09,55.39591,Struggle
INT0082,4.47,4.83,75.36,70.45,73.627014,Average
INT0083,3.07,4.42,37.83,77.46,74.06759,Average
INT0084,1.24,3.79,89.81,84.33,85.756065,Excel
INT0085,3.03,1.93,54.21,48.26,55.428654,Struggle
INT0086,3.01,4.25,76.24,73.87,76.15586,Average
INT0087,5.8,4.66,60.44,67.3,65.11998,Average
INT0088,4.43,1.67,1.95,54.52,57.180473,Struggle
INT0089,,3.03,75.15,70.27,67.14188,Average
INT0090,4.1,2.71,74.98,54.45,59.77934,Struggle
INT0091,1.59,3.49,85.35,73.5,79.447014,Average
INT0092,4.95,,52.75,53.12,54.353855,Struggle
INT0093,5.56,3.29,86.39,55.68,64.70818,Average
INT0094,4.52,4.19,70.48,79.87,65.998276,Average
INT0095,5.17,5.0,46.61,78.67,78.02319,Average
INT0096,3.75,2.33,78.85,68.34,67.88615,Average
INT0097,4.45,3.16,44.48,71.42,62.115246,Average
INT0098,3.59,,7.37,75.39,71.149574,Average
INT0099,1.0,1.0,8.66,81.78,74.43069,Average
INT0100,1.43,2.47,59.64,62.92,71.570404,Average
INT0101,1.33,5.0,0.32,100.0,94.84333,Excel
INT0102,4.52,4.27,26.77,58.27,65.121735,Average
INT0103,3.22,4.73,65.42,85.64,83.52252,Excel
INT0104,4.23,3.15,31.77,53.08,60.642517,Average
INT0105,6.42,2.81,56.64,67.79,54.840122,Struggle
INT0106,,1.0,56.56,55.73,49.878105,Struggle
INT0107,3.35,1.04,60.68,61.58,61.261215,Average
INT0108,5.27,2.05,91.43,64.25,58.573147,Struggle
INT0109,2.53,3.08,43.27,70.56,76.82291,Average
INT0110,1.53,1.0,72.92,62.97,64.37619,Average
INT0111,2.58,1.0,96.65,66.24,67.90768,Average
INT0112,1.81,1.0,91.54,60.9,64.77878,Average
INT0113,6.48,5.0,74.97,64.58,66.66464,Average
INT0114,5.64,4.57,85.09,56.8,67.00368,Average
INT0115,5.01,2.18,78.35,48.86,58.123203,Struggle
INT0116,6.38,1.0,,41.03,40.488174,Struggle
INT0117,5.76,1.0,66.55,36.92,45.520103,Struggle
INT0118,2.02,,73.1,79.76,74.38749,Average
INT0119,6.23,2.98,,29.18,54.117493,Struggle
INT0120,,3.82,67.87,71.09,74.8631,Average
INT0121,5.43,1.8,53.35,40.53,39.146076,Struggle
INT0122,6.15,1.8,97.66,50.69,51.150337,Struggle
INT0123,2.73,2.56,98.15,97.99,89.12665,Excel
INT0124,1.71,4.67,77.79,84.48,88.36053,Excel
INT0125,2.64,1.09,80.33,63.75,67.396614,Average
INT0126,3.46,4.0,59.29,80.95,82.62724,Excel
INT0127,6.35,1.97,84.77,63.24,53.14962,Struggle
INT0128,6.49,4.0,31.43,62.25,68.3894,Average
INT0129,1.52,5.0,6.44,86.3,92.75618,Excel
INT0130,4.44,1.73,83.42,73.85,66.71445,Average
INT0131,3.62,4.77,65.52,83.1,79.53814,Average
INT0132,2.43,1.0,52.49,53.85,55.74679,Struggle
INT0133,1.35,3.3,91.59,93.27,84.02267,Excel
INT0134,3.25,3.64,65.52,65.99,75.361435,Average
INT0135,6.76,1.0,24.38,33.42,35.649754,Struggle
INT0136,2.95,1.0,53.74,44.75,55.24462,Struggle
INT0137,4.3,,42.03,52.1,56.74125,Struggle
INT0138,5.16,3.4,58.9,66.61,59.81138,Struggle
INT0139,3.2,3.07,5.95,82.65,76.46814,Average
INT0140,6.73,3.01,41.09,52.74,53.555317,Struggle
INT0141,6.99,1.8,90.23,43.18,44.061142,Struggle
INT0142,2.89,1.88,58.69,73.36,60.191734,Average
INT0143,4.32,5.0,74.64,82.74,80.53695,Excel
INT0144,3.1,1.59,84.4,71.36,69.91023,Average
INT0145,2.22,2.5,82.6,83.42,79.23598,Average
INT0146,1.63,5.0,7.63,92.12,94.853806,Excel
INT0147,4.43,4.94,70.85,84.51,73.84724,Average
INT0148,4.41,2.08,23.9,59.87,54.437233,Struggle
INT0149,1.01,2.43,74.69,95.39,90.84934,Excel
INT0150,2.61,4.17,61.66,71.83,80.078636,Excel
INT0151,6.7,5.0,53.89,62.35,64.6843,Average
INT0152,2.58,3.56,0.0,55.82,68.46952,Average
INT0153,1.79,,24.18,68.74,73.01096,Average
INT0154,4.12,2.81,81.65,48.83,64.54315,Average
INT0155,6.96,3.18,62.99,64.23,57.674053,Struggle
INT0156,2.23,1.67,59.51,70.24,69.3635,Average
INT0157,5.18,1.8,50.21,50.92,43.59042,Struggle
INT0158,5.27,1.0,80.68,47.99,51.23034,Struggle
INT0159,2.62,4.41,62.43,84.95,82.92554,Excel
INT0160,4.87,5.0,36.75,70.71,76.340614,Average
INT0161,3.26,4.81,80.68,70.34,79.65025,Average
INT0162,4.69,4.26,97.29,75.15,79.1279,Average
INT0163,4.6,4.5,83.74,69.65,75.37661,Average
INT0164,4.23,1.0,89.15,62.94,57.50985,Struggle
INT0165,,4.46,,95.14,72.69109,Average
INT0166,6.48,1.0,63.61,43.65,38.327793,Struggle
INT0167,3.25,3.47,72.71,72.52,77.05591,Average
INT0168,2.34,2.18,90.36,78.81,77.22383,Average
INT0169,1.22,2.79,7.59,83.76,84.97247,Excel
INT0170,4.44,4.43,92.34,66.34,72.898544,Average
INT0171,4.6,2.88,99.44,74.19,72.27284,Average
INT0172,1.0,2.36,8.86,65.59,73.45536,Average
INT0173,4.42,2.05,52.27,60.79,60.509407,Average
INT0174,2.24,1.0,57.48,58.69,60.9727,Average
INT0175,4.83,3.34,38.28,47.96,58.92944,Struggle
INT0176,1.82,2.86,56.55,52.66,63.69273,Average
INT0177,4.92,4.85,93.53,74.93,76.31967,Average
INT0178,2.88,2.51,51.16,62.03,61.250854,Average
INT0179,6.73,2.51,65.79,57.36,58.133324,Struggle
INT0180,1.78,3.71,59.23,82.34,80.4343,Excel
INT0181,3.16,1.72,96.58,81.88,78.2479,Average
INT0182,1.73,3.68,63.2,83.41,82.56098,Excel
INT0183,6.85,2.35,6.32,53.18,51.981567,Struggle
INT0184,6.51,2.3,98.62,54.43,57.1577,Struggle
INT0185,2.82,3.36,74.85,81.54,76.08824,Average
INT0186,4.96,1.98,61.72,57.5,51.787514,Struggle
INT0187,5.75,4.2,59.69,63.01,64.30212,Average
INT0188,4.76,4.0,61.15,75.25,75.60066,Average
INT0189,3.73,,85.43,59.25,69.364746,Average
INT0190,2.1,1.8,20.54,54.91,53.14774,Struggle
INT0191,1.48,4.32,52.57,76.8,80.0345,Excel
INT0192,6.49,2.0,80.41,46.14,49.72581,Struggle
INT0193,5.91,1.0,82.1,39.65,45.413013,Struggle
INT0194,5.02,4.0,83.26,85.35,81.44711,Excel
INT0195,3.09,1.0,48.22,60.99,62.080166,Average
INT0196,3.08,3.72,55.6,96.92,83.28687,Excel
INT0197,,,76.68,70.12,67.68379,Average
INT0198,6.4,3.85,,62.36,62.395493,Average
INT0199,5.98,1.8,89.85,52.42,46.221703,Struggle
INT0200,5.29,1.0,66.87,58.03,50.436268,Struggle
INT0201,4.64,2.89,20.76,61.65,55.508,Struggle
INT0202,1.71,3.29,,64.58,71.60452,Average
INT0203,2.06,1.22,74.38,73.71,70.0467,Average
INT0204,6.37,,57.32,44.36,56.27512,Struggle
INT0205,4.71,2.44,93.39,59.92,65.4977,Average
INT0206,1.12,1.0,7.29,62.56,66.9866,Average
INT0207,1.42,3.15,,96.77,82.34067,Excel
INT0208,4.58,3.27,48.92,55.34,57.338154,Struggle
INT0209,1.43,1.8,9.28,61.66,66.37801,Average
INT0210,2.06,4.32,59.61,79.9,82.92523,Excel
INT0211,4.49,4.0,34.34,84.11,80.566734,Excel
INT0212,5.11,1.32,52.37,46.04,54.3417,Struggle
INT0213,5.17,2.27,62.04,42.81,56.58005,Struggle
INT0214,2.43,3.08,67.27,76.93,73.61494,Average
INT0215,4.82,5.0,91.66,82.64,83.13687,Excel
INT0216,2.81,3.94,28.36,80.19,80.686035,Excel
INT0217,2.76,4.29,,77.46,79.13485,Average
INT0218,5.12,2.06,71.97,47.8,54.465332,Struggle
INT0219,4.49,3.97,89.24,66.59,72.440956,Average
INT0220,6.32,2.16,98.81,45.2,47.111465,Struggle
INT0221,5.15,,61.99,68.47,60.822407,Average
INT0222,4.61,,57.88,80.61,60.57144,Average
INT0223,1.98,4.0,81.09,100.0,91.14473,Excel
INT0224,3.06,1.84,68.2,62.31,62.97007,Average
INT0225,2.65,1.0,,57.38,59.998398,Struggle
INT0226,2.58,2.98,71.2,74.1,75.09073,Average
INT0227,7.0,3.63,61.4,61.02,58.501812,Struggle
INT0228,3.17,3.96,53.5,77.93,75.655594,Average
INT0229,6.81,3.37,76.78,47.68,53.76554,Struggle
INT0230,4.44,3.65,3.74,56.87,63.49716,Average
INT0231,,1.05,86.9,64.93,63.678947,Average
INT0232,4.15,3.12,66.37,58.41,69.493126,Average
INT0233,4.78,3.44,3.34,87.76,77.406784,Average
INT0234,3.49,4.5,88.45,70.81,80.26432,Excel
INT0235,1.75,3.2,28.73,85.78,79.79465,Average
INT0236,4.9,2.32,11.96,52.28,52.907166,Struggle
INT0237,2.77,3.09,55.91,80.96,78.450874,Average
INT0238,1.25,1.0,3.33,78.44,73.58553,Average
INT0239,5.28,4.0,91.83,76.7,81.04304,Excel
INT0240,2.03,2.9,64.76,60.79,73.64656,Average
INT0241,6.21,2.18,44.04,57.45,55.439335,Struggle
INT0242,6.43,1.66,89.64,45.35,54.01419,Struggle
INT0243,6.0,4.5,96.89,64.3,71.97828,Average
INT0244,3.5,3.07,88.96,72.88,75.85126,Average
INT0245,1.41,2.87,5.03,78.77,82.1123,Excel
INT0246,7.0,3.87,62.13,73.31,51.863205,Struggle
INT0247,3.48,1.44,40.3,60.39,64.094765,Average
INT0248,6.32,5.0,61.68,58.89,63.66602,Average
INT0249,6.51,4.0,90.4,74.13,77.248985,Average
INT0250,6.21,2.68,69.35,37.4,45.695045,Struggle
INT0251,3.23,3.6,61.59,86.54,78.99597,Average
INT0252,2.91,1.01,,55.26,62.120747,Average
INT0253,5.73,,91.21,45.19,58.60042,Struggle
INT0254,,3.41,42.07,67.23,67.91916,Average
INT0255,,,72.01,97.53,69.47094,Average
INT0256,4.09,1.0,,49.12,55.4892,Struggle
INT0257,6.93,1.35,53.51,52.19,48.249588,Struggle
INT0258,4.81,4.61,97.41,67.83,73.92119,Average
INT0259,4.85,5.0,78.68,81.03,80.44442,Excel
INT0260,1.28,1.8,54.1,67.66,61.836308,Average
INT0261,4.27,3.53,63.06,72.83,69.91927,Average
INT0262,6.78,1.72,93.29,64.95,63.085743,Average
INT0263,1.53,3.48,45.62,86.99,82.311035,Excel
INT0264,4.14,5.0,96.36,90.39,89.66575,Excel
INT0265,,4.09,53.24,60.4,67.89,Average
INT0266,5.43,1.0,55.66,34.07,46.963123,Struggle
INT0267,5.34,1.88,79.84,59.19,57.76877,Struggle
INT0268,5.07,2.39,67.7,53.6,59.921295,Struggle
INT0269,2.69,2.04,73.21,67.28,67.84498,Average
INT0270,3.23,,66.4,69.27,72.20541,Average
INT0271,6.18,1.54,70.24,49.57,49.201153,Struggle
INT0272,5.43,2.53,91.13,59.18,61.5683,Average
INT0273,6.15,4.0,79.67,73.16,73.46503,Average
INT0274,,1.15,99.87,50.1,55.767323,Struggle
INT0275,3.76,2.69,89.34,87.43,70.45493,Average
INT0276,4.09,1.0,63.68,68.06,55.025867,Struggle
INT0277,5.82,3.29,63.22,58.39,57.93685,Struggle
INT0278,4.61,5.0,66.79,77.1,74.89195,Average
INT0279,4.85,2.24,92.16,58.56,66.28359,Average
INT0280,6.03,2.52,9.8,44.52,49.52116,Struggle
INT0281,6.16,1.64,27.5,43.47,47.545597,Struggle
INT0282,2.77,4.1,69.96,74.49,74.82179,Average
INT0283,3.49,3.7,81.99,88.46,77.365616,Average
INT0284,1.8,5.0,0.0,88.24,90.86687,Excel
INT0285,4.25,2.24,60.96,48.52,56.05659,Struggle
INT0286,1.59,1.23,0.14,68.62,70.10069,Average
INT0287,3.98,1.71,94.69,69.64,70.51285,Average
INT0288,4.11,1.19,62.81,49.9,58.60888,Struggle
INT0289,2.65,1.48,50.2,77.44,67.123055,Average
INT0290,4.77,2.37,91.73,58.8,69.16287,Average
INT0291,1.0,4.69,0.07,85.31,96.8649,Excel
INT0292,1.19,1.0,2.4,65.39,65.14858,Average
INT0293,6.09,3.87,75.92,47.45,69.45384,Average
INT0294,3.2,3.51,57.92,89.14,78.77914,Average
INT0295,1.87,2.74,66.3,79.46,74.57907,Average
INT0296,4.18,,57.83,85.64,71.20912,Average
INT0297,5.32,5.0,85.44,76.56,75.41524,Average
INT0298,2.2,3.24,76.97,74.23,75.37586,Average
INT0299,4.77,1.0,68.51,50.07,50.92311,Struggle
INT0300,1.79,5.0,18.48,87.01,87.20552,Excel
INT0301,1.46,5.0,66.13,100.0,96.3913,Excel
INT0302,4.12,4.0,64.66,73.02,82.44227,Excel
INT0303,4.71,1.8,82.74,50.93,50.68378,Struggle
INT0304,4.43,4.79,52.01,74.55,66.77877,Average
INT0305,5.07,1.83,80.48,55.53,55.116455,Struggle
INT0306,6.7,1.9,85.86,64.18,57.36776,Struggle
INT0307,3.83,5.0,68.44,79.91,81.375206,Excel
INT0308,3.07,3.54,60.77,62.92,63.986015,Average
INT0309,5.31,5.0,76.88,74.35,75.69918,Average
INT0310,2.3,2.04,91.66,69.28,71.58651,Average
INT0311,3.42,4.0,66.18,87.04,85.403366,Excel
INT0312,1.65,2.93,62.62,70.75,76.472404,Average
INT0313,1.53,3.81,1.01,92.23,89.08082,Excel
INT0314,7.0,2.81,76.31,43.63,48.840206,Struggle
INT0315,5.7,2.84,67.96,59.05,55.049973,Struggle
INT0316,5.25,2.13,14.07,55.72,45.17128,Struggle
INT0317,2.98,2.71,89.08,71.14,76.06522,Average
INT0318,1.85,1.0,84.96,67.25,69.20261,Average
INT0319,2.25,4.62,56.43,80.1,83.08581,Excel
INT0320,2.46,1.0,99.25,74.15,74.10488,Average
INT0321,3.95,4.01,80.4,71.83,75.334206,Average
INT0322,5.23,2.81,0.0,55.53,69.13776,Average
INT0323,4.66,4.62,69.11,80.73,68.58164,Average
INT0324,2.57,1.0,94.93,56.25,65.28303,Average
INT0325,6.72,1.6,62.2,35.67,46.5809,Struggle
INT0326,5.28,1.0,64.29,50.89,49.83505,Struggle
INT0327,4.77,2.46,56.12,58.22,57.697914,Struggle
INT0328,4.73,,87.96,62.15,65.42189,Average
INT0329,3.86,2.77,79.78,67.59,63.09054,Average
INT0330,2.75,4.0,80.45,89.55,92.16049,Excel
INT0331,3.3,3.65,60.92,74.7,72.332115,Average
INT0332,5.55,4.92,57.72,63.48,64.353645,Average
INT0333,1.0,1.8,2.6,67.15,63.222206,Average
INT0334,1.81,3.58,,84.1,79.27883,Average
INT0335,1.14,1.0,1.77,73.74,67.64584,Average
INT0336,1.0,4.95,0.29,88.64,90.46755,Excel
INT0337,6.07,1.0,61.55,46.52,48.628918,Struggle
INT0338,5.46,1.0,27.09,53.19,47.973637,Struggle
INT0339,4.31,3.2,77.56,62.61,63.052315,Average
INT0340,1.46,4.24,98.48,100.0,98.19645,Excel
INT0341,3.99,2.31,99.06,59.62,64.14617,Average
INT0342,4.19,1.26,64.09,71.53,64.390625,Average
INT0343,1.87,2.37,46.74,62.71,66.41093,Average
INT0344,3.24,4.62,53.15,75.38,71.17473,Average
INT0345,3.17,5.0,93.67,92.46,88.45212,Excel
INT0346,5.1,2.54,78.43,60.35,62.869656,Average
INT0347,4.47,3.75,69.26,59.78,64.78478,Average
INT0348,1.1,5.0,9.09,92.66,92.42427,Excel
INT0349,3.21,2.08,,79.05,71.863304,Average
INT0350,5.11,1.0,76.51,65.53,49.04427,Struggle
INT0351,4.46,4.11,64.15,64.49,65.976776,Average
INT0352,6.07,1.76,,63.74,55.603405,Struggle
INT0353,5.38,1.23,33.4,46.39,48.757687,Struggle
INT0354,1.64,4.08,80.09,93.69,81.04045,Excel
INT0355,1.08,2.54,96.5,84.07,85.04405,Excel
INT0356,5.3,1.0,92.83,56.42,54.844925,Struggle
INT0357,1.17,3.14,0.08,91.55,84.48999,Excel
INT0358,4.2,2.31,,61.01,65.68793,Average
INT0359,6.63,1.0,71.16,40.36,37.58645,Struggle
INT0360,4.73,4.34,62.62,64.06,69.11017,Average
INT0361,3.66,4.0,99.17,95.43,92.89349,Excel
INT0362,5.22,4.35,65.19,72.55,69.5346,Average
INT0363,3.82,4.63,66.19,79.58,77.87266,Average
INT0364,4.64,4.27,99.48,84.79,82.620544,Excel
INT0365,6.66,1.0,56.7,27.63,37.198826,Struggle
INT0366,3.43,2.32,53.31,66.08,62.549168,Average
INT0367,7.0,2.27,96.79,69.86,65.45337,Average
INT0368,6.36,1.47,75.59,52.87,46.190628,Struggle
INT0369,1.74,2.41,50.13,75.99,70.57621,Average
INT0370,1.27,3.23,6.28,86.0,83.39666,Excel
INT0371,1.72,2.26,55.58,71.69,71.7323,Average
INT0372,1.0,5.0,7.36,96.1,95.01776,Excel
INT0373,1.22,2.81,65.68,87.78,82.259094,Excel
INT0374,4.89,4.46,71.94,59.94,65.263855,Average
INT0375,1.0,5.0,48.91,98.94,96.05753,Excel
INT0376,3.15,1.0,77.84,75.69,63.506805,Average
INT0377,5.83,1.51,,42.61,52.957348,Struggle
INT0378,1.0,2.85,1.52,90.54,84.636505,Excel
INT0379,6.09,5.0,65.42,67.07,70.63572,Average
INT0380,3.03,2.11,65.42,86.25,69.37001,Average
INT0381,1.23,3.95,78.3,87.63,90.4215,Excel
INT0382,4.91,1.83,65.03,63.56,56.109104,Struggle
INT0383,5.22,1.02,8.59,54.68,53.1301,Struggle
INT0384,6.15,3.45,68.06,73.53,60.906216,Average
INT0385,5.85,5.0,81.13,76.56,72.43898,Average
INT0386,5.59,1.0,61.54,40.08,44.729843,Struggle
INT0387,2.41,3.12,96.02,62.74,77.88823,Average
INT0388,1.77,3.9,78.75,100.0,89.08651,Excel
INT0389,5.09,2.47,96.0,78.09,68.70793,Average
INT0390,6.24,4.0,52.32,71.44,66.576256,Average
INT0391,7.0,3.55,67.13,67.61,59.09407,Struggle
INT0392,3.93,,51.14,68.61,66.768585,Average
INT0393,3.58,2.59,63.61,74.37,69.766624,Average
INT0394,6.01,4.78,93.1,68.34,71.422844,Average
INT0395,3.2,2.0,51.83,48.54,69.08196,Average
INT0396,6.91,1.98,71.81,66.75,54.504402,Struggle
INT0397,5.86,1.02,55.88,54.57,48.83908,Struggle
INT0398,3.46,4.39,70.84,75.2,75.11898,Average
INT0399,5.65,2.01,91.94,66.46,61.421032,Average
INT0400,5.9,3.77,81.15,65.61,67.353134,Average
INT0401,1.78,2.49,86.84,74.15,84.83718,Excel
INT0402,6.76,1.11,1.04,45.88,43.06551,Struggle
INT0403,4.0,3.24,,55.49,59.589066,Struggle
INT0404,6.18,1.58,52.26,44.68,45.68615,Struggle
INT0405,3.4,4.0,71.09,94.21,85.5342,Excel
INT0406,6.02,1.0,71.32,36.49,44.999504,Struggle
INT0407,3.77,1.08,95.93,65.01,66.146255,Average
INT0408,1.09,1.36,9.12,84.2,80.794655,Excel
INT0409,6.57,,85.32,63.85,55.360058,Struggle
INT0410,1.93,3.22,70.85,65.47,74.59317,Average
INT0411,2.83,,61.18,78.35,71.80787,Average
INT0412,6.62,2.14,86.18,65.83,59.16359,Struggle
INT0413,6.73,1.0,46.76,47.76,44.978947,Struggle
INT0414,3.96,1.15,75.07,61.18,61.20413,Average
INT0415,4.79,2.75,54.83,78.44,67.41241,Average
INT0416,3.48,4.0,60.41,74.0,81.50213,Excel
INT0417,3.19,1.79,89.7,87.43,68.64362,Average
INT0418,2.56,1.0,66.5,65.72,61.015144,Average
INT0419,,,94.56,67.78,67.001396,Average
INT0420,5.96,2.24,66.07,61.87,58.1176,Struggle
INT0421,6.15,3.35,70.3,48.71,55.373234,Struggle
INT0422,5.94,2.59,90.42,58.5,53.440857,Struggle
INT0423,1.64,3.2,79.76,81.25,80.972,Excel
INT0424,3.75,1.31,13.64,62.62,63.45628,Average
INT0425,1.22,4.92,96.33,100.0,96.64259,Excel
INT0426,,,76.8,80.96,67.68379,Average
INT0427,3.94,3.89,75.75,67.0,73.624054,Average
INT0428,6.15,4.0,7.48,65.44,73.80489,Average
INT0429,3.28,1.0,0.0,51.6,50.474033,Struggle
INT0430,1.56,5.0,50.37,80.71,82.7781,Excel
INT0431,1.82,2.41,95.66,66.58,75.08654,Average
INT0432,5.63,1.0,70.42,44.42,45.322765,Struggle
INT0433,5.01,5.0,73.43,66.16,73.66431,Average
INT0434,1.32,1.0,92.27,78.82,76.168106,Average
INT0435,1.4,5.0,80.46,100.0,94.800545,Excel
INT0436,4.84,2.25,80.48,61.5,62.27849,Average
INT0437,1.02,1.95,3.23,65.93,71.1234,Average
INT0438,6.03,,91.7,65.66,60.049843,Average
INT0439,4.93,4.42,,49.97,58.652462,Struggle
INT0440,1.05,3.18,52.66,65.0,68.77841,Average
INT0441,1.91,3.57,59.58,84.26,76.32096,Average
INT0442,6.95,3.04,63.39,62.45,56.515514,Struggle
INT0443,2.88,3.41,64.12,77.19,75.90818,Average
INT0444,2.77,5.0,83.53,91.12,92.423874,Excel
INT0445,5.5,2.87,60.89,41.71,46.608665,Struggle
INT0446,6.65,4.66,83.83,70.34,68.94763,Average
INT0447,7.0,4.18,54.56,44.28,43.94236,Struggle
INT0448,5.66,,22.49,60.76,54.365078,Struggle
INT0449,2.9,3.7,75.44,66.09,76.318634,Average
INT0450,1.63,5.0,96.09,100.0,100.57657,Excel
INT0451,5.56,2.92,92.98,75.21,62.655094,Average
INT0452,4.31,5.0,98.44,94.05,87.7282,Excel
INT0453,3.85,4.0,82.52,83.29,83.084946,Excel
INT0454,6.27,3.61,7.99,78.85,55.36224,Struggle
INT0455,1.32,,52.78,93.02,85.923454,Excel
INT0456,4.33,1.0,81.14,65.9,59.247177,Struggle
INT0457,1.0,1.81,8.93,65.44,73.911995,Average
INT0458,3.6,4.08,77.19,64.1,77.19805,Average
INT0459,1.55,,69.3,64.26,72.737854,Average
INT0460,,1.1,72.13,81.44,65.558586,Average
INT0461,2.01,4.62,76.18,80.28,82.30186,Excel
INT0462,4.58,3.9,56.42,55.05,72.52382,Average
INT0463,5.33,2.9,67.97,73.48,63.333313,Average
INT0464,4.13,5.0,53.17,74.97,77.14218,Average
INT0465,6.81,2.45,63.22,49.63,53.797333,Struggle
INT0466,3.04,3.28,55.93,62.84,68.066246,Average
INT0467,2.9,3.5,30.66,64.59,67.969124,Average
INT0468,5.71,2.24,94.56,52.72,62.57428,Average
INT0469,1.9,3.19,74.14,86.29,80.75059,Excel
INT0470,6.71,2.9,29.94,53.32,51.45402,Struggle
INT0471,1.53,4.09,6.54,83.77,82.13734,Excel
INT0472,7.0,5.0,55.79,59.94,60.568302,Average
INT0473,1.75,4.0,6.72,87.14,87.89421,Excel
INT0474,6.27,1.8,52.6,30.65,30.159882,Struggle
INT0475,3.72,3.66,47.12,74.06,71.11388,Average
INT0476,6.77,1.74,90.33,57.61,57.18982,Struggle
INT0477,1.62,3.78,79.3,78.08,84.53922,Excel
INT0478,3.96,2.0,80.32,49.51,60.207253,Average
INT0479,6.62,2.75,60.03,45.08,49.47394,Struggle
INT0480,3.7,1.0,67.19,60.49,55.835934,Struggle
INT0481,4.75,1.01,6.08,61.45,53.52232,Struggle
INT0482,4.88,4.58,,58.98,67.93928,Average
INT0483,3.32,4.88,92.9,88.52,87.080086,Excel
INT0484,4.68,1.0,74.18,56.5,50.40754,Struggle
INT0485,4.36,1.0,91.86,51.73,59.551674,Struggle
INT0486,6.45,5.0,65.9,67.32,68.574486,Average
INT0487,1.52,1.8,0.05,61.27,61.181484,Average
INT0488,2.3,2.75,87.58,97.09,82.51435,Excel
INT0489,6.99,2.51,89.25,58.54,56.353413,Struggle
INT0490,5.87,3.89,3.17,40.87,50.861088,Struggle
INT0491,3.67,1.79,,62.47,62.891403,Average
INT0492,4.81,2.64,54.22,40.62,43.82423,Struggle
INT0493,3.12,3.54,53.43,56.53,61.37676,Average
INT0494,2.2,2.35,42.71,64.24,66.555824,Average
INT0495,,3.25,25.56,79.17,65.29177,Average
INT0496,3.14,1.8,98.04,63.92,66.02685,Average
INT0497,4.4,,32.33,67.16,62.534397,Average
INT0498,1.45,4.16,51.26,76.05,77.036446,Average
INT0499,6.55,2.99,80.14,45.46,52.272602,Struggle
INT0500,6.92,1.94,64.48,29.47,34.499065,Struggle
INT0501,4.84,1.0,71.65,46.69,50.927856,Struggle
INT0502,4.46,2.71,51.0,50.05,57.53444,Struggle
INT0503,2.95,4.76,53.23,71.47,73.60442,Average
INT0504,5.46,1.27,16.72,55.16,51.074722,Struggle
INT0505,5.5,4.99,36.85,75.5,72.601944,Average
INT0506,2.1,3.53,51.34,74.58,74.35364,Average
INT0507,6.29,2.61,82.28,51.2,53.77312,Struggle
INT0508,5.49,3.85,59.26,51.66,61.25978,Average
INT0509,6.83,2.85,60.31,59.33,51.382607,Struggle
INT0510,5.22,2.89,3.56,49.08,68.604225,Average
INT0511,5.09,3.09,58.95,41.94,59.691193,Struggle
INT0512,3.04,4.82,82.86,73.96,81.03337,Excel
INT0513,6.14,3.91,99.72,52.13,55.439713,Struggle
INT0514,6.65,1.0,82.61,51.99,39.96982,Struggle
INT0515,1.73,3.39,9.85,88.82,78.612724,Average
INT0516,1.0,3.78,8.78,78.62,81.213936,Excel
INT0517,3.48,3.28,26.57,73.62,70.60695,Average
INT0518,5.58,1.18,95.55,70.63,66.08649,Average
INT0519,7.0,3.76,98.45,65.97,60.326866,Average
INT0520,2.27,,,81.17,78.52015,Average
INT0521,4.16,,42.38,58.72,59.527332,Struggle
INT0522,3.03,1.72,88.51,81.93,80.9731,Excel
INT0523,6.34,4.0,56.62,64.86,66.47122,Average
INT0524,5.59,3.53,7.32,59.34,60.13708,Average
INT0525,5.56,,90.95,58.58,59.456512,Struggle
INT0526,4.11,2.06,56.25,71.96,64.346146,Average
INT0527,3.29,4.13,98.84,78.6,78.40897,Average
INT0528,2.63,2.08,99.28,63.15,63.1412,Average
INT0529,1.63,3.57,96.84,100.0,93.61686,Excel
INT0530,6.18,2.72,74.8,34.37,39.50384,Struggle
INT0531,5.81,2.99,62.3,66.9,54.73729,Struggle
INT0532,6.51,3.84,79.1,64.88,63.289288,Average
INT0533,7.0,4.0,32.39,67.19,71.453445,Average
INT0534,3.95,1.8,60.3,43.65,52.734444,Struggle
INT0535,5.87,4.99,71.18,66.83,69.84526,Average
INT0536,6.43,1.71,45.35,48.91,50.340588,Struggle
INT0537,6.27,2.12,,40.76,46.965736,Struggle
INT0538,2.63,1.0,6.68,55.68,54.76161,Struggle
INT0539,3.82,3.05,50.89,65.65,65.48543,Average
INT0540,1.54,2.72,87.47,78.71,82.63238,Excel
INT0541,,1.0,82.03,44.52,53.023617,Struggle
INT0542,5.0,5.0,53.13,63.66,72.38212,Average
INT0543,1.88,4.75,76.51,95.9,95.57332,Excel
INT0544,4.71,3.07,12.25,64.18,50.738186,Struggle
INT0545,4.82,3.62,54.17,84.79,71.54064,Average
INT0546,3.47,1.64,67.9,71.08,69.31423,Average
INT0547,1.54,4.0,89.39,99.04,96.4633,Excel
INT0548,5.18,,51.71,74.08,56.782387,Struggle
INT0549,4.18,1.19,95.32,60.82,65.360504,Average
INT0550,5.19,,64.77,56.45,67.286896,Average
INT0551,4.24,1.74,78.07,64.81,64.65107,Average
INT0552,6.42,1.61,74.1,57.71,50.50556,Struggle
INT0553,4.8,4.1,16.52,62.52,61.629135,Average
INT0554,3.9,2.33,78.1,72.45,65.910706,Average
INT0555,6.42,3.8,70.47,59.91,62.249508,Average
INT0556,3.33,4.64,88.64,74.86,80.21461,Excel
INT0557,1.31,1.8,70.19,63.63,64.25382,Average
INT0558,1.28,4.23,8.95,100.0,90.93586,Excel
INT0559,5.15,1.24,55.07,42.85,47.831142,Struggle
INT0560,4.6,3.89,56.65,76.48,73.06941,Average
INT0561,4.98,,28.11,39.89,54.704857,Struggle
INT0562,2.14,5.0,52.28,83.62,83.79627,Excel
INT0563,1.81,1.16,77.07,62.05,66.00995,Average
INT0564,1.0,1.0,6.59,78.73,69.479095,Average
INT0565,3.15,2.79,80.52,53.56,64.83891,Average
INT0566,4.28,3.62,78.75,73.45,71.06309,Average
INT0567,3.49,2.4,,92.07,75.27038,Average
INT0568,3.97,1.74,66.98,59.71,61.557495,Average
INT0569,6.14,5.0,68.1,71.35,68.623955,Average
INT0570,3.1,2.36,65.71,75.3,70.40019,Average
INT0571,4.23,3.32,85.61,78.09,78.07893,Average
INT0572,5.76,2.38,58.08,69.88,56.655983,Struggle
INT0573,3.25,3.79,0.0,57.46,67.30119,Average
INT0574,4.87,4.02,79.81,55.08,65.30266,Average
INT0575,5.7,3.62,97.12,79.83,73.89138,Average
INT0576,6.57,4.0,7.87,74.47,72.75975,Average
INT0577,1.91,5.0,89.15,97.39,95.98936,Excel
INT0578,6.08,5.0,57.67,68.51,65.06063,Average
INT0579,3.96,1.0,44.54,55.96,57.254894,Struggle
INT0580,2.7,5.0,65.56,93.05,89.92212,Excel
INT0581,4.01,1.64,91.21,69.14,70.98817,Average
INT0582,6.49,,61.24,72.98,61.39481,Average
INT0583,4.45,2.69,66.81,66.81,67.95632,Average
INT0584,3.08,3.02,61.19,75.39,71.36034,Average
INT0585,4.66,2.12,72.61,68.28,64.10607,Average
INT0586,2.19,1.0,94.25,73.79,69.173775,Average
INT0587,1.53,2.9,67.26,63.43,76.42557,Average
INT0588,2.15,2.58,36.65,94.26,85.35193,Excel
INT0589,1.79,4.0,93.02,99.27,97.67342,Excel
INT0590,2.07,1.36,75.77,66.66,73.64712,Average
INT0591,1.69,4.91,0.0,86.51,87.55079,Excel
INT0592,4.74,5.0,93.04,71.0,85.415184,Excel
INT0593,1.88,1.64,34.73,70.97,66.44915,Average
INT0594,3.28,1.02,84.08,68.26,65.74799,Average
INT0595,6.24,3.44,54.28,66.89,54.4788,Struggle
INT0596,3.53,3.6,58.93,71.43,69.2162,Average
INT0597,,3.99,70.22,63.72,75.15134,Average
INT0598,2.38,3.24,47.29,84.94,78.38103,Average
INT0599,2.39,1.8,98.29,65.46,66.1399,Average
INT0600,1.08,1.9,3.45,82.81,83.68467,Excel
INT0601,2.42,1.0,92.56,70.24,68.9691,Average
INT0602,2.24,2.63,65.78,63.82,69.150185,Average
INT0603,1.61,2.65,98.2,93.56,91.831436,Excel
INT0604,1.16,2.65,51.66,97.86,76.17572,Average
INT0605,1.34,3.42,37.3,69.14,71.59597,Average
INT0606,3.35,1.63,85.08,61.39,72.24723,Average
INT0607,2.4,5.0,50.83,78.29,87.18502,Excel
INT0608,3.29,5.0,57.31,82.69,80.493866,Excel
INT0609,4.17,2.99,91.48,81.49,75.846375,Average
INT0610,5.33,4.0,6.2,75.02,76.064445,Average
INT0611,1.5,2.95,8.94,84.87,84.90542,Excel
INT0612,5.51,3.81,1.15,66.37,68.10324,Average
INT0613,4.89,1.8,95.26,52.57,54.81889,Struggle
INT0614,1.57,1.39,81.58,79.08,77.46329,Average
INT0615,6.68,1.56,69.91,55.19,51.44961,Struggle
INT0616,6.26,2.05,56.02,51.26,49.22675,Struggle
INT0617,1.0,3.72,64.69,96.01,93.4905,Excel
INT0618,2.81,5.0,98.92,94.57,88.76222,Excel
INT0619,6.08,,71.87,37.97,54.702602,Struggle
INT0620,5.27,1.0,73.59,43.44,43.80366,Struggle
INT0621,2.18,1.43,3.21,72.07,74.34078,Average
INT0622,1.82,2.96,,70.08,72.324646,Average
INT0623,3.68,4.26,80.2,81.4,77.126366,Average
INT0624,3.52,5.0,6.49,83.84,77.258606,Average
INT0625,4.28,5.0,69.47,81.01,76.42283,Average
INT0626,2.75,2.61,51.45,70.61,67.825165,Average
INT0627,3.71,4.0,69.44,89.6,79.996216,Average
INT0628,5.08,3.9,97.46,66.11,69.79079,Average
INT0629,1.46,3.43,,80.17,78.75375,Average
INT0630,2.91,1.1,97.18,82.05,76.79772,Average
INT0631,,2.22,59.81,70.03,63.682148,Average
INT0632,6.5,,84.23,69.48,63.61933,Average
INT0633,3.61,2.68,92.23,57.29,65.47766,Average
INT0634,4.08,1.47,80.03,63.99,61.336433,Average
INT0635,,2.26,56.72,68.92,61.3459,Average
INT0636,3.41,,69.56,89.85,73.179,Average
INT0637,4.34,2.58,98.56,75.18,75.79664,Average
INT0638,2.08,2.02,67.56,79.73,66.94507,Average
INT0639,2.98,4.8,93.39,85.73,87.36681,Excel
INT0640,3.42,1.86,54.66,53.64,54.216896,Struggle
INT0641,1.33,1.29,0.0,87.18,77.42152,Average
INT0642,3.37,3.58,67.55,81.63,76.3651,Average
INT0643,2.71,2.7,52.58,70.15,69.74604,Average
INT0644,3.01,,55.95,85.87,72.860954,Average
INT0645,1.72,2.66,32.94,64.36,70.547585,Average
INT0646,6.18,1.8,91.89,41.05,45.05273,Struggle
INT0647,4.78,4.37,17.04,71.12,68.67931,Average
INT0648,5.11,5.0,64.94,72.34,75.459625,Average
INT0649,6.17,,50.51,67.11,59.029396,Struggle
INT0650,3.73,2.72,20.94,73.43,67.557846,Average
INT0651,1.33,5.0,81.02,95.09,93.245445,Excel
INT0652,4.04,2.31,82.25,82.4,68.40059,Average
INT0653,4.83,3.38,45.86,75.79,64.915215,Average
INT0654,5.07,2.28,60.41,56.51,54.304367,Struggle
INT0655,3.55,4.13,86.02,66.31,77.57081,Average
INT0656,1.7,3.74,90.56,97.79,83.618454,Excel
INT0657,2.27,3.53,56.93,64.99,73.165,Average
INT0658,3.09,2.96,74.34,70.03,71.98465,Average
INT0659,4.89,2.58,62.44,59.11,59.15333,Struggle
INT0660,3.99,4.06,58.41,59.26,66.465065,Average
INT0661,3.15,2.68,86.72,78.6,74.31225,Average
INT0662,7.0,2.79,46.51,31.27,37.33456,Struggle
INT0663,5.11,5.0,24.75,79.83,73.64332,Average
INT0664,2.45,3.58,65.5,73.68,77.966965,Average
INT0665,1.63,1.36,98.33,91.86,86.046585,Excel
INT0666,1.71,1.36,92.43,72.85,74.3688,Average
INT0667,2.98,1.0,94.0,57.29,61.618446,Average
INT0668,1.73,3.58,73.0,63.66,77.31388,Average
INT0669,2.07,5.0,81.19,84.48,93.800385,Excel
INT0670,2.21,3.0,68.84,53.55,71.87437,Average
INT0671,1.89,2.64,30.91,85.48,74.713425,Average
INT0672,5.95,1.8,70.05,43.47,45.358536,Struggle
INT0673,1.72,3.42,79.7,64.99,75.07652,Average
INT0674,4.21,3.33,64.36,49.68,74.769295,Average
INT0675,3.53,2.66,92.4,53.48,65.81275,Average
INT0676,6.68,2.09,57.56,59.78,48.79128,Struggle
INT0677,1.98,3.5,68.36,97.01,76.990105,Average
INT0678,2.89,1.46,21.73,69.7,65.73129,Average
INT0679,6.65,1.0,70.24,38.73,39.277252,Struggle
INT0680,6.35,1.14,51.98,39.73,42.735325,Struggle
INT0681,6.31,2.7,63.63,56.44,54.912743,Struggle
INT0682,2.28,5.0,20.11,87.18,85.325005,Excel
INT0683,2.07,1.79,73.91,71.52,73.97468,Average
INT0684,5.05,5.0,77.18,71.58,78.687775,Average
INT0685,6.95,4.36,63.75,46.96,52.02083,Struggle
INT0686,3.89,1.0,76.15,62.79,55.55963,Struggle
INT0687,4.35,4.42,75.45,68.04,72.33246,Average
INT0688,2.36,1.8,65.81,55.56,57.97854,Struggle
INT0689,5.14,4.99,91.51,71.44,73.0411,Average
INT0690,1.77,2.77,77.28,69.77,71.63341,Average
INT0691,3.42,3.7,66.61,77.64,79.62328,Average
INT0692,3.26,,2.74,58.04,63.872093,Average
INT0693,4.49,5.0,37.12,87.22,81.661476,Excel
INT0694,2.16,3.37,99.13,70.42,76.550705,Average
INT0695,2.12,5.0,84.61,99.68,97.05398,Excel
INT0696,4.81,4.04,68.91,72.5,67.570564,Average
INT0697,2.34,4.0,64.04,93.65,89.94986,Excel
INT0698,4.57,3.71,83.17,63.55,66.6144,Average
INT0699,1.75,4.71,78.72,89.82,91.76898,Excel
INT0700,3.77,4.08,81.34,66.2,73.60101,Average
INT0701,4.14,3.34,94.08,63.12,75.2197,Average
INT0702,1.23,1.0,41.71,80.62,68.71407,Average
INT0703,3.18,1.46,70.35,60.28,60.95724,Average
INT0704,2.08,2.93,95.31,100.0,91.75909,Excel
INT0705,1.21,1.8,87.84,73.03,71.32903,Average
INT0706,7.0,2.36,99.07,67.82,68.663185,Average
INT0707,3.37,3.31,88.74,78.7,79.10487,Average
INT0708,5.4,2.95,72.43,59.52,64.88371,Average
INT0709,2.04,3.45,76.55,82.37,84.64631,Excel
INT0710,5.02,3.06,95.03,52.08,55.72573,Struggle
INT0711,5.65,2.22,77.58,67.52,53.298534,Struggle
INT0712,4.35,3.75,62.77,48.08,70.05185,Average
INT0713,3.59,5.0,71.78,86.26,80.293915,Excel
INT0714,3.65,5.0,75.82,77.95,85.57916,Excel
INT0715,3.19,4.0,54.84,85.18,81.16372,Excel
INT0716,6.25,1.0,87.19,42.55,44.30585,Struggle
INT0717,6.36,1.0,55.47,40.61,40.038475,Struggle
INT0718,6.97,1.0,70.25,38.86,39.07694,Struggle
INT0719,1.61,1.0,90.23,68.23,71.02304,Average
INT0720,5.57,3.57,73.38,52.38,60.369076,Average
INT0721,6.24,4.52,92.1,67.41,69.27809,Average
INT0722,,1.0,32.78,61.1,56.371727,Struggle
INT0723,1.07,3.84,97.88,87.02,90.40438,Excel
INT0724,4.99,5.0,60.47,74.13,73.80057,Average
INT0725,4.29,3.58,51.91,69.33,65.07253,Average
INT0726,5.7,3.38,93.62,56.08,65.653824,Average
INT0727,1.97,4.09,87.61,78.6,81.865456,Excel
INT0728,5.94,2.62,61.6,48.78,56.230885,Struggle
INT0729,1.86,,99.24,66.05,71.48676,Average
INT0730,1.5,3.34,75.11,83.52,81.403076,Excel
INT0731,2.28,3.26,97.55,76.16,89.52698,Excel
INT0732,5.39,4.0,75.25,68.01,71.10554,Average
INT0733,4.83,3.83,73.59,74.73,70.46702,Average
INT0734,4.13,3.24,8.8,70.42,66.558105,Average
INT0735,3.47,1.0,66.74,66.83,61.805557,Average
INT0736,6.6,1.0,76.69,46.75,42.473946,Struggle
INT0737,3.57,3.9,72.63,83.34,76.33508,Average
INT0738,5.65,1.0,51.84,48.63,42.43656,Struggle
INT0739,3.85,1.0,28.25,52.39,55.801285,Struggle
INT0740,3.01,3.38,60.66,55.71,61.58343,Average
INT0741,,1.0,93.37,57.71,60.391964,Average
INT0742,2.86,4.91,79.94,89.19,82.80274,Excel
INT0743,5.67,1.0,6.61,53.43,42.97386,Struggle
INT0744,3.57,2.91,97.84,72.62,66.236534,Average
INT0745,1.95,1.0,82.2,77.06,68.51529,Average
INT0746,6.68,4.12,99.13,70.39,64.355095,Average
INT0747,3.66,4.0,65.59,79.1,79.73576,Average
INT0748,4.36,5.0,59.31,72.29,76.66564,Average
INT0749,6.37,1.0,49.56,55.29,50.068935,Struggle
INT0750,5.1,1.0,73.54,40.01,45.769638,Struggle
INT0751,1.93,3.51,94.77,77.42,80.963806,Excel
INT0752,6.72,2.42,78.0,57.88,55.84736,Struggle
INT0753,4.59,3.03,64.61,62.5,66.053055,Average
INT0754,2.71,5.0,87.13,82.88,88.81583,Excel
INT0755,1.76,1.0,75.29,64.66,69.183914,Average
INT0756,5.55,4.39,58.11,63.66,63.83529,Average
INT0757,4.56,,78.84,55.04,67.443535,Average
INT0758,4.22,3.8,95.57,87.51,82.5506,Excel
INT0759,6.03,3.16,92.13,54.2,55.91374,Struggle
INT0760,6.04,1.84,79.34,64.4,53.633995,Struggle
INT0761,1.56,2.79,68.85,62.56,74.60331,Average
INT0762,2.85,3.43,54.35,58.3,68.85879,Average
INT0763,2.74,5.0,73.48,85.55,86.668396,Excel
INT0764,5.45,1.8,87.6,48.39,47.94995,Struggle
INT0765,1.06,2.18,1.0,93.82,78.17895,Average
INT0766,4.39,4.32,61.77,71.01,70.88799,Average
INT0767,5.92,4.15,96.57,68.51,69.06546,Average
INT0768,6.75,1.41,,52.53,48.465786,Struggle
INT0769,3.18,3.73,60.38,70.89,72.76366,Average
INT0770,6.22,4.99,56.84,56.22,61.857674,Average
INT0771,1.17,1.0,57.25,69.48,64.68715,Average
INT0772,6.46,4.59,55.16,60.78,64.6387,Average
INT0773,2.21,4.33,80.81,76.43,82.92217,Excel
INT0774,3.46,1.0,55.78,51.17,53.88962,Struggle
INT0775,6.03,1.0,92.13,51.95,47.031105,Struggle
INT0776,1.91,1.82,99.65,66.02,68.65389,Average
INT0777,2.17,1.0,68.32,62.02,64.04832,Average
INT0778,5.68,3.8,72.68,72.23,69.52833,Average
INT0779,5.42,3.18,54.01,79.7,63.08806,Average
INT0780,4.93,2.61,61.49,55.69,53.855305,Struggle
INT0781,5.32,,94.7,82.81,67.80615,Average
INT0782,4.62,4.61,52.88,62.27,65.31485,Average
INT0783,2.74,4.47,58.45,83.52,77.96343,Average
INT0784,2.78,2.83,87.73,79.68,78.455734,Average
INT0785,2.06,2.89,84.44,89.97,90.73303,Excel
INT0786,6.93,2.14,,30.55,38.83397,Struggle
INT0787,4.55,1.0,75.1,50.55,51.338818,Struggle
INT0788,3.85,1.0,8.7,59.88,58.467896,Struggle
INT0789,4.08,3.66,60.94,70.95,69.790504,Average
INT0790,6.85,1.38,71.91,57.5,47.91713,Struggle
INT0791,1.77,3.95,52.65,79.48,78.312225,Average
INT0792,4.32,2.16,89.11,65.92,69.08756,Average
INT0793,4.18,3.28,57.15,81.86,71.27408,Average
INT0794,4.6,1.32,65.76,42.36,49.921318,Struggle
INT0795,1.41,3.29,9.22,74.5,80.330154,Excel
INT0796,6.49,2.16,89.12,58.11,56.286983,Struggle
INT0797,6.4,,96.69,53.99,57.405113,Struggle
INT0798,4.59,2.19,68.39,59.72,61.864136,Average
INT0799,5.17,3.85,45.08,74.34,68.42645,Average
INT0800,6.35,1.0,80.13,42.83,41.75579,Struggle
INT0801,5.15,2.2,76.26,57.82,57.24594,Struggle
INT0802,2.32,2.35,94.52,92.52,77.83433,Average
INT0803,4.32,1.0,50.16,37.24,43.731106,Struggle
INT0804,4.43,5.0,0.0,78.44,79.14437,Average
INT0805,3.39,4.0,76.91,94.21,89.1086,Excel
INT0806,5.13,2.15,58.91,37.49,50.36735,Struggle
INT0807,6.65,3.77,95.39,53.56,58.622143,Struggle
INT0808,6.2,1.49,0.34,46.98,50.487087,Struggle
INT0809,4.03,4.91,73.89,81.83,79.86149,Average
INT0810,1.41,,90.74,88.65,88.5954,Excel
INT0811,7.0,1.58,72.54,60.17,54.8627,Struggle
INT0812,5.66,4.83,77.93,72.58,69.95785,Average
INT0813,2.23,3.07,50.14,52.46,64.80611,Average
INT0814,6.48,3.33,68.29,63.75,57.823334,Struggle
INT0815,6.54,,56.94,64.14,53.679306,Struggle
INT0816,4.38,4.11,84.48,69.46,70.81191,Average
INT0817,4.76,2.56,40.58,82.24,73.204384,Average
INT0818,3.72,2.8,65.09,77.83,68.5911,Average
INT0819,1.0,1.8,73.39,70.3,67.4187,Average
INT0820,3.19,4.32,29.68,62.57,69.27239,Average
INT0821,5.59,2.78,5.76,61.73,61.610115,Average
INT0822,1.32,1.02,1.41,59.52,66.648254,Average
INT0823,3.46,2.82,93.27,93.04,84.1549,Excel
INT0824,3.79,3.11,75.57,57.44,63.112846,Average
INT0825,3.83,4.59,80.95,76.01,78.93109,Average
INT0826,6.39,2.82,65.13,51.01,57.368443,Struggle
INT0827,2.94,1.0,98.33,58.1,65.31078,Average
INT0828,2.7,4.0,64.09,90.3,89.96784,Excel
INT0829,5.03,4.21,79.44,75.86,69.23458,Average
INT0830,3.59,2.9,99.67,77.96,76.61205,Average
INT0831,2.84,1.0,64.81,75.16,64.55727,Average
INT0832,3.78,1.0,42.66,55.93,57.29896,Struggle
INT0833,1.97,4.05,,84.68,83.20326,Excel
INT0834,2.03,2.82,62.08,66.48,76.248634,Average
INT0835,4.15,,22.51,66.95,59.72968,Struggle
INT0836,3.97,5.0,70.28,85.59,79.60322,Average
INT0837,6.58,1.3,66.72,58.67,49.17312,Struggle
INT0838,2.74,4.36,35.37,88.47,74.27599,Average
INT0839,4.47,1.6,88.02,72.72,67.96462,Average
INT0840,5.28,1.9,79.21,62.9,61.949234,Average
INT0841,1.0,,,91.63,82.817825,Excel
INT0842,5.07,1.89,3.39,63.15,53.623085,Struggle
INT0843,1.68,5.0,64.84,91.36,89.99102,Excel
INT0844,6.41,1.97,99.85,48.91,50.33253,Struggle
INT0845,2.26,1.0,97.71,74.21,72.77975,Average
INT0846,3.29,5.0,69.37,88.62,85.547356,Excel
INT0847,1.32,2.35,90.56,88.87,86.414696,Excel
INT0848,6.87,5.0,61.03,60.18,63.92751,Average
INT0849,4.48,5.0,76.63,83.13,84.09643,Excel
INT0850,4.15,2.01,31.63,41.66,50.991837,Struggle
INT0851,1.72,1.0,62.98,76.76,64.346596,Average
INT0852,5.34,2.3,80.55,51.67,60.20973,Average
INT0853,2.61,,52.04,78.2,65.570694,Average
INT0854,6.88,3.97,98.47,69.37,66.624,Average
INT0855,2.08,1.92,61.75,76.57,75.238144,Average
INT0856,1.77,4.03,69.04,77.02,80.195465,Excel
INT0857,1.0,3.63,5.58,90.17,79.77762,Average
INT0858,4.09,2.34,73.31,50.33,65.52027,Average
INT0859,4.03,5.0,94.11,84.96,87.31846,Excel
INT0860,1.15,3.22,51.06,87.95,84.025024,Excel
INT0861,5.35,2.8,4.48,70.57,71.90607,Average
INT0862,3.58,2.16,48.99,59.08,67.18354,Average
INT0863,3.72,2.23,71.45,45.65,63.50437,Average
INT0864,4.0,2.03,97.97,72.15,72.54676,Average
INT0865,3.76,2.94,58.77,44.17,59.16873,Struggle
INT0866,4.27,3.88,30.12,75.55,66.05702,Average
INT0867,2.04,2.75,94.03,66.86,86.74763,Excel
INT0868,2.23,3.01,94.83,91.26,87.70354,Excel
INT0869,6.42,4.7,93.59,61.65,68.92366,Average
INT0870,6.7,1.0,75.55,45.28,42.99231,Struggle
INT0871,3.25,1.0,82.99,57.05,56.28857,Struggle
INT0872,2.75,3.29,43.82,78.67,78.6825,Average
INT0873,5.06,3.14,53.47,61.9,56.869274,Struggle
INT0874,3.3,2.92,41.02,65.3,66.14332,Average
INT0875,1.0,2.64,7.64,91.7,85.909546,Excel
INT0876,1.71,3.02,66.25,65.14,69.60582,Average
INT0877,5.35,2.6,96.61,65.57,67.54186,Average
INT0878,4.81,2.18,65.2,59.13,63.064804,Average
INT0879,1.2,2.2,6.19,76.33,78.906425,Average
INT0880,2.24,5.0,6.81,92.07,89.260506,Excel
INT0881,2.73,2.3,65.73,67.7,70.056404,Average
INT0882,4.6,1.12,81.42,52.13,54.146194,Struggle
INT0883,1.19,1.55,2.32,81.79,80.77307,Excel
INT0884,1.7,3.2,41.9,81.71,80.17642,Excel
INT0885,5.68,1.05,94.11,60.69,56.457607,Struggle
INT0886,1.99,3.58,52.01,78.49,76.91329,Average
INT0887,5.22,2.02,75.05,55.04,53.723927,Struggle
INT0888,2.21,1.14,59.82,65.86,66.6107,Average
INT0889,1.97,5.0,94.21,99.11,97.65134,Excel
INT0890,2.86,2.92,48.13,55.85,61.361603,Average
INT0891,,4.0,91.64,81.54,83.65337,Excel
INT0892,6.4,2.17,83.58,45.75,49.6311,Struggle
INT0893,6.09,5.0,,65.26,67.918076,Average
INT0894,3.41,4.04,67.34,71.03,71.53829,Average
INT0895,5.48,5.0,33.68,64.94,70.96702,Average
INT0896,2.01,1.41,40.56,62.38,70.66933,Average
INT0897,2.41,1.06,90.71,63.92,70.56241,Average
INT0898,6.17,3.46,,33.51,55.708874,Struggle
INT0899,1.19,1.0,0.01,59.27,64.882866,Average
INT0900,1.2,1.0,75.18,76.03,73.40405,Average
INT0901,2.66,2.06,91.52,85.14,79.02409,Average
INT0902,1.07,3.16,0.0,78.9,81.25751,Excel
INT0903,2.44,3.96,7.01,90.21,82.879326,Excel
INT0904,4.25,4.42,85.56,78.43,75.60767,Average
INT0905,3.34,4.24,0.28,83.77,81.03275,Excel
INT0906,5.92,2.45,96.78,61.56,62.95243,Average
INT0907,5.66,1.9,89.23,58.36,52.106144,Struggle
INT0908,3.04,2.46,82.64,73.44,71.6327,Average
INT0909,3.01,4.0,71.68,83.41,84.42021,Excel
INT0910,3.17,1.72,55.61,58.42,63.24551,Average
INT0911,4.68,2.62,,44.64,59.09741,Struggle
INT0912,2.54,4.41,99.64,89.57,89.692535,Excel
INT0913,4.29,1.0,15.32,56.55,53.487865,Struggle
INT0914,3.46,4.36,50.84,81.32,72.03211,Average
INT0915,3.88,3.44,74.81,80.81,77.79702,Average
INT0916,4.0,1.8,80.73,49.81,51.998234,Struggle
INT0917,3.02,2.23,84.48,62.85,66.3063,Average
INT0918,6.57,3.78,85.99,55.98,58.817238,Struggle
INT0919,5.72,5.0,77.91,63.08,73.16227,Average
INT0920,1.45,2.9,61.17,70.07,72.02848,Average
INT0921,6.41,1.87,76.71,72.69,58.23477,Struggle
INT0922,4.24,3.18,84.83,76.76,72.1819,Average
INT0923,6.69,3.9,61.84,44.97,54.46444,Struggle
INT0924,5.58,1.0,7.69,39.54,44.856163,Struggle
INT0925,3.31,4.8,96.1,88.6,86.607285,Excel
INT0926,1.15,3.46,9.85,77.83,80.40724,Excel
INT0927,3.08,2.34,70.26,91.41,74.02791,Average
INT0928,4.67,1.0,51.92,55.72,49.79887,Struggle
INT0929,4.66,4.11,12.97,61.89,61.369267,Average
INT0930,2.83,3.49,64.2,89.39,76.07111,Average
INT0931,2.26,5.0,81.46,93.5,87.52864,Excel
INT0932,5.77,3.29,79.21,53.18,57.522785,Struggle
INT0933,7.0,3.44,81.69,48.05,62.689842,Average
INT0934,3.92,2.1,85.86,76.33,72.724266,Average
INT0935,1.87,4.33,50.95,65.79,85.034836,Excel
INT0936,2.33,2.57,55.25,55.99,60.88906,Average
INT0937,1.12,5.0,8.1,91.06,94.2642,Excel
INT0938,6.83,1.59,57.74,41.76,47.520004,Struggle
INT0939,1.74,1.9,15.94,51.44,61.80066,Average
INT0940,4.08,1.88,82.05,45.69,56.397877,Struggle
INT0941,2.39,1.49,90.77,87.13,75.17621,Average
INT0942,4.39,2.65,87.63,73.92,66.83165,Average
INT0943,4.99,1.24,90.85,61.68,61.803783,Average
INT0944,6.06,1.0,53.94,56.1,43.301777,Struggle
INT0945,1.82,3.96,86.77,76.36,79.95324,Average
INT0946,1.32,5.0,4.6,88.75,89.18829,Excel
INT0947,2.23,1.8,99.65,63.98,64.22342,Average
INT0948,6.41,3.72,59.16,63.75,60.211132,Average
INT0949,6.46,1.8,60.72,38.98,38.213913,Struggle
INT0950,4.99,3.0,,76.79,71.38468,Average
INT0951,4.74,1.49,65.48,58.54,58.454475,Struggle
INT0952,5.16,2.09,99.41,79.72,75.57947,Average
INT0953,2.27,3.49,89.74,71.14,78.8702,Average
INT0954,6.25,2.12,81.45,38.17,50.508724,Struggle
INT0955,3.59,4.0,76.0,85.11,84.86013,Excel
INT0956,3.64,3.44,98.53,90.81,88.89173,Excel
INT0957,3.91,1.61,84.78,62.94,65.65119,Average
INT0958,1.68,1.81,9.04,97.37,86.27338,Excel
INT0959,2.12,4.03,65.83,78.78,79.72366,Average
INT0960,5.35,,30.85,75.25,62.701313,Average
INT0961,1.62,3.86,92.74,81.67,85.29719,Excel
INT0962,4.52,4.69,57.49,62.09,66.81949,Average
INT0963,2.81,3.74,97.3,83.11,84.17955,Excel
INT0964,3.32,3.22,52.41,60.68,61.199734,Average
INT0965,,4.37,96.32,92.04,75.82273,Average
INT0966,3.14,3.26,66.84,59.13,73.22575,Average
INT0967,5.47,3.2,53.71,47.52,53.30445,Struggle
INT0968,3.28,3.11,74.14,75.0,72.035126,Average
INT0969,4.05,5.0,81.34,70.15,81.1995,Excel
INT0970,4.1,1.8,4.94,53.02,50.221775,Struggle
INT0971,4.62,2.36,70.14,67.96,63.91269,Average
INT0972,6.96,5.0,84.61,72.8,71.97039,Average
INT0973,5.5,1.79,62.57,46.16,48.231857,Struggle
INT0974,2.73,3.47,67.52,85.41,79.904305,Average
INT0975,1.56,1.96,4.1,89.84,82.8149,Excel
INT0976,2.14,1.0,68.58,72.91,66.20091,Average
INT0977,4.21,5.0,55.11,74.8,78.238235,Average
INT0978,1.41,2.95,95.0,99.3,96.70063,Excel
INT0979,4.0,2.63,5.57,60.09,63.133198,Average
INT0980,4.25,3.08,36.43,65.7,62.785496,Average
INT0981,2.64,1.77,96.01,88.75,80.18867,Excel
INT0982,5.69,4.97,2.98,72.32,69.875015,Average
INT0983,1.19,4.31,27.68,86.34,86.16384,Excel
INT0984,1.82,1.0,88.47,74.53,71.69388,Average
INT0985,5.68,3.0,95.65,56.48,62.854973,Average
INT0986,4.26,1.66,53.93,46.16,53.983982,Struggle
INT0987,4.65,1.0,91.26,44.92,52.57713,Struggle
INT0988,3.16,1.0,77.37,50.2,59.412838,Struggle
INT0989,2.53,,83.46,91.58,84.8335,Excel
INT0990,6.4,5.0,74.64,68.98,68.26971,Average
INT0991,5.64,3.44,84.89,64.82,67.80171,Average
INT0992,5.01,5.0,51.7,63.98,72.26686,Average
INT0993,2.26,4.2,88.14,95.39,89.409966,Excel
INT0994,4.71,4.52,51.67,60.82,63.567894,Average
INT0995,3.32,5.0,72.76,90.07,84.3669,Excel
INT0996,1.15,4.04,57.55,71.45,73.440414,Average
INT0997,6.47,3.71,4.21,79.84,76.05885,Average
INT0998,1.99,4.59,,82.88,86.45095,Excel
INT0999,6.69,3.63,39.4,43.71,47.862537,Struggle
INT1000,3.85,3.06,71.44,74.96,69.379616,Average
INT1001,2.43,4.73,88.63,81.12,85.97757,Excel
INT1002,4.44,3.15,35.61,46.89,56.80971,Struggle
INT1003,6.36,3.16,89.45,66.86,56.685852,Struggle
INT1004,5.74,1.26,53.68,47.49,48.136898,Struggle
INT1005,6.24,2.01,59.58,38.92,50.90654,Struggle
INT1006,4.84,5.0,77.58,77.18,78.686386,Average
INT1007,4.82,2.57,97.35,75.37,73.218994,Average
INT1008,6.42,3.51,53.74,63.2,54.162373,Struggle
INT1009,2.21,2.7,52.15,79.18,73.232994,Average
INT1010,4.37,3.23,6.15,53.05,62.813564,Average
INT1011,1.85,2.85,82.06,81.9,71.844635,Average
INT1012,7.0,1.7,69.95,54.22,52.311462,Struggle
INT1013,6.75,4.64,,72.73,65.58951,Average
INT1014,1.51,2.81,,62.33,75.73591,Average
INT1015,5.13,5.0,59.82,70.13,74.24026,Average
INT1016,7.0,2.7,,70.02,57.424133,Struggle
INT1017,1.81,3.48,81.34,82.12,83.05084,Excel
INT1018,4.17,3.73,84.26,84.9,77.62044,Average
INT1019,6.04,2.39,56.21,42.36,54.60443,Struggle
INT1020,1.64,5.0,4.77,100.0,96.27307,Excel
INT1021,5.14,2.81,67.05,62.76,66.54794,Average
INT1022,2.95,1.97,85.66,57.06,67.2853,Average
INT1023,6.74,2.63,76.21,72.73,51.949352,Struggle
INT1024,7.0,2.74,61.14,52.72,52.837307,Struggle
INT1025,6.83,4.44,92.31,61.42,62.62789,Average
INT1026,3.91,3.07,90.91,79.67,78.15707,Average
INT1027,6.38,1.0,69.8,36.72,39.45531,Struggle
INT1028,6.32,3.68,79.43,60.69,63.01905,Average
INT1029,2.6,4.12,62.89,85.32,84.01789,Excel
INT1030,5.58,1.86,84.49,45.12,47.65396,Struggle
INT1031,1.0,2.89,0.0,67.55,73.607216,Average
INT1032,4.45,1.0,92.2,53.98,55.0048,Struggle
INT1033,2.38,3.46,34.47,66.99,74.59013,Average
INT1034,1.84,2.91,14.06,82.06,78.03368,Average
INT1035,1.92,5.0,63.43,87.97,90.41353,Excel
INT1036,5.01,5.0,59.55,74.04,74.24026,Average
INT1037,3.3,5.0,75.41,77.19,83.839226,Excel
INT1038,5.38,1.82,60.19,45.07,51.212666,Struggle
INT1039,1.11,5.0,88.16,100.0,94.67972,Excel
INT1040,3.01,3.9,62.07,81.51,77.92777,Average
INT1041,4.71,2.3,85.35,74.3,66.42793,Average
INT1042,5.36,3.58,49.36,65.09,66.28194,Average
INT1043,,2.7,99.31,100.0,88.48349,Excel
INT1044,4.31,5.0,100.0,81.3,85.53577,Excel
INT1045,6.14,2.27,93.48,53.12,60.525013,Average
INT1046,4.82,5.0,88.0,78.9,78.98005,Average
INT1047,2.74,1.0,7.1,52.13,56.57569,Struggle
INT1048,1.38,1.55,7.75,76.68,77.1888,Average
INT1049,6.18,3.43,97.83,59.82,62.229877,Average
INT1050,1.54,1.0,5.27,61.94,70.10901,Average
INT1051,6.05,1.8,76.9,34.61,46.68239,Struggle
INT1052,4.42,3.13,60.9,46.2,52.15257,Struggle
INT1053,6.6,1.62,55.9,65.87,51.524487,Struggle
INT1054,6.19,3.21,73.32,68.0,57.890656,Struggle
INT1055,7.0,3.95,78.79,69.74,65.318665,Average
INT1056,3.5,1.39,77.55,71.59,64.75427,Average
INT1057,5.31,1.4,68.69,68.43,49.14969,Struggle
INT1058,3.58,3.75,77.61,90.54,77.7748,Average
INT1059,4.12,3.27,92.31,57.31,66.33913,Average
INT1060,5.01,2.87,65.99,70.15,65.728294,Average
INT1061,6.24,2.02,0.0,64.44,62.523487,Average
INT1062,6.41,1.8,73.52,40.77,40.607037,Struggle
INT1063,5.37,5.0,63.94,69.86,72.28048,Average
INT1064,3.33,4.0,0.0,81.49,80.8543,Excel
INT1065,3.88,1.0,79.93,57.08,55.746296,Struggle
INT1066,5.77,2.16,79.01,50.05,54.593224,Struggle
INT1067,2.03,1.0,81.82,55.41,65.565094,Average
INT1068,2.11,3.14,67.59,73.72,74.01055,Average
INT1069,2.81,4.64,65.79,68.31,81.46614,Excel
INT1070,2.63,2.93,80.58,77.82,71.97571,Average
INT1071,2.5,2.87,56.64,57.54,67.90546,Average
INT1072,2.76,3.65,62.65,87.31,75.48896,Average
INT1073,1.5,1.0,3.17,65.67,67.85943,Average
INT1074,1.0,1.8,2.58,58.07,63.222206,Average
INT1075,7.0,3.8,62.17,41.47,49.685432,Struggle
INT1076,3.25,2.12,50.98,60.54,61.63888,Average
INT1077,3.19,3.43,62.27,63.85,68.42786,Average
INT1078,4.96,1.9,56.74,60.16,51.509315,Struggle
INT1079,2.05,2.33,53.06,56.81,71.76203,Average
INT1080,7.0,4.08,71.84,65.66,57.264194,Struggle
INT1081,5.9,4.78,95.66,89.06,78.84123,Average
INT1082,1.32,,89.56,78.12,85.66885,Excel
INT1083,,,65.27,58.68,66.78401,Average
INT1084,5.79,3.27,96.24,67.7,69.55914,Average
INT1085,6.52,,66.48,57.1,56.392868,Struggle
INT1086,3.83,2.37,53.63,60.46,57.75907,Struggle
INT1087,4.46,4.42,99.7,92.38,83.36704,Excel
INT1088,2.2,4.04,,84.06,77.67203,Average
INT1089,6.86,1.8,73.3,49.59,44.3521,Struggle
INT1090,2.21,4.39,83.32,83.16,87.14212,Excel
INT1091,7.0,2.81,,72.72,44.147823,Struggle
INT1092,4.66,3.98,59.72,73.16,71.89761,Average
INT1093,4.55,1.0,60.0,42.53,52.771564,Struggle
INT1094,3.96,2.13,73.48,55.58,62.311897,Average
INT1095,2.12,2.68,95.58,83.96,83.624435,Excel
INT1096,1.78,3.86,50.5,59.32,81.92312,Excel
INT1097,2.12,5.0,89.13,92.93,95.91926,Excel
INT1098,2.48,4.0,,82.13,86.91609,Excel
INT1099,5.95,2.93,73.91,69.24,61.919956,Average
INT1100,3.28,5.0,81.89,89.45,85.9551,Excel
INT1101,1.31,3.69,84.34,72.9,78.74641,Average
INT1102,6.82,3.5,52.92,64.85,56.15081,Struggle
INT1103,6.07,4.87,,65.25,67.10853,Average
INT1104,6.14,1.45,79.19,54.45,57.31486,Struggle
INT1105,6.8,,53.3,56.29,54.413445,Struggle
INT1106,2.04,1.22,56.75,60.31,64.83375,Average
INT1107,2.94,2.16,83.18,89.48,77.41888,Average
INT1108,5.14,1.13,76.08,60.91,60.867302,Average
INT1109,4.94,3.77,27.97,48.88,58.925705,Struggle
INT1110,1.79,3.42,76.76,87.98,84.454216,Excel
INT1111,5.78,1.57,95.63,67.15,65.00887,Average
INT1112,,1.64,50.78,60.5,57.33777,Struggle
INT1113,2.07,2.72,82.13,60.06,68.23271,Average
INT1114,3.98,2.53,14.55,59.56,66.413155,Average
INT1115,4.13,4.08,14.84,55.89,60.864323,Average
INT1116,4.31,4.0,57.53,77.62,78.68388,Average
INT1117,1.12,5.0,71.15,93.8,94.09971,Excel
INT1118,6.46,3.92,56.93,64.99,59.488243,Struggle
INT1119,2.48,3.02,64.09,81.57,72.07494,Average
INT1120,1.61,3.56,81.28,75.83,79.6803,Average
INT1121,5.96,4.78,70.56,68.85,67.64473,Average
INT1122,6.46,1.62,61.72,40.72,46.810425,Struggle
INT1123,5.9,3.28,36.48,56.52,56.87719,Struggle
INT1124,6.35,2.54,89.87,66.71,52.490364,Struggle
INT1125,5.27,1.87,91.62,50.03,54.440918,Struggle
INT1126,3.83,3.69,92.33,81.16,77.56485,Average
INT1127,1.64,5.0,42.77,92.75,91.888916,Excel
INT1128,3.21,3.4,89.67,66.03,81.494415,Excel
INT1129,2.84,1.79,60.61,62.8,69.345215,Average
INT1130,2.77,3.41,86.92,96.47,92.363914,Excel
INT1131,4.97,2.1,97.42,77.76,72.269775,Average
INT1132,,1.95,50.69,56.41,58.088154,Struggle
INT1133,1.62,3.9,72.02,69.29,83.71603,Excel
INT1134,2.37,3.52,82.39,90.29,83.5882,Excel
INT1135,5.58,1.25,85.09,69.5,57.041637,Struggle
INT1136,,1.45,2.58,64.6,67.64279,Average
INT1137,6.38,3.84,29.52,55.4,54.9835,Struggle
INT1138,3.83,5.0,80.76,89.45,85.43286,Excel
INT1139,3.39,1.75,58.22,71.02,66.95141,Average
INT1140,4.78,5.0,,78.77,75.504265,Average
INT1141,6.45,4.87,89.16,68.65,70.59828,Average
INT1142,3.0,5.0,53.99,84.76,81.75506,Excel
INT1143,5.56,1.66,17.72,49.16,52.516907,Struggle
INT1144,4.03,3.09,78.74,74.35,74.471436,Average
INT1145,2.4,2.68,80.18,59.23,65.49459,Average
INT1146,5.94,2.68,84.34,61.01,52.82762,Struggle
INT1147,5.76,3.68,69.68,60.07,62.445656,Average
INT1148,5.25,2.19,88.69,65.59,64.257515,Average
INT1149,5.94,3.45,98.72,77.16,71.6064,Average
INT1150,6.61,4.0,63.55,63.34,69.530876,Average
INT1151,5.29,1.0,85.15,46.78,49.302105,Struggle
INT1152,5.99,2.44,96.42,63.52,62.95243,Average
INT1153,5.47,2.27,84.31,58.92,58.384613,Struggle
INT1154,4.68,2.46,84.06,59.14,63.03165,Average
INT1155,4.98,5.0,61.19,72.84,74.70881,Average
INT1156,5.26,1.0,36.98,48.01,46.36259,Struggle
INT1157,1.73,5.0,78.13,91.91,92.97973,Excel
INT1158,6.39,1.0,85.01,41.41,43.816734,Struggle
INT1159,6.63,5.0,99.84,71.49,71.78904,Average
INT1160,1.26,3.49,0.38,82.1,87.185455,Excel
INT1161,6.1,1.0,53.26,38.66,43.17361,Struggle
INT1162,2.05,2.1,53.9,66.79,66.8835,Average
INT1163,2.77,2.34,87.15,93.34,76.37665,Average
INT1164,5.79,2.05,56.82,63.02,51.20954,Struggle
INT1165,1.88,3.92,81.12,76.06,84.84869,Excel
INT1166,5.59,2.94,40.94,58.34,57.101208,Struggle
INT1167,5.84,2.05,72.87,34.75,51.145172,Struggle
INT1168,3.79,2.63,60.78,50.09,58.012913,Struggle
INT1169,1.0,3.74,5.83,87.27,84.09046,Excel
INT1170,2.5,2.94,79.31,60.91,70.99671,Average
INT1171,4.38,2.37,70.93,82.24,75.57184,Average
INT1172,7.0,2.87,78.73,67.7,58.417828,Struggle
INT1173,4.87,5.0,28.65,77.46,71.421814,Average
INT1174,2.71,1.77,58.54,76.19,72.456436,Average
INT1175,4.64,3.76,99.45,84.41,82.85633,Excel
INT1176,4.51,3.02,86.28,68.7,64.72486,Average
INT1177,5.31,3.2,52.46,56.21,53.502747,Struggle
INT1178,1.71,3.91,85.19,100.0,90.54848,Excel
INT1179,5.35,4.37,70.61,66.71,67.978424,Average
INT1180,4.28,2.72,65.36,46.82,60.04829,Average
INT1181,6.6,3.7,57.7,54.42,61.319523,Average
INT1182,3.34,5.0,92.0,94.5,89.510574,Excel
INT1183,5.19,3.18,53.19,63.96,60.607338,Average
INT1184,6.83,3.14,41.52,53.78,52.77677,Struggle
INT1185,1.3,5.0,8.32,86.04,90.59013,Excel
INT1186,6.39,3.96,36.75,67.91,60.603188,Average
INT1187,5.55,1.0,75.41,48.93,48.84161,Struggle
INT1188,1.35,2.67,50.59,84.59,80.130585,Excel
INT1189,3.25,2.93,65.05,62.84,69.09235,Average
INT1190,5.14,3.36,96.68,69.8,70.84186,Average
INT1191,1.85,2.43,35.46,80.76,71.18804,Average
INT1192,4.92,,68.02,44.15,61.516685,Average
INT1193,3.24,2.63,73.66,61.03,68.39928,Average
INT1194,4.24,4.29,78.08,72.89,75.03445,Average
INT1195,1.17,1.0,2.3,72.18,66.88795,Average
INT1196,6.64,2.86,59.52,45.17,58.014076,Struggle
INT1197,7.0,3.34,73.08,75.28,61.944843,Average
INT1198,6.5,2.11,87.88,53.92,52.088413,Struggle
INT1199,5.4,1.0,86.13,60.51,53.607536,Struggle
INT1200,2.12,2.76,54.34,93.71,76.89899,Average
INT1201,5.63,1.8,51.08,43.21,42.19152,Struggle
INT1202,1.5,3.36,0.0,76.66,74.45184,Average
INT1203,1.46,4.23,0.0,96.47,90.73337,Excel
INT1204,3.35,,79.22,88.77,74.148186,Average
INT1205,3.55,5.0,23.97,80.39,78.81406,Average
INT1206,5.27,2.66,31.34,73.29,69.390015,Average
INT1207,4.68,2.11,84.98,73.71,64.48683,Average
INT1208,4.12,3.51,86.09,60.69,69.65993,Average
INT1209,2.62,,58.63,47.23,72.67379,Average
INT1210,6.54,2.34,51.41,41.12,46.0075,Struggle
INT1211,3.38,2.37,31.81,53.98,68.17908,Average
INT1212,3.56,,48.45,75.72,69.55209,Average
INT1213,2.29,4.44,85.3,88.82,85.566444,Excel
INT1214,6.01,1.0,90.5,41.28,48.2963,Struggle
INT1215,5.35,3.35,80.53,72.48,66.38339,Average
INT1216,1.84,2.79,55.54,58.81,68.1645,Average
INT1217,1.9,3.53,6.1,79.19,78.965355,Average
INT1218,4.8,3.47,59.51,74.26,68.26733,Average
INT1219,5.06,2.52,95.28,63.71,64.22372,Average
INT1220,2.2,,93.58,75.96,77.8871,Average
INT1221,6.29,1.0,65.11,30.22,39.66443,Struggle
INT1222,,1.61,7.75,76.85,69.528114,Average
INT1223,3.66,4.86,92.56,89.46,85.34296,Excel
INT1224,6.79,2.66,,70.72,57.47624,Struggle
INT1225,3.07,1.0,62.53,64.5,56.092575,Struggle
INT1226,4.62,1.69,97.69,63.47,63.18884,Average
INT1227,3.74,3.61,72.54,76.45,76.331856,Average
INT1228,2.25,5.0,24.02,84.61,85.42743,Excel
INT1229,,1.07,55.49,42.22,53.49755,Struggle
INT1230,,,82.38,69.29,65.41289,Average
INT1231,6.7,4.98,71.89,68.47,63.50294,Average
INT1232,2.13,3.24,54.72,74.94,74.98026,Average
INT1233,2.78,2.24,87.02,60.52,70.085976,Average
INT1234,1.05,4.31,6.81,95.54,90.652565,Excel
INT1235,4.8,1.0,86.27,52.29,53.712837,Struggle
INT1236,2.83,1.04,60.11,62.83,64.880005,Average
INT1237,6.37,2.92,54.96,58.6,55.630356,Struggle
INT1238,3.58,2.5,50.54,74.32,63.75912,Average
INT1239,6.94,4.45,65.26,44.96,49.874886,Struggle
INT1240,1.83,1.12,69.94,67.83,68.52734,Average
INT1241,6.1,3.52,91.76,49.15,58.042267,Struggle
INT1242,6.02,3.5,69.52,73.85,64.51497,Average
INT1243,5.87,1.8,50.56,33.89,35.28583,Struggle
INT1244,5.72,2.5,67.62,56.76,53.510147,Struggle
INT1245,5.68,2.55,74.95,43.84,45.42338,Struggle
INT1246,4.89,5.0,97.45,82.93,81.01535,Excel
INT1247,1.38,3.7,62.88,86.32,83.671715,Excel
INT1248,1.17,1.0,7.52,67.43,66.31839,Average
INT1249,6.29,3.24,59.26,40.65,49.671974,Struggle
INT1250,4.67,4.21,58.17,69.58,65.39876,Average
INT1251,6.06,2.22,63.43,62.6,53.218468,Struggle
INT1252,3.55,1.87,50.3,66.02,58.764263,Struggle
INT1253,1.32,4.39,56.36,91.05,88.46766,Excel
INT1254,1.52,5.0,76.9,94.63,91.94078,Excel
INT1255,5.56,3.11,62.38,51.64,58.899723,Struggle
INT1256,3.83,4.0,,77.06,80.52211,Excel
INT1257,1.72,1.8,67.99,59.01,61.346226,Average
INT1258,3.85,4.11,63.71,56.17,65.806755,Average
INT1259,1.15,4.0,44.0,95.12,92.74457,Excel
INT1260,4.63,2.9,73.21,58.96,62.970985,Average
INT1261,2.57,1.0,56.22,56.08,56.86717,Struggle
INT1262,6.25,3.81,30.6,50.4,59.495037,Struggle
INT1263,2.58,2.45,96.6,86.11,80.54456,Excel
INT1264,3.82,2.55,,73.77,63.798412,Average
INT1265,1.27,4.71,5.04,90.18,90.87585,Excel
INT1266,1.76,3.58,84.95,100.0,85.856026,Excel
INT1267,3.26,1.7,54.39,71.64,62.410423,Average
INT1268,4.07,1.0,85.63,58.98,57.921455,Struggle
INT1269,4.4,2.73,62.37,86.37,71.98268,Average
INT1270,2.69,3.66,76.87,60.9,70.632935,Average
INT1271,5.57,1.4,,48.11,49.35368,Struggle
INT1272,6.61,1.0,59.37,33.76,39.106453,Struggle
INT1273,5.9,4.85,44.63,63.85,64.397,Average
INT1274,1.11,1.8,8.94,64.32,65.49015,Average
INT1275,4.2,1.0,82.6,59.36,53.439384,Struggle
INT1276,1.16,1.2,51.3,69.24,71.84343,Average
INT1277,2.05,2.93,77.44,65.51,75.667015,Average
INT1278,7.0,3.22,79.75,61.95,60.664024,Average
INT1279,1.64,2.27,,90.29,75.30691,Average
INT1280,4.44,5.0,60.42,78.64,77.1246,Average
INT1281,4.65,3.65,63.81,49.52,65.5448,Average
INT1282,5.14,1.8,64.65,56.99,47.6143,Struggle
INT1283,4.54,5.0,4.77,83.18,79.04419,Average
INT1284,1.33,1.8,9.36,68.93,63.898663,Average
INT1285,2.94,4.32,,86.88,76.64542,Average
INT1286,3.82,1.0,55.98,63.54,53.441586,Struggle
INT1287,1.8,2.79,87.19,98.48,93.48069,Excel
INT1288,2.92,1.0,69.75,67.61,65.66516,Average
INT1289,1.0,2.56,8.07,72.24,75.46257,Average
INT1290,1.6,4.63,62.85,81.97,84.087585,Excel
INT1291,2.97,1.35,97.84,81.38,79.211136,Average
INT1292,2.27,1.27,65.52,71.99,70.60948,Average
INT1293,4.54,4.82,66.5,69.77,69.49292,Average
INT1294,5.63,1.92,59.48,68.83,56.06648,Struggle
INT1295,5.64,1.0,,39.86,45.297848,Struggle
INT1296,2.67,1.8,63.78,49.88,58.298904,Struggle
INT1297,1.65,2.63,66.51,69.02,72.59736,Average
INT1298,1.17,1.0,45.96,59.38,64.43675,Average
INT1299,4.35,1.66,2.29,67.84,65.944305,Average
INT1300,5.2,1.0,70.57,46.96,48.122955,Struggle
INT1301,1.0,1.73,6.36,75.04,74.93049,Average
INT1302,6.63,1.0,90.73,50.84,47.132374,Struggle
INT1303,1.14,2.99,61.29,88.79,85.21394,Excel
INT1304,4.09,1.26,89.92,58.29,64.29625,Average
INT1305,5.39,1.89,55.06,34.88,46.8663,Struggle
INT1306,5.89,2.8,89.98,41.95,50.570473,Struggle
INT1307,5.55,4.0,56.01,71.78,72.07196,Average
INT1308,5.89,1.8,56.24,37.91,40.63442,Struggle
INT1309,3.45,4.63,72.15,88.42,83.07508,Excel
INT1310,5.75,1.0,90.97,45.47,50.480965,Struggle
INT1311,1.96,2.23,77.62,68.57,73.94434,Average
INT1312,6.45,4.64,93.75,65.68,68.14898,Average
INT1313,4.76,2.66,99.47,71.69,69.27774,Average
INT1314,5.43,3.81,54.77,75.16,64.878395,Average
INT1315,3.94,3.78,80.64,92.89,75.78674,Average
INT1316,5.18,3.92,87.72,80.57,67.141846,Average
INT1317,3.71,1.41,61.61,68.18,63.492268,Average
INT1318,5.47,3.62,58.36,56.21,61.59962,Average
INT1319,1.79,3.22,87.98,73.9,92.20317,Excel
INT1320,1.42,4.59,36.33,91.95,85.34872,Excel
INT1321,2.04,3.21,56.75,70.26,72.61234,Average
INT1322,2.15,4.12,65.74,74.6,79.74357,Average
INT1323,5.79,2.73,67.93,42.74,53.50791,Struggle
INT1324,2.64,1.0,98.26,61.35,71.201485,Average
INT1325,6.4,4.58,84.9,77.52,72.21958,Average
INT1326,2.66,1.0,56.04,66.14,58.111153,Struggle
INT1327,1.87,3.57,98.44,80.46,83.58913,Excel
INT1328,5.87,1.8,95.16,45.14,44.30413,Struggle
INT1329,5.43,5.0,75.6,77.34,76.45252,Average
INT1330,3.61,2.71,95.28,50.9,64.28856,Average
INT1331,3.97,2.34,70.22,80.25,65.94889,Average
INT1332,,1.8,0.0,45.48,50.245518,Struggle
INT1333,,3.55,40.55,87.58,77.71994,Average
INT1334,6.95,4.72,83.12,60.73,62.18436,Average
INT1335,6.67,3.26,75.05,42.73,50.943005,Struggle
INT1336,4.96,3.06,82.95,66.06,57.051243,Struggle
INT1337,1.96,3.85,84.3,69.02,77.245575,Average
INT1338,4.98,2.51,51.12,41.74,49.791573,Struggle
INT1339,1.26,4.24,52.7,92.29,87.87482,Excel
INT1340,,1.61,0.0,76.16,66.25187,Average
INT1341,2.97,2.39,,70.07,72.70651,Average
INT1342,4.04,1.0,81.63,52.93,57.57931,Struggle
INT1343,6.15,1.53,77.61,48.37,52.690765,Struggle
INT1344,5.36,4.0,79.29,78.87,77.72809,Average
INT1345,5.09,2.25,65.12,48.64,59.818768,Struggle
INT1346,3.8,4.0,81.99,88.11,85.71779,Excel
INT1347,3.18,4.0,91.47,91.3,95.801414,Excel
INT1348,3.63,3.18,99.9,62.94,73.32542,Average
INT1349,6.63,3.31,91.92,42.83,49.282883,Struggle
INT1350,1.5,5.0,9.83,99.02,92.006294,Excel
INT1351,6.38,1.57,59.67,49.62,50.922733,Struggle
INT1352,,1.82,84.07,52.62,59.779198,Struggle
INT1353,3.8,1.9,96.88,69.16,69.05952,Average
INT1354,5.77,2.39,60.59,62.28,55.018517,Struggle
INT1355,4.34,4.0,62.8,78.18,80.00428,Excel
INT1356,6.46,1.8,57.45,40.16,34.984966,Struggle
INT1357,5.95,3.04,86.84,41.41,50.45537,Struggle
INT1358,3.9,3.69,37.33,83.35,73.87768,Average
INT1359,2.82,2.0,53.13,80.05,69.2827,Average
INT1360,4.36,2.36,68.69,71.26,71.678535,Average
INT1361,6.16,3.88,77.88,70.93,65.0968,Average
INT1362,1.88,4.32,66.55,71.21,79.121864,Average
INT1363,4.29,2.03,67.2,69.76,61.401817,Average
INT1364,5.04,1.49,,58.06,56.120438,Struggle
INT1365,5.14,1.78,3.81,47.75,52.05766,Struggle
INT1366,1.31,2.92,66.85,89.94,82.444916,Excel
INT1367,5.19,3.48,41.23,63.4,63.711765,Average
INT1368,6.43,5.0,52.61,80.32,66.09482,Average
INT1369,1.75,4.0,48.05,69.85,83.43201,Excel
INT1370,1.97,5.0,3.33,86.8,91.18208,Excel
INT1371,6.52,3.73,76.44,71.24,65.55441,Average
INT1372,2.27,3.57,92.01,75.37,79.00897,Average
INT1373,5.71,3.19,53.41,59.12,52.343067,Struggle
INT1374,4.01,2.53,53.91,54.77,52.452934,Struggle
INT1375,2.13,4.47,77.81,88.39,86.316086,Excel
INT1376,5.92,4.4,81.96,56.56,66.912186,Average
INT1377,3.56,5.0,60.57,78.47,80.60345,Excel
INT1378,3.69,1.0,87.26,64.85,58.757805,Struggle
INT1379,2.83,3.51,82.31,60.12,73.05828,Average
INT1380,4.41,2.6,2.12,60.98,62.651405,Average
INT1381,1.81,1.7,,72.89,72.86793,Average
INT1382,3.6,3.02,87.57,87.79,73.70113,Average
INT1383,6.39,3.22,26.3,54.2,52.801365,Struggle
INT1384,2.91,4.55,7.59,79.53,77.15764,Average
INT1385,5.26,1.93,77.59,53.85,55.93974,Struggle
INT1386,3.22,,5.88,75.22,74.91419,Average
INT1387,5.45,1.0,0.86,51.16,49.56671,Struggle
INT1388,2.11,4.0,50.22,84.84,84.97839,Excel
INT1389,6.5,5.0,41.81,75.4,69.158676,Average
INT1390,3.34,4.23,60.86,65.47,71.50521,Average
INT1391,1.96,1.0,87.17,58.95,69.87043,Average
INT1392,1.88,1.0,,56.61,63.120068,Average
INT1393,1.83,5.0,8.88,90.16,92.02856,Excel
INT1394,4.54,1.45,91.9,81.07,64.19165,Average
INT1395,2.79,2.15,91.64,90.86,78.35936,Average
INT1396,6.38,1.82,57.63,45.67,42.953754,Struggle
INT1397,3.99,2.05,81.52,81.23,72.8595,Average
INT1398,2.91,2.75,,71.23,68.21014,Average
INT1399,4.7,2.09,64.94,58.81,58.162724,Struggle
INT1400,5.61,3.98,86.15,71.27,69.91042,Average
INT1401,2.45,1.0,76.56,63.8,74.11364,Average
INT1402,1.83,2.61,86.53,74.13,77.8237,Average
INT1403,1.14,5.0,2.74,95.07,96.36182,Excel
INT1404,5.64,1.68,76.43,57.61,55.70334,Struggle
INT1405,4.78,3.36,64.56,76.43,67.945915,Average
INT1406,4.1,2.36,98.63,79.42,77.35851,Average
INT1407,5.64,1.0,92.86,46.23,52.411537,Struggle
INT1408,5.85,4.92,86.66,66.2,64.42049,Average
INT1409,4.13,2.02,62.59,76.63,60.673508,Average
INT1410,6.0,1.0,67.34,45.4,44.567387,Struggle
INT1411,2.0,1.28,,70.53,71.60557,Average
INT1412,2.01,2.47,66.26,70.58,71.47455,Average
INT1413,2.31,2.09,86.64,59.73,65.58401,Average
INT1414,,1.0,86.82,67.07,57.104763,Struggle
INT1415,4.48,2.46,50.92,59.91,54.888767,Struggle
INT1416,6.62,2.02,35.59,44.56,44.93507,Struggle
INT1417,1.0,5.0,2.03,90.56,91.422104,Excel
INT1418,1.46,2.3,0.0,84.49,79.00736,Average
INT1419,3.67,3.83,9.8,69.07,65.583755,Average
INT1420,6.11,2.12,56.44,52.21,45.296978,Struggle
INT1421,2.93,4.62,89.53,80.78,82.32829,Excel
INT1422,4.49,1.04,39.53,55.1,54.77348,Struggle
INT1423,1.0,5.0,0.0,98.98,95.59277,Excel
INT1424,1.96,4.72,80.37,84.62,86.993614,Excel
INT1425,7.0,2.33,58.01,61.09,53.632668,Struggle
INT1426,7.0,4.06,88.93,49.55,56.91002,Struggle
INT1427,1.38,2.2,0.57,66.39,77.05029,Average
INT1428,7.0,3.49,60.55,54.46,55.394665,Struggle
INT1429,4.64,1.0,77.91,48.88,49.631523,Struggle
INT1430,6.6,3.7,48.6,51.61,67.95456,Average
INT1431,4.17,,96.01,59.53,68.09524,Average
INT1432,4.09,3.31,94.0,77.78,74.40313,Average
INT1433,3.78,4.0,74.17,82.31,81.51262,Excel
INT1434,4.91,4.46,67.96,54.35,62.72363,Average
INT1435,1.67,4.0,4.41,88.34,90.8634,Excel
INT1436,1.0,3.83,9.78,75.57,81.01493,Excel
INT1437,2.97,2.78,,68.81,68.42591,Average
INT1438,5.29,4.52,90.25,81.09,72.51343,Average
INT1439,2.17,2.56,65.54,88.99,71.08092,Average
INT1440,4.64,4.94,59.5,67.99,66.9972,Average
INT1441,7.0,1.19,73.77,41.29,47.437073,Struggle
INT1442,1.23,2.18,53.45,75.83,82.41014,Excel
INT1443,4.65,2.7,85.06,56.42,56.984806,Struggle
INT1444,3.78,2.58,75.92,69.03,65.798935,Average
INT1445,6.11,1.0,74.82,54.73,44.1498,Struggle
INT1446,1.62,2.33,65.02,83.88,78.17651,Average
INT1447,5.02,2.58,67.62,83.56,60.31473,Average
INT1448,6.3,1.66,54.52,51.71,46.338223,Struggle
INT1449,6.79,1.0,93.49,40.08,43.544685,Struggle
INT1450,4.96,4.0,68.84,71.61,75.98918,Average
INT1451,3.67,1.0,94.03,56.24,60.47643,Average
INT1452,4.84,4.29,86.44,76.72,71.74795,Average
INT1453,6.6,1.0,27.39,33.94,37.804615,Struggle
INT1454,4.57,2.4,91.58,64.5,70.71995,Average
INT1455,1.49,5.0,5.88,100.0,93.86384,Excel
INT1456,6.61,,51.62,35.49,46.5914,Struggle
INT1457,5.36,1.0,56.69,49.98,45.200165,Struggle
INT1458,5.46,1.23,58.37,56.88,51.97824,Struggle
INT1459,2.56,5.0,51.39,96.82,83.61153,Excel
INT1460,5.36,4.0,87.33,80.21,78.61111,Average
INT1461,3.29,3.55,86.01,58.9,69.48809,Average
INT1462,5.31,2.92,82.98,45.82,56.598755,Struggle
INT1463,1.76,1.51,88.31,92.41,85.14536,Excel
INT1464,5.32,3.15,46.24,57.61,58.456387,Struggle
INT1465,6.54,3.49,63.04,58.97,58.232475,Struggle
INT1466,1.45,1.0,5.57,69.09,72.0315,Average
INT1467,7.0,2.33,50.91,35.71,39.930096,Struggle
INT1468,3.11,3.55,68.33,79.89,77.32282,Average
INT1469,6.38,1.0,86.44,48.16,43.389442,Struggle
INT1470,6.01,2.43,71.36,70.44,54.012638,Struggle
INT1471,4.19,1.03,9.88,41.69,55.302628,Struggle
INT1472,5.34,1.0,32.04,44.19,47.135063,Struggle
INT1473,6.34,5.0,50.91,78.26,72.87402,Average
INT1474,3.44,3.53,98.24,77.89,78.30826,Average
INT1475,2.5,5.0,41.83,78.41,91.01101,Excel
INT1476,4.61,1.0,41.65,48.2,51.233723,Struggle
INT1477,5.45,3.24,65.92,61.79,65.17112,Average
INT1478,5.33,4.7,62.83,62.47,65.151566,Average
INT1479,5.54,3.06,51.05,43.36,48.050385,Struggle
INT1480,3.85,2.32,,83.88,66.78944,Average
INT1481,5.98,2.41,72.46,62.55,58.766,Struggle
INT1482,1.98,1.56,59.9,74.46,70.15103,Average
INT1483,3.84,2.23,3.98,64.49,66.46326,Average
INT1484,1.02,2.31,0.0,90.96,84.40747,Excel
INT1485,2.77,3.26,94.73,66.19,77.67464,Average
INT1486,3.55,2.41,96.84,70.57,72.97968,Average
INT1487,3.59,2.17,80.9,66.27,63.731163,Average
INT1488,5.54,2.4,16.42,48.47,52.256294,Struggle
INT1489,2.88,3.04,87.04,89.85,82.41081,Excel
INT1490,3.91,3.73,55.5,60.17,69.31918,Average
INT1491,2.47,5.0,57.26,92.8,86.96568,Excel
INT1492,3.57,1.17,88.97,68.43,65.4273,Average
INT1493,2.37,1.66,,75.8,72.67615,Average
INT1494,1.48,3.95,72.32,93.79,87.792816,Excel
INT1495,4.17,2.98,86.91,66.07,74.878555,Average
INT1496,5.18,2.99,84.66,70.36,69.15969,Average
INT1497,4.49,1.0,63.09,42.26,53.580357,Struggle
INT1498,3.3,1.59,96.24,67.33,70.534874,Average
INT1499,2.85,1.88,58.98,56.75,60.211,Average
INT1500,6.64,3.0,95.24,80.2,72.14269,Average
INT1501,3.96,3.03,65.63,53.67,59.54096,Struggle
INT1502,4.25,5.0,9.88,82.53,73.79327,Average
INT1503,1.61,2.7,4.97,92.27,84.83257,Excel
INT1504,3.49,3.16,50.12,53.85,57.69769,Struggle
INT1505,3.66,2.97,51.95,82.48,65.79103,Average
INT1506,3.78,5.0,63.12,83.53,78.27371,Average
INT1507,4.27,4.0,94.24,83.72,84.0434,Excel
INT1508,3.85,1.0,84.57,54.86,56.21662,Struggle
INT1509,4.79,,83.31,63.97,67.75081,Average
INT1510,5.58,3.14,34.68,49.51,56.294563,Struggle
INT1511,5.48,2.77,0.0,33.87,51.252716,Struggle
INT1512,5.49,2.39,,70.15,62.81896,Average
INT1513,6.79,4.22,58.55,62.13,58.609234,Struggle
INT1514,1.47,4.13,0.32,76.73,83.83665,Excel
INT1515,2.28,4.76,80.02,87.49,86.64126,Excel
INT1516,1.12,3.31,6.12,82.3,82.89596,Excel
INT1517,4.82,1.5,59.93,56.72,57.428513,Struggle
INT1518,6.35,1.8,57.03,31.89,33.409523,Struggle
INT1519,,3.64,56.16,77.59,69.969124,Average
INT1520,6.2,3.42,72.4,75.14,61.363792,Average
INT1521,1.31,2.74,26.6,83.13,78.81481,Average
INT1522,6.77,1.8,98.85,41.41,42.65102,Struggle
INT1523,3.04,1.0,,58.38,57.257904,Struggle
INT1524,1.39,1.0,55.52,52.72,58.377327,Struggle
INT1525,3.71,1.28,48.96,73.39,67.88548,Average
INT1526,2.27,3.83,54.0,82.06,84.69398,Excel
INT1527,2.55,,80.12,63.78,72.122894,Average
INT1528,3.21,4.15,92.53,92.85,84.79181,Excel
INT1529,5.83,3.02,52.39,51.95,49.495758,Struggle
INT1530,3.97,5.0,89.99,75.08,80.39723,Excel
INT1531,2.75,5.0,69.72,88.92,89.66914,Excel
INT1532,4.27,2.93,22.66,42.79,52.795677,Struggle
INT1533,5.7,3.6,23.04,69.1,57.931515,Struggle
INT1534,2.55,1.0,,70.11,61.067604,Average
INT1535,3.96,1.0,,63.93,57.002285,Struggle
INT1536,1.58,4.0,93.34,93.78,95.543015,Excel
INT1537,2.43,5.0,37.49,94.63,93.66255,Excel
INT1538,4.85,2.03,26.24,58.33,55.954067,Struggle
INT1539,1.67,3.18,49.95,77.77,75.88026,Average
INT1540,3.68,1.83,90.87,80.05,69.16862,Average
INT1541,5.36,5.0,86.31,77.0,75.98361,Average
INT1542,1.45,2.29,74.44,61.0,72.38227,Average
INT1543,4.34,2.24,54.11,84.45,62.643787,Average
INT1544,2.86,1.0,56.02,73.34,53.75811,Struggle
INT1545,6.53,1.8,95.5,56.4,44.04167,Struggle
INT1546,3.71,3.5,92.32,70.72,72.67713,Average
INT1547,6.19,1.04,61.58,60.1,55.030506,Struggle
INT1548,4.29,4.58,0.82,92.34,85.56411,Excel
INT1549,1.59,3.99,7.16,87.4,87.127754,Excel
INT1550,4.67,5.0,83.76,81.02,84.67502,Excel
INT1551,6.61,1.0,78.03,46.06,41.19968,Struggle
INT1552,4.28,5.0,67.77,67.8,73.98178,Average
INT1553,6.34,3.25,78.44,67.39,57.215954,Struggle
INT1554,6.71,3.52,62.87,61.04,57.181236,Struggle
INT1555,2.85,3.23,72.01,77.91,71.86102,Average
INT1556,2.17,4.06,64.04,75.77,77.520386,Average
INT1557,4.99,4.24,56.14,74.42,66.907555,Average
INT1558,3.38,5.0,66.09,75.91,80.60126,Excel
INT1559,5.99,1.0,92.6,45.41,48.869595,Struggle
INT1560,6.73,5.0,69.05,67.22,67.1382,Average
INT1561,2.8,2.46,87.4,69.89,76.75563,Average
INT1562,2.14,1.01,58.76,56.12,57.373966,Struggle
INT1563,5.49,2.48,71.22,68.63,61.007416,Average
INT1564,2.94,1.73,55.74,68.79,70.155174,Average
INT1565,5.81,5.0,56.93,68.79,67.01762,Average
INT1566,3.4,3.65,80.87,58.58,71.73997,Average
INT1567,5.51,1.0,80.37,41.75,46.512936,Struggle
INT1568,1.45,4.58,60.67,76.67,81.76537,Excel
INT1569,4.49,1.0,73.72,51.96,52.561253,Struggle
INT1570,3.83,3.82,,82.6,74.50929,Average
INT1571,4.82,1.0,58.71,54.57,51.4674,Struggle
INT1572,1.58,2.57,50.96,68.0,72.10749,Average
INT1573,5.54,1.0,82.6,50.75,48.938633,Struggle
INT1574,5.72,3.75,52.67,37.76,51.612206,Struggle
INT1575,2.33,2.13,99.0,99.24,90.292915,Excel
INT1576,1.33,1.0,80.48,66.8,67.40151,Average
INT1577,1.0,2.59,4.17,91.79,87.52709,Excel
INT1578,4.82,4.0,44.85,78.49,79.72574,Average
INT1579,5.07,4.52,,72.9,68.59722,Average
INT1580,4.49,5.0,54.53,75.41,76.45362,Average
INT1581,2.83,3.04,74.4,68.63,70.13405,Average
INT1582,3.51,3.6,81.28,63.83,74.25309,Average
INT1583,4.08,,59.2,74.88,65.30378,Average
INT1584,3.75,3.66,78.13,80.06,73.546715,Average
INT1585,7.0,3.36,56.66,57.43,53.05272,Struggle
INT1586,1.96,,50.88,72.86,73.55223,Average
INT1587,5.65,3.46,81.53,61.09,62.74355,Average
INT1588,3.09,1.8,82.42,58.04,58.735256,Struggle
INT1589,3.37,4.94,79.18,83.84,81.13401,Excel
INT1590,5.17,3.51,59.17,66.31,63.037693,Average
INT1591,4.98,3.69,0.43,66.15,65.965675,Average
INT1592,6.7,3.6,52.83,64.61,55.94297,Struggle
INT1593,1.71,2.14,80.46,75.86,72.78374,Average
INT1594,1.76,2.98,77.7,76.66,78.96294,Average
INT1595,5.16,4.29,62.0,81.61,70.40301,Average
INT1596,4.05,4.99,94.77,86.13,76.48892,Average
INT1597,2.85,1.06,92.52,76.02,70.54946,Average
INT1598,1.44,3.12,99.03,69.9,80.14646,Excel
INT1599,1.57,1.0,98.81,76.26,76.03525,Average
INT1600,6.33,,61.53,68.03,60.152252,Average
INT1601,2.54,1.0,97.82,77.03,74.416145,Average
INT1602,3.0,4.15,93.36,87.74,84.669426,Excel
INT1603,2.78,2.8,0.0,95.22,90.33031,Excel
INT1604,3.14,5.0,53.77,80.39,78.21892,Average
INT1605,1.21,4.11,52.45,72.51,70.54203,Average
INT1606,3.97,5.0,91.88,87.64,82.05128,Excel
INT1607,1.43,2.21,45.9,73.18,71.63257,Average
INT1608,5.83,1.0,90.73,48.64,47.119907,Struggle
INT1609,2.59,1.8,65.65,53.06,57.165516,Struggle
INT1610,3.96,1.0,69.88,58.92,56.764404,Struggle
INT1611,6.44,5.0,85.01,76.86,73.33614,Average
INT1612,5.19,1.0,95.77,57.36,58.053173,Struggle
INT1613,,1.0,54.39,43.82,49.655266,Struggle
INT1614,2.93,5.0,72.57,96.36,89.784515,Excel
INT1615,3.49,1.9,89.65,55.14,68.00024,Average
INT1616,4.92,3.94,39.4,66.32,67.01196,Average
INT1617,6.57,1.29,67.76,43.14,43.92316,Struggle
INT1618,5.29,2.75,52.32,34.41,64.57893,Average
INT1619,4.06,4.0,50.79,74.71,73.72763,Average
INT1620,5.59,2.36,73.85,43.63,51.899998,Struggle
INT1621,3.47,3.01,54.78,65.62,67.39006,Average
INT1622,1.0,3.7,5.85,72.02,81.87224,Excel
INT1623,4.03,1.0,92.34,53.92,58.192448,Struggle
INT1624,,1.0,,38.28,56.19462,Struggle
INT1625,1.66,2.26,58.25,68.05,71.14097,Average
INT1626,4.84,2.09,59.37,38.75,54.651836,Struggle
INT1627,2.47,3.84,91.43,88.44,80.679504,Excel
INT1628,4.48,2.74,93.4,69.2,77.31693,Average
INT1629,1.9,,76.17,72.68,76.15783,Average
INT1630,4.04,1.0,95.63,73.34,64.49211,Average
INT1631,5.46,5.0,92.24,77.22,77.7319,Average
INT1632,3.46,5.0,86.57,95.45,86.01263,Excel
INT1633,5.02,3.66,63.17,70.42,67.00363,Average
INT1634,5.74,4.34,55.27,72.14,63.98097,Average
INT1635,6.78,2.08,63.54,48.56,48.141235,Struggle
INT1636,2.12,2.32,53.34,69.05,69.78087,Average
INT1637,3.69,4.25,,70.72,69.33894,Average
INT1638,1.84,3.29,57.92,74.14,73.49678,Average
INT1639,6.58,3.73,94.02,59.82,59.653004,Struggle
INT1640,6.18,4.2,61.99,43.83,55.03136,Struggle
INT1641,3.9,4.74,98.51,96.72,93.14839,Excel
INT1642,6.44,2.28,79.86,69.67,54.63833,Struggle
INT1643,4.62,4.34,61.86,58.58,70.56136,Average
INT1644,4.6,4.71,74.86,77.03,74.43087,Average
INT1645,1.32,1.0,60.95,61.57,62.43883,Average
INT1646,5.25,1.0,99.2,48.05,49.579807,Struggle
INT1647,2.09,2.21,0.81,77.18,74.90398,Average
INT1648,5.67,3.41,51.31,48.7,48.848366,Struggle
INT1649,6.11,1.0,97.39,47.94,50.621136,Struggle
INT1650,5.42,4.06,,78.86,69.43561,Average
INT1651,1.62,2.24,7.57,73.34,80.78096,Excel
INT1652,2.87,,83.53,75.37,82.21854,Excel
INT1653,2.77,1.0,82.35,60.03,60.860447,Average
INT1654,3.28,,60.94,56.74,59.92778,Struggle
INT1655,1.86,,87.92,100.0,91.42844,Excel
INT1656,6.96,1.43,54.35,51.99,50.062042,Struggle
INT1657,4.41,4.6,74.47,78.91,68.96055,Average
INT1658,2.96,,23.11,81.6,74.76284,Average
INT1659,3.8,3.29,98.44,68.72,77.79131,Average
INT1660,4.11,3.0,87.58,63.31,70.795906,Average
INT1661,4.76,5.0,57.94,69.86,72.55076,Average
INT1662,3.6,3.99,67.08,83.83,75.73318,Average
INT1663,6.12,2.52,,51.8,56.258636,Struggle
INT1664,4.34,5.0,88.33,86.19,85.75792,Excel
INT1665,6.53,5.0,52.94,61.15,66.49142,Average
INT1666,5.82,3.22,92.02,55.15,51.64313,Struggle
INT1667,1.98,4.9,97.11,86.0,88.65883,Excel
INT1668,6.68,3.33,62.07,75.08,63.27829,Average
INT1669,1.78,3.55,60.65,82.55,78.21048,Average
INT1670,5.69,1.0,68.0,41.65,43.33775,Struggle
INT1671,2.99,3.15,73.86,60.68,69.923904,Average
INT1672,6.53,1.0,80.23,47.14,39.643356,Struggle
INT1673,6.65,1.8,,48.25,36.51121,Struggle
INT1674,5.39,5.0,77.71,70.54,72.264465,Average
INT1675,5.37,1.0,67.57,42.79,45.159485,Struggle
INT1676,2.97,2.68,43.17,72.67,76.34441,Average
INT1677,1.79,1.24,54.07,65.0,60.866592,Average
INT1678,3.71,2.47,73.31,79.13,66.32413,Average
INT1679,2.26,2.94,,79.24,77.00362,Average
INT1680,5.56,1.8,31.86,45.56,42.980698,Struggle
INT1681,2.8,2.46,85.27,58.7,75.2099,Average
INT1682,6.46,3.55,90.99,45.01,58.3265,Struggle
INT1683,4.97,2.81,83.04,68.56,65.77971,Average
INT1684,6.25,1.08,50.65,40.12,39.10245,Struggle
INT1685,1.88,5.0,37.36,86.67,96.210945,Excel
INT1686,,2.66,30.46,52.03,57.161953,Struggle
INT1687,6.84,1.0,61.68,30.48,35.116146,Struggle
INT1688,4.12,3.72,98.13,85.87,82.359085,Excel
INT1689,4.2,1.0,82.58,56.72,53.439384,Struggle
INT1690,5.2,2.61,64.85,66.03,64.117096,Average
INT1691,2.33,3.72,96.48,72.56,79.089905,Average
INT1692,3.72,3.08,87.03,72.74,72.59003,Average
INT1693,2.92,3.09,64.23,76.2,70.1171,Average
INT1694,2.29,3.71,30.14,94.82,84.61148,Excel
INT1695,3.6,2.84,59.97,53.35,59.89734,Struggle
INT1696,1.13,1.0,98.55,80.7,79.416794,Average
INT1697,1.43,1.86,2.27,78.95,75.14642,Average
INT1698,1.36,2.71,94.8,100.0,93.00768,Excel
INT1699,6.57,2.61,67.32,63.13,57.565598,Struggle
INT1700,4.42,1.0,93.04,58.31,56.65571,Struggle
INT1701,7.0,1.0,52.69,28.83,34.69911,Struggle
INT1702,3.1,1.0,99.1,72.47,68.80643,Average
INT1703,2.7,2.23,95.6,60.65,75.02289,Average
INT1704,,1.0,68.16,55.07,55.227753,Struggle
INT1705,4.14,1.0,,59.53,55.4892,Struggle
INT1706,1.8,3.34,87.61,93.42,93.03917,Excel
INT1707,4.75,4.0,95.06,82.66,82.857315,Excel
INT1708,,4.79,65.36,92.62,78.435814,Average
INT1709,4.82,3.3,73.28,57.24,59.526093,Struggle
INT1710,5.04,2.4,93.25,70.87,71.0489,Average
INT1711,,3.43,88.93,94.75,72.316025,Average
INT1712,1.16,2.27,69.67,67.7,72.578186,Average
INT1713,6.16,4.56,53.47,67.08,62.96511,Average
INT1714,3.7,,0.0,61.05,70.614845,Average
INT1715,1.15,2.62,89.1,70.71,81.38259,Excel
INT1716,6.82,2.41,60.34,43.18,52.618694,Struggle
INT1717,1.37,2.9,64.31,59.74,75.49944,Average
INT1718,5.61,5.0,,67.4,70.76745,Average
INT1719,7.0,,72.49,38.28,61.16136,Average
INT1720,2.52,3.85,76.03,64.25,75.934456,Average
INT1721,1.51,1.28,77.24,61.7,70.38858,Average
INT1722,1.38,4.26,66.58,94.14,85.097046,Excel
INT1723,2.82,,58.76,64.57,70.34907,Average
INT1724,1.84,2.29,88.42,88.8,86.8164,Excel
INT1725,5.4,3.08,36.27,60.94,61.16976,Average
INT1726,1.1,1.0,75.29,80.97,72.07937,Average
INT1727,3.66,1.0,82.23,56.35,54.795,Struggle
INT1728,6.86,3.78,70.21,65.26,61.04931,Average
INT1729,6.3,1.31,85.38,51.17,52.485863,Struggle
INT1730,4.74,3.02,13.22,38.2,50.783287,Struggle
INT1731,2.66,3.64,91.93,87.46,76.433556,Average
INT1732,,1.64,1.62,60.23,67.83247,Average
INT1733,3.79,2.03,73.62,57.31,65.876686,Average
INT1734,3.53,4.5,98.48,80.26,80.918015,Excel
INT1735,2.07,1.8,77.37,80.75,65.82178,Average
INT1736,6.79,5.0,72.98,66.89,66.977974,Average
INT1737,3.7,2.49,66.57,76.11,68.8338,Average
INT1738,1.84,3.38,82.88,84.39,91.47991,Excel
INT1739,3.39,5.0,0.0,71.97,79.01366,Average
INT1740,3.74,1.17,30.58,58.53,61.27043,Average
INT1741,5.54,2.09,51.36,42.27,49.026688,Struggle
INT1742,5.75,1.75,30.4,51.79,52.646942,Struggle
INT1743,5.95,2.03,69.79,49.97,52.081566,Struggle
INT1744,1.04,3.94,2.21,100.0,97.46636,Excel
INT1745,3.56,4.06,64.64,76.21,70.9818,Average
INT1746,4.1,1.8,99.2,65.4,61.203556,Average
INT1747,1.3,1.0,1.61,58.16,65.84585,Average
INT1748,2.08,1.97,35.16,51.88,68.727516,Average
INT1749,5.18,1.78,9.95,47.03,48.574623,Struggle
INT1750,1.48,1.0,63.03,64.11,65.177246,Average
INT1751,4.47,2.93,7.98,58.89,56.446465,Struggle
INT1752,2.23,4.0,77.98,89.28,89.56688,Excel
INT1753,1.12,3.75,3.72,94.32,94.29013,Excel
INT1754,2.72,1.0,59.79,62.43,61.721066,Average
INT1755,6.7,1.6,0.0,42.32,42.75532,Struggle
INT1756,6.06,2.83,50.83,48.74,48.762707,Struggle
INT1757,6.7,2.24,91.98,73.25,66.63114,Average
INT1758,3.81,3.36,89.0,84.71,79.350075,Average
INT1759,1.49,2.64,53.16,87.35,70.9751,Average
INT1760,4.75,2.84,68.24,68.14,65.26197,Average
INT1761,4.0,3.58,97.76,87.65,78.65982,Average
INT1762,5.59,1.0,69.6,44.51,47.37587,Struggle
INT1763,2.05,4.86,76.31,80.27,81.85812,Excel
INT1764,4.21,1.8,67.76,59.7,52.559376,Struggle
INT1765,1.55,3.53,79.81,79.11,79.90459,Average
INT1766,2.53,2.54,98.91,81.87,82.9648,Excel
INT1767,5.23,1.83,99.88,59.27,57.933712,Struggle
INT1768,3.98,1.01,9.0,49.69,55.02022,Struggle
INT1769,3.38,1.0,70.22,52.25,61.534424,Average
INT1770,3.15,1.0,0.0,53.8,56.552155,Struggle
INT1771,3.71,1.0,39.25,49.75,57.653973,Struggle
INT1772,5.42,1.0,99.28,47.36,51.725662,Struggle
INT1773,5.9,,85.39,49.75,55.569492,Struggle
INT1774,6.75,1.0,52.27,38.67,38.320835,Struggle
INT1775,5.57,4.75,50.61,75.55,65.98058,Average
INT1776,2.93,3.82,76.02,67.31,76.46486,Average
INT1777,5.58,2.31,71.91,50.16,53.539837,Struggle
INT1778,3.27,2.18,76.15,68.37,67.97254,Average
INT1779,2.03,4.23,59.12,86.02,82.49147,Excel
INT1780,5.63,3.51,51.1,56.95,56.11691,Struggle
INT1781,,1.18,8.47,73.33,65.32354,Average
INT1782,6.62,,95.91,62.03,57.683502,Struggle
INT1783,3.85,4.66,72.71,86.28,82.11712,Excel
INT1784,4.81,4.71,97.27,75.95,79.259514,Average
INT1785,4.81,1.67,86.47,73.28,65.18571,Average
INT1786,6.18,3.48,77.91,75.9,57.84363,Struggle
INT1787,4.7,5.0,79.53,80.84,79.54592,Average
INT1788,4.79,4.12,76.95,63.38,65.07772,Average
INT1789,1.07,2.52,85.35,85.69,85.16307,Excel
INT1790,4.38,1.57,0.0,68.0,66.3474,Average
INT1791,1.98,,83.46,95.42,93.65733,Excel
INT1792,5.19,1.8,56.08,35.25,44.298515,Struggle
INT1793,4.07,4.0,63.28,81.28,81.648994,Excel
INT1794,5.54,1.8,91.8,51.21,51.95807,Struggle
INT1795,1.0,3.68,8.28,82.88,82.68623,Excel
INT1796,1.21,4.0,76.95,99.02,97.003975,Excel
INT1797,5.25,3.5,51.58,46.7,48.68239,Struggle
INT1798,1.57,2.71,61.25,85.51,77.80592,Average
INT1799,1.14,2.33,85.1,64.72,75.57696,Average
INT1800,1.5,3.38,3.83,80.5,85.16318,Excel
INT1801,6.88,1.0,79.92,42.25,42.200798,Struggle
INT1802,5.81,3.25,71.49,53.18,57.01033,Struggle
INT1803,2.95,1.0,33.99,65.35,60.312607,Average
INT1804,3.11,4.77,94.34,97.75,85.15946,Excel
INT1805,2.98,5.0,58.05,86.98,84.24326,Excel
INT1806,5.4,2.26,55.18,38.95,50.72604,Struggle
INT1807,5.38,1.9,50.14,63.86,48.53725,Struggle
INT1808,1.7,2.01,43.57,60.23,72.83526,Average
INT1809,2.48,1.92,57.37,51.39,64.86351,Average
INT1810,1.55,1.8,61.0,60.33,59.924656,Struggle
INT1811,5.45,5.0,50.56,71.97,69.8113,Average
INT1812,5.63,4.0,61.36,75.59,72.54877,Average
INT1813,2.85,3.38,66.64,55.86,71.438805,Average
INT1814,1.0,3.25,5.89,58.21,68.32325,Average
INT1815,1.49,2.76,80.4,74.28,68.73187,Average
INT1816,7.0,2.86,78.44,51.91,51.990208,Struggle
INT1817,3.05,4.08,54.85,71.66,70.39507,Average
INT1818,5.28,1.0,79.75,54.43,49.634922,Struggle
INT1819,4.67,3.83,99.93,81.76,81.02903,Excel
INT1820,3.21,1.0,97.22,66.99,65.162224,Average
INT1821,1.83,4.0,50.13,84.0,85.986916,Excel
INT1822,1.67,5.0,89.77,92.82,94.50032,Excel
INT1823,5.0,3.55,0.0,57.87,60.960476,Average
INT1824,5.45,4.96,,66.54,69.19112,Average
INT1825,4.79,4.07,64.8,75.61,69.57834,Average
INT1826,4.64,1.16,66.09,55.54,50.55446,Struggle
INT1827,1.0,3.96,7.21,78.03,82.01627,Excel
INT1828,,4.54,83.05,71.43,74.14586,Average
INT1829,6.03,1.8,87.45,49.05,46.725895,Struggle
INT1830,3.02,1.0,62.3,53.46,54.17098,Struggle
INT1831,7.0,1.0,32.05,45.31,41.244724,Struggle
INT1832,4.84,2.2,65.42,71.31,62.1317,Average
INT1833,4.05,3.89,68.14,75.41,74.62632,Average
INT1834,5.52,3.68,99.98,85.9,68.9921,Average
INT1835,6.15,3.93,88.9,63.55,68.468315,Average
INT1836,4.53,2.2,98.75,56.88,70.16442,Average
INT1837,1.28,2.35,84.66,84.87,83.74735,Excel
INT1838,3.34,3.91,70.31,85.86,77.21312,Average
INT1839,6.78,1.0,69.49,39.06,41.241688,Struggle
INT1840,2.26,2.49,74.43,60.63,67.264496,Average
INT1841,3.67,1.0,70.84,49.55,60.236744,Average
INT1842,3.86,4.97,91.42,79.85,81.50617,Excel
INT1843,4.11,4.0,46.75,88.22,84.74389,Excel
INT1844,5.11,,64.78,64.62,66.33919,Average
INT1845,6.64,3.93,88.74,77.77,67.523,Average
INT1846,,2.85,92.72,59.3,67.2192,Average
INT1847,1.9,5.0,71.02,91.55,91.251686,Excel
INT1848,2.49,5.0,83.39,93.58,92.21966,Excel
INT1849,6.61,2.06,52.94,37.66,42.194626,Struggle
INT1850,4.52,4.69,76.47,84.11,74.82079,Average
INT1851,2.45,2.95,17.86,62.58,67.551315,Average
INT1852,5.67,4.36,51.46,71.23,63.77528,Average
INT1853,6.49,5.0,80.65,70.71,68.45094,Average
INT1854,6.39,3.83,65.17,66.94,63.047184,Average
INT1855,6.51,3.05,87.13,65.35,60.824146,Average
INT1856,2.59,1.8,94.8,61.6,64.52547,Average
INT1857,5.86,4.73,8.61,54.88,62.536514,Average
INT1858,3.57,3.23,59.46,70.56,67.6288,Average
INT1859,5.6,3.17,75.73,66.2,61.425457,Average
INT1860,5.35,4.83,55.61,69.47,65.65342,Average
INT1861,6.07,,0.0,78.15,64.51614,Average
INT1862,5.23,1.86,80.47,41.04,50.960495,Struggle
INT1863,1.93,5.0,75.78,89.33,87.57457,Excel
INT1864,3.83,5.0,96.32,88.31,90.09773,Excel
INT1865,7.0,4.96,76.05,62.69,63.482018,Average
INT1866,6.95,1.32,99.53,47.37,49.056374,Struggle
INT1867,1.42,,2.41,64.47,77.781685,Average
INT1868,1.92,1.88,30.55,52.41,60.963535,Average
INT1869,1.41,2.51,73.52,79.09,78.12763,Average
INT1870,5.77,3.32,59.12,64.16,59.874313,Struggle
INT1871,5.69,5.0,79.86,78.72,76.69678,Average
INT1872,2.0,1.59,84.66,78.11,80.19664,Excel
INT1873,4.36,1.33,9.6,63.37,63.42189,Average
INT1874,6.52,3.3,54.89,54.44,54.773182,Struggle
INT1875,5.56,2.3,73.43,68.07,59.924316,Struggle
INT1876,4.37,2.75,54.07,81.58,78.30409,Average
INT1877,4.36,5.0,84.11,82.24,81.85978,Excel
INT1878,3.57,4.31,89.52,64.78,79.400536,Average
INT1879,2.48,5.0,98.12,87.9,91.53731,Excel
INT1880,4.47,4.23,57.44,69.78,66.46672,Average
INT1881,4.78,1.96,76.62,57.21,63.669167,Average
INT1882,6.62,1.0,78.38,46.27,43.945072,Struggle
INT1883,4.51,1.0,8.65,52.5,52.816093,Struggle
INT1884,5.59,1.8,81.36,46.2,47.556625,Struggle
INT1885,1.97,3.67,57.28,85.02,77.25554,Average
INT1886,3.87,2.24,71.82,53.59,61.351257,Average
INT1887,1.0,1.0,1.68,69.96,69.21397,Average
INT1888,2.85,1.19,85.01,68.25,68.4493,Average
INT1889,5.3,2.24,93.15,67.26,63.750317,Average
INT1890,7.0,1.59,25.84,43.67,45.865158,Struggle
INT1891,1.74,2.7,97.58,89.96,89.66465,Excel
INT1892,3.03,1.0,52.96,46.81,52.59518,Struggle
INT1893,5.92,2.3,99.19,50.11,56.323902,Struggle
INT1894,2.27,2.8,92.89,86.24,86.25008,Excel
INT1895,4.73,3.95,83.01,66.11,67.513115,Average
INT1896,5.78,2.98,86.75,56.48,58.883183,Struggle
INT1897,4.35,2.87,53.63,41.73,56.87923,Struggle
INT1898,1.71,3.58,52.07,82.15,72.836494,Average
INT1899,2.92,3.57,55.09,70.81,75.312775,Average
INT1900,6.19,1.8,54.37,41.72,33.65321,Struggle
INT1901,3.85,2.86,46.92,51.15,57.223537,Struggle
INT1902,1.2,4.0,9.72,93.98,90.17828,Excel
INT1903,5.68,3.52,93.01,72.96,66.244835,Average
INT1904,1.36,1.0,6.18,81.68,72.694725,Average
INT1905,5.19,2.81,61.99,69.64,64.22099,Average
INT1906,1.94,3.83,82.64,85.9,84.28712,Excel
INT1907,6.68,3.92,65.99,66.67,62.565216,Average
INT1908,2.81,2.71,62.16,66.31,67.281906,Average
INT1909,2.53,3.52,67.12,66.71,77.990265,Average
INT1910,1.48,1.0,89.83,60.57,64.48515,Average
INT1911,2.9,3.71,79.31,95.66,87.693474,Excel
INT1912,6.16,3.21,0.0,60.06,58.62228,Struggle
INT1913,6.77,1.61,90.89,44.5,51.205223,Struggle
INT1914,3.03,5.0,,76.88,83.919754,Excel
INT1915,3.4,3.66,84.96,88.1,73.76776,Average
INT1916,5.24,4.0,71.96,76.35,73.50491,Average
INT1917,6.02,4.3,86.56,70.8,70.168144,Average
INT1918,4.76,2.99,96.37,89.94,77.14334,Average
INT1919,2.97,1.0,87.5,60.29,62.871502,Average
INT1920,3.93,3.37,39.22,87.5,74.80812,Average
INT1921,4.76,5.0,57.55,64.79,72.55076,Average
INT1922,1.46,1.0,0.0,75.21,68.88603,Average
INT1923,5.05,1.8,,43.84,44.316277,Struggle
INT1924,,5.0,53.77,86.57,76.69719,Average
INT1925,6.18,2.98,6.32,49.52,50.550224,Struggle
INT1926,1.2,3.48,64.59,91.85,85.92235,Excel
INT1927,4.21,1.8,52.44,41.01,44.67695,Struggle
INT1928,3.64,1.88,95.14,59.39,63.916683,Average
INT1929,,4.46,74.16,63.58,74.19282,Average
INT1930,1.2,1.75,24.11,62.76,61.757908,Average
INT1931,4.56,5.0,85.82,71.83,79.39986,Average
INT1932,3.9,3.06,94.3,76.36,73.35677,Average
INT1933,4.24,1.11,50.02,38.46,41.028503,Struggle
INT1934,4.37,2.45,84.39,53.19,63.188988,Average
INT1935,5.17,1.0,88.35,66.47,56.037666,Struggle
INT1936,6.32,3.34,60.5,44.6,49.444324,Struggle
INT1937,2.64,2.17,74.48,89.41,76.53947,Average
INT1938,5.88,4.26,8.33,51.8,68.210266,Average
INT1939,3.86,,87.34,56.15,69.66682,Average
INT1940,1.74,1.0,92.37,87.25,74.63676,Average
INT1941,,1.8,15.97,57.06,50.8592,Struggle
INT1942,3.47,1.8,90.82,67.38,66.27674,Average
INT1943,5.63,,88.58,50.42,61.32894,Average
INT1944,5.06,4.0,67.35,74.26,73.27905,Average
INT1945,6.2,4.5,84.51,76.52,74.6739,Average
INT1946,4.54,4.11,50.0,68.72,65.73017,Average
INT1947,3.78,2.14,96.59,69.85,69.256874,Average
INT1948,1.4,2.89,,68.29,72.46728,Average
INT1949,3.22,3.0,81.02,77.29,74.4009,Average
INT1950,3.44,5.0,83.23,81.46,88.8675,Excel
INT1951,1.42,3.97,78.07,100.0,94.3696,Excel
INT1952,1.98,1.0,57.68,62.79,62.620262,Average
INT1953,4.61,2.0,52.55,47.6,48.691734,Struggle
INT1954,5.65,4.58,95.39,77.49,74.237854,Average
INT1955,6.76,5.0,55.97,65.24,64.57014,Average
INT1956,7.0,2.39,58.56,62.91,56.609547,Struggle
INT1957,4.55,2.71,95.68,76.44,73.66076,Average
INT1958,3.1,3.82,84.08,94.4,89.73386,Excel
INT1959,4.96,3.84,84.96,68.34,73.05491,Average
INT1960,6.06,5.0,99.27,78.83,79.37146,Average
INT1961,2.16,4.67,24.14,94.93,88.99324,Excel
INT1962,3.73,5.0,48.59,86.35,84.34009,Excel
INT1963,5.74,3.04,61.95,48.32,51.88684,Struggle
INT1964,3.78,,81.52,60.42,65.24089,Average
INT1965,4.85,2.19,90.34,74.43,65.43413,Average
INT1966,4.19,1.81,63.15,69.73,56.850655,Struggle
INT1967,2.17,4.31,42.72,93.74,88.630714,Excel
INT1968,3.23,1.8,89.31,63.74,62.063194,Average
INT1969,2.95,1.03,69.27,72.91,68.716736,Average
INT1970,,3.81,3.38,94.1,83.439835,Excel
INT1971,1.0,,7.03,65.29,80.310524,Excel
INT1972,6.12,2.08,80.39,47.98,50.269295,Struggle
INT1973,2.35,2.35,65.73,72.87,70.091,Average
INT1974,4.14,3.29,68.71,79.65,68.37352,Average
INT1975,3.07,1.0,82.12,63.5,59.781162,Struggle
INT1976,6.39,2.44,94.35,71.03,63.31329,Average
INT1977,2.45,2.59,60.02,67.83,70.37491,Average
INT1978,4.03,5.0,62.3,78.43,78.49204,Average
INT1979,6.5,4.47,97.64,62.81,65.99393,Average
INT1980,6.12,1.1,56.76,46.33,45.067795,Struggle
INT1981,1.84,1.8,59.56,60.34,59.411377,Struggle
INT1982,,1.0,71.03,36.09,58.465363,Struggle
INT1983,4.02,2.93,79.48,76.33,66.69477,Average
INT1984,4.22,1.23,42.61,55.49,57.28399,Struggle
INT1985,1.54,1.57,64.6,74.23,71.33046,Average
INT1986,1.64,2.36,96.03,91.71,89.46771,Excel
INT1987,4.97,1.0,95.75,62.77,60.140102,Average
INT1988,3.5,,69.6,56.19,67.53012,Average
INT1989,3.67,5.0,71.71,79.61,80.21153,Excel
INT1990,5.1,5.0,54.79,80.2,73.23835,Average
INT1991,5.17,1.8,83.15,47.82,48.290028,Struggle
INT1992,2.18,3.22,69.11,63.09,74.08953,Average
INT1993,4.66,4.64,33.83,82.61,74.10442,Average
INT1994,,2.75,67.4,56.1,63.42155,Average
INT1995,5.67,4.71,61.77,74.37,72.467285,Average
INT1996,5.17,1.8,72.91,42.95,45.298054,Struggle
INT1997,6.55,2.49,48.26,74.89,65.90443,Average
INT1998,1.17,1.0,87.1,79.01,75.16858,Average
INT1999,1.44,4.0,88.94,98.67,95.61973,Excel
INT2000,2.39,1.27,68.74,62.33,67.23768,Average
INT2001,2.89,5.0,88.23,80.09,87.845566,Excel
INT2002,2.5,2.12,50.33,45.98,66.035545,Average
INT2003,6.17,2.77,73.85,41.9,42.54464,Struggle
INT2004,2.63,4.89,89.7,93.3,86.58284,Excel
INT2005,3.08,2.11,81.5,81.45,67.983444,Average
INT2006,5.14,4.51,73.7,75.33,69.30869,Average
INT2007,3.31,2.52,82.23,69.0,69.42129,Average
INT2008,6.0,4.28,56.47,82.17,66.88368,Average
INT2009,1.0,2.6,78.32,84.08,82.3883,Excel
INT2010,,3.92,54.41,95.68,80.01974,Excel
INT2011,1.05,5.0,2.23,100.0,96.61674,Excel
INT2012,1.35,2.12,,74.37,77.73355,Average
INT2013,6.51,3.54,78.67,67.29,55.564247,Struggle
INT2014,1.85,4.19,20.36,86.43,83.515236,Excel
INT2015,4.6,1.0,68.72,55.17,52.041344,Struggle
INT2016,3.74,5.0,78.27,74.21,84.7685,Excel
INT2017,3.56,2.09,89.86,63.0,66.74343,Average
INT2018,6.38,5.0,36.7,67.6,68.74685,Average
INT2019,1.0,3.3,2.61,80.73,80.165504,Excel
INT2020,5.44,1.8,37.4,36.98,42.741653,Struggle
INT2021,6.28,2.4,87.23,49.36,57.711067,Struggle
INT2022,4.64,3.11,70.95,65.6,64.26256,Average
INT2023,6.15,5.0,46.67,63.65,68.65867,Average
INT2024,1.57,5.0,90.13,100.0,95.5065,Excel
INT2025,3.95,1.0,64.81,60.02,55.398987,Struggle
INT2026,2.45,1.0,54.84,53.54,61.518284,Average
INT2027,5.12,4.8,76.01,66.43,68.63114,Average
INT2028,6.62,4.06,40.13,53.61,55.192596,Struggle
INT2029,2.53,1.0,89.86,80.57,69.87035,Average
INT2030,4.6,2.04,98.42,66.79,67.22729,Average
INT2031,2.36,2.81,52.77,69.13,67.18138,Average
INT2032,4.26,3.15,79.58,65.12,66.01383,Average
INT2033,3.6,,84.06,82.89,73.60889,Average
INT2034,6.79,3.98,66.12,61.6,61.71968,Average
INT2035,4.69,3.51,97.13,89.02,80.73313,Excel
INT2036,2.74,4.77,65.03,74.84,81.44223,Excel
INT2037,1.89,3.55,76.09,66.58,76.47567,Average
INT2038,2.29,5.0,0.0,88.44,85.299835,Excel
INT2039,2.13,2.23,41.62,75.22,72.41758,Average
INT2040,2.19,1.0,79.26,60.89,66.45107,Average
INT2041,,1.49,86.26,60.95,65.25991,Average
INT2042,,1.0,59.51,64.86,56.13663,Struggle
INT2043,3.68,5.0,85.71,85.57,84.68662,Excel
INT2044,1.81,1.81,,75.21,72.70557,Average
INT2045,5.9,3.71,63.68,73.18,70.81821,Average
INT2046,5.01,1.8,57.19,38.37,42.85396,Struggle
INT2047,1.89,3.38,58.13,73.29,72.71197,Average
INT2048,5.04,4.0,58.14,79.58,74.96827,Average
INT2049,4.66,5.0,94.54,87.77,88.262184,Excel
INT2050,1.17,1.0,53.8,60.2,63.402046,Average
INT2051,4.07,2.91,90.08,66.18,66.5799,Average
INT2052,3.91,,61.68,56.29,61.670197,Average
INT2053,1.57,3.4,73.42,84.55,84.59885,Excel
INT2054,,4.83,95.8,68.27,76.314835,Average
INT2055,6.49,3.0,79.3,67.64,62.069527,Average
INT2056,4.67,2.04,60.51,55.6,59.422024,Struggle
INT2057,4.0,5.0,64.2,73.19,75.942375,Average
INT2058,3.42,1.75,96.02,74.84,76.18254,Average
INT2059,5.16,1.0,71.36,50.5,46.347385,Struggle
INT2060,4.48,3.06,79.35,65.31,66.41308,Average
INT2061,1.0,5.0,73.0,95.11,94.11313,Excel
INT2062,3.76,2.17,68.92,76.58,66.901634,Average
INT2063,5.81,3.11,61.16,58.91,54.649117,Struggle
INT2064,4.19,5.0,84.31,74.11,77.99601,Average
INT2065,1.15,2.72,85.91,96.99,90.160095,Excel
INT2066,5.85,3.51,63.74,52.81,63.52076,Average
INT2067,1.72,3.13,89.45,77.27,81.07679,Excel
INT2068,2.76,4.71,92.73,94.52,86.700455,Excel
INT2069,2.09,3.45,,96.85,86.90396,Excel
INT2070,3.2,2.09,26.75,62.05,65.37285,Average
INT2071,5.94,4.46,65.2,51.77,63.780827,Average
INT2072,3.77,1.0,,66.27,56.69464,Struggle
INT2073,1.99,1.8,59.93,58.18,59.621128,Struggle
INT2074,6.77,4.0,50.17,71.53,70.30433,Average
INT2075,5.94,1.62,93.54,55.74,56.335762,Struggle
INT2076,6.44,4.3,29.82,68.67,57.469784,Struggle
INT2077,2.66,1.8,70.72,60.67,62.86735,Average
INT2078,3.89,4.79,44.56,74.02,78.511116,Average
INT2079,6.64,1.0,92.41,34.89,40.801525,Struggle
INT2080,5.35,4.86,1.62,68.18,69.40572,Average
INT2081,1.33,3.12,5.12,94.24,91.48187,Excel
INT2082,1.08,2.5,80.85,92.19,85.35554,Excel
INT2083,3.94,1.8,76.36,53.1,51.82196,Struggle
INT2084,6.45,1.0,45.29,39.78,43.484398,Struggle
INT2085,4.12,1.8,62.19,44.63,48.462543,Struggle
INT2086,3.79,2.96,81.2,59.53,67.22461,Average
INT2087,2.08,1.51,72.34,84.69,77.8891,Average
INT2088,4.95,4.86,65.84,73.95,68.678696,Average
INT2089,5.99,2.45,36.35,65.42,52.4488,Struggle
INT2090,3.73,2.2,75.59,72.44,65.19843,Average
INT2091,5.8,3.69,70.84,51.07,60.143665,Average
INT2092,7.0,2.78,89.46,51.85,51.512966,Struggle
INT2093,1.83,2.35,71.24,64.98,69.04065,Average
INT2094,4.49,2.4,63.47,79.38,67.523186,Average
INT2095,2.56,,93.1,85.4,80.50118,Excel
INT2096,6.07,1.8,79.84,47.97,47.50309,Struggle
INT2097,4.83,3.31,79.58,50.46,60.16857,Average
INT2098,4.58,5.0,,76.25,76.30793,Average
INT2099,5.7,5.0,85.94,71.39,78.45893,Average
INT2100,3.61,3.44,65.65,70.79,68.58556,Average
INT2101,6.09,1.63,51.69,45.13,49.310917,Struggle
INT2102,4.46,1.85,90.53,63.12,63.70322,Average
INT2103,1.56,3.92,56.45,91.64,85.95745,Excel
INT2104,5.59,4.99,46.84,72.19,71.67442,Average
INT2105,5.54,1.21,6.49,40.11,41.966732,Struggle
INT2106,2.98,3.39,68.77,81.16,74.13509,Average
INT2107,5.76,2.04,26.83,57.18,54.806053,Struggle
INT2108,6.21,1.99,37.57,52.43,54.77044,Struggle
INT2109,2.56,1.0,82.66,72.04,62.264416,Average
INT2110,6.89,1.0,58.57,33.39,43.783585,Struggle
INT2111,1.34,1.0,68.58,56.3,64.234764,Average
INT2112,2.6,3.69,96.51,93.16,88.8039,Excel
INT2113,1.62,2.87,72.12,68.31,77.241714,Average
INT2114,6.63,5.0,90.13,69.79,72.89517,Average
INT2115,4.9,5.0,96.36,93.25,85.67184,Excel
INT2116,1.93,2.91,59.16,71.17,69.96431,Average
INT2117,3.35,4.49,68.42,71.48,74.923416,Average
INT2118,4.8,3.21,65.87,73.27,65.48765,Average
INT2119,1.54,3.16,98.13,98.12,92.506744,Excel
INT2120,5.95,2.04,,69.62,58.208366,Struggle
INT2121,5.56,2.2,91.86,60.63,59.425972,Struggle
INT2122,3.6,4.42,50.76,54.37,60.440018,Average
INT2123,6.37,4.18,97.71,63.27,61.827385,Average
INT2124,3.02,2.9,0.0,92.4,83.79039,Excel
INT2125,6.62,2.11,88.4,49.81,57.194168,Struggle
INT2126,5.19,5.0,54.08,76.69,72.09808,Average
INT2127,4.63,2.88,8.69,47.42,52.97909,Struggle
INT2128,1.84,,98.11,100.0,91.37091,Excel
INT2129,5.92,3.48,75.03,64.04,57.920795,Struggle
INT2130,3.64,3.65,42.53,63.41,65.928246,Average
INT2131,1.81,5.0,92.0,83.0,91.16411,Excel
INT2132,1.26,1.89,0.0,66.08,66.55329,Average
INT2133,4.6,1.9,44.72,52.65,56.32791,Struggle
INT2134,4.24,1.25,68.79,47.95,54.424152,Struggle
INT2135,5.1,3.06,67.49,40.84,55.89016,Struggle
INT2136,6.35,1.39,65.38,42.74,46.22727,Struggle
INT2137,1.23,5.0,,86.85,90.12149,Excel
INT2138,5.79,2.43,58.65,55.22,53.704845,Struggle
INT2139,2.39,1.0,82.02,67.77,63.08613,Average
INT2140,6.14,4.21,95.97,75.55,74.317696,Average
INT2141,6.38,4.21,40.58,64.13,62.641407,Average
INT2142,,5.0,64.9,84.77,80.44817,Excel
INT2143,5.09,5.0,57.96,60.68,71.274605,Average
INT2144,2.49,1.0,56.96,67.49,58.882263,Struggle
INT2145,3.87,2.7,98.57,77.75,77.65417,Average
INT2146,6.29,4.39,67.46,58.9,66.0235,Average
INT2147,4.13,1.0,64.55,51.59,55.367683,Struggle
INT2148,3.25,1.0,,49.08,59.408,Struggle
INT2149,3.86,3.12,,54.15,60.683582,Average
INT2150,6.12,1.01,42.95,49.88,48.68508,Struggle
INT2151,3.27,3.52,81.5,68.54,76.77656,Average
INT2152,1.95,2.75,85.83,82.03,81.551735,Excel
INT2153,5.25,2.35,0.0,57.11,54.821648,Struggle
INT2154,6.14,,58.25,64.17,58.97408,Struggle
INT2155,1.98,3.18,,90.5,85.620285,Excel
INT2156,2.73,1.18,42.81,70.19,68.35302,Average
INT2157,1.37,1.0,86.16,61.21,69.658325,Average
INT2158,2.71,1.0,78.62,53.42,68.22853,Average
INT2159,4.05,2.37,74.33,64.64,62.18937,Average
INT2160,5.82,2.42,84.9,50.72,58.244797,Struggle
INT2161,4.8,2.31,69.79,56.07,61.130287,Average
INT2162,4.81,3.31,56.31,64.01,61.191193,Average
INT2163,3.52,2.19,74.44,72.85,69.43172,Average
INT2164,6.46,2.72,42.25,47.03,51.34019,Struggle
INT2165,4.11,1.38,60.1,62.21,61.918644,Average
INT2166,6.58,4.26,96.78,64.28,67.42307,Average
INT2167,5.03,5.0,28.22,71.34,73.02851,Average
INT2168,1.36,5.0,70.46,90.03,88.98513,Excel
INT2169,5.45,3.01,57.75,57.5,58.8281,Struggle
INT2170,2.6,3.25,53.46,70.95,69.91878,Average
INT2171,5.28,1.46,9.87,49.18,53.23429,Struggle
INT2172,1.53,3.52,38.26,93.76,86.86461,Excel
INT2173,2.33,1.0,61.23,50.66,57.23671,Struggle
INT2174,6.18,5.0,52.69,65.51,66.151474,Average
INT2175,1.92,4.46,20.79,88.07,83.82086,Excel
INT2176,6.23,,82.05,65.57,58.77405,Struggle
INT2177,2.56,1.0,0.0,56.93,56.93327,Struggle
INT2178,4.68,5.0,52.37,60.78,70.58139,Average
INT2179,5.65,1.0,,64.54,47.3481,Struggle
INT2180,4.17,1.0,58.49,48.56,53.87149,Struggle
INT2181,3.04,1.11,96.54,72.15,71.3707,Average
INT2182,2.31,4.0,36.24,94.37,92.332184,Excel
INT2183,1.47,3.0,1.68,82.54,80.048096,Excel
INT2184,,3.45,52.07,70.2,69.02007,Average
INT2185,5.08,2.09,93.84,53.16,61.908123,Average
INT2186,7.0,3.66,68.54,59.93,56.489975,Struggle
INT2187,,1.81,70.37,62.69,57.23309,Struggle
INT2188,5.81,1.46,0.0,67.31,66.41259,Average
INT2189,6.03,1.04,96.12,64.19,61.89045,Average
INT2190,4.87,1.74,84.63,63.96,63.451965,Average
INT2191,2.52,3.17,62.38,73.25,70.70747,Average
INT2192,6.91,2.73,59.25,35.82,54.42408,Struggle
INT2193,4.55,5.0,61.52,75.59,76.11242,Average
INT2194,4.2,1.36,63.18,66.72,62.020943,Average
INT2195,1.66,1.0,61.51,66.58,67.325874,Average
INT2196,3.18,4.4,59.36,68.39,71.57391,Average
INT2197,4.16,2.22,55.8,78.34,62.35268,Average
INT2198,5.98,1.0,9.36,36.66,43.144474,Struggle
INT2199,,1.17,81.25,57.63,59.962463,Struggle
INT2200,3.6,4.52,64.54,78.28,73.172066,Average
INT2201,6.64,1.26,53.26,43.48,46.084682,Struggle
INT2202,1.82,4.97,54.09,83.75,79.98074,Average
INT2203,3.86,2.32,56.3,53.28,60.85253,Average
INT2204,1.54,4.85,2.63,93.78,88.35708,Excel
INT2205,5.72,1.0,82.89,42.58,44.753902,Struggle
INT2206,6.1,1.0,53.23,32.38,43.17361,Struggle
INT2207,2.26,2.59,38.51,92.4,85.911415,Excel
INT2208,5.96,1.33,63.93,53.96,52.264492,Struggle
INT2209,2.29,2.21,78.9,64.61,69.99246,Average
INT2210,6.46,1.0,41.23,40.75,44.22453,Struggle
INT2211,5.41,2.47,74.06,61.93,55.5086,Struggle
INT2212,5.89,2.04,65.73,58.58,57.95716,Struggle
INT2213,1.0,3.97,0.36,96.32,95.611305,Excel
INT2214,6.77,5.0,87.12,76.09,70.03464,Average
INT2215,5.19,4.34,93.99,72.64,76.12522,Average
INT2216,2.53,3.57,69.55,81.62,79.18273,Average
INT2217,6.13,3.76,52.93,46.48,57.8635,Struggle
INT2218,2.86,,87.0,86.9,82.13545,Excel
INT2219,6.57,3.01,54.85,48.07,55.92931,Struggle
INT2220,2.05,1.31,97.36,76.04,77.63891,Average
INT2221,5.42,1.0,62.65,44.07,45.874905,Struggle
INT2222,,2.09,87.11,54.81,70.6811,Average
INT2223,1.14,3.38,52.73,55.86,65.64037,Average
INT2224,2.06,3.74,54.17,73.93,80.42025,Excel
INT2225,1.38,3.94,7.04,92.37,88.55629,Excel
INT2226,3.54,3.74,88.45,71.91,76.77593,Average
INT2227,2.67,3.94,62.11,72.58,80.28271,Excel
INT2228,4.24,1.0,68.24,43.14,48.96243,Struggle
INT2229,2.48,4.8,76.28,77.73,82.207664,Excel
INT2230,3.08,1.09,21.86,56.33,58.326225,Struggle
INT2231,5.22,4.26,41.84,62.45,68.9172,Average
INT2232,1.24,2.91,4.92,96.75,93.062195,Excel
INT2233,6.07,1.0,59.16,36.87,47.328365,Struggle
INT2234,6.29,1.0,68.42,47.27,37.160313,Struggle
INT2235,5.24,2.69,57.4,53.13,55.61538,Struggle
INT2236,4.42,4.0,81.79,82.44,79.541336,Average
INT2237,6.63,4.89,59.41,68.59,61.81659,Average
INT2238,1.85,2.59,95.6,96.11,88.50966,Excel
INT2239,1.66,2.13,89.66,78.92,80.077446,Excel
INT2240,2.67,3.97,58.81,92.46,83.95047,Excel
INT2241,6.24,2.21,90.87,49.11,51.777447,Struggle
INT2242,1.0,1.01,0.94,59.95,62.96865,Average
INT2243,4.09,3.42,96.12,81.06,75.52549,Average
INT2244,6.73,5.0,,77.48,69.11426,Average
INT2245,5.75,1.16,89.26,41.41,54.484383,Struggle
INT2246,3.8,1.0,54.25,46.81,50.256638,Struggle
INT2247,1.21,2.73,79.14,67.27,69.37959,Average
INT2248,5.9,1.0,91.06,48.55,48.34689,Struggle
INT2249,4.99,1.8,93.08,55.55,54.243298,Struggle
INT2250,1.39,5.0,51.43,88.94,88.135345,Excel
INT2251,2.03,3.47,96.96,88.29,88.98978,Excel
INT2252,6.77,3.11,52.17,60.58,51.245594,Struggle
INT2253,,2.1,80.73,76.25,65.00638,Average
INT2254,6.41,4.74,84.67,64.16,67.20155,Average
INT2255,6.52,2.19,55.37,57.27,45.16045,Struggle
INT2256,4.72,2.38,,65.55,64.49604,Average
INT2257,4.04,3.86,58.84,66.26,68.47884,Average
INT2258,3.59,3.04,69.23,66.68,65.38024,Average
INT2259,3.33,2.93,55.36,66.88,64.12114,Average
INT2260,3.49,5.0,56.65,87.67,81.760704,Excel
INT2261,5.18,4.73,92.46,83.8,72.06026,Average
INT2262,4.87,3.44,79.37,58.31,63.9111,Average
INT2263,6.43,2.05,58.06,56.99,52.044445,Struggle
INT2264,3.97,1.0,50.76,48.74,48.49925,Struggle
INT2265,4.22,5.0,85.04,74.97,79.536224,Average
INT2266,4.91,1.49,77.51,55.92,61.23637,Average
INT2267,4.3,1.0,48.5,51.92,55.142662,Struggle
INT2268,5.62,1.0,90.66,61.72,53.486008,Struggle
INT2269,2.03,,71.71,79.86,71.93813,Average
INT2270,4.41,2.28,,46.11,61.464836,Average
INT2271,1.22,5.0,97.0,100.0,100.818306,Excel
INT2272,2.84,2.11,77.26,55.75,64.8564,Average
INT2273,3.67,4.0,80.76,91.46,86.41085,Excel
INT2274,4.74,3.63,96.67,74.98,72.48514,Average
INT2275,6.83,3.92,96.58,50.82,54.871326,Struggle
INT2276,4.23,3.36,78.6,56.75,72.567505,Average
INT2277,5.4,2.96,39.5,68.35,60.895454,Average
INT2278,3.74,1.41,99.86,79.35,73.955025,Average
INT2279,5.16,4.49,84.04,69.22,72.50223,Average
INT2280,1.0,,70.42,73.22,78.508194,Average
INT2281,2.39,3.75,77.99,72.03,78.66458,Average
INT2282,3.3,5.0,70.79,88.3,83.3892,Excel
INT2283,4.24,1.0,94.42,67.29,60.57545,Average
INT2284,1.64,1.67,0.0,79.42,78.86553,Average
INT2285,2.24,1.17,91.18,69.93,72.419,Average
INT2286,2.22,5.0,92.01,87.43,88.67829,Excel
INT2287,7.0,5.0,91.22,63.92,70.743454,Average
INT2288,3.27,1.97,86.11,69.73,69.43886,Average
INT2289,4.29,1.0,92.74,56.37,58.068855,Struggle
INT2290,1.99,2.65,69.36,60.35,70.47707,Average
INT2291,5.07,3.51,0.0,57.85,60.579735,Average
INT2292,2.58,2.44,92.12,75.82,75.28817,Average
INT2293,2.37,4.0,40.3,98.82,95.894104,Excel
INT2294,4.02,2.68,56.37,62.26,60.70752,Average
INT2295,1.0,1.83,1.03,64.32,66.961426,Average
INT2296,1.1,5.0,6.13,93.04,96.16079,Excel
INT2297,2.17,1.0,87.55,79.87,68.12353,Average
INT2298,1.51,2.4,0.94,88.07,82.1742,Excel
INT2299,1.78,1.18,60.19,55.4,63.023758,Average
INT2300,3.22,3.33,59.99,70.09,72.37845,Average
INT2301,5.55,4.58,64.06,70.73,68.48094,Average
INT2302,4.9,2.36,89.65,68.45,70.21236,Average
INT2303,4.24,3.18,74.44,64.9,67.4538,Average
INT2304,2.46,2.5,86.58,84.03,77.36057,Average
INT2305,6.84,3.64,39.83,71.07,50.24513,Struggle
INT2306,3.05,3.7,67.36,60.03,71.06008,Average
INT2307,1.08,3.82,92.07,87.11,84.3839,Excel
INT2308,4.73,5.0,51.77,80.15,74.024994,Average
INT2309,1.73,1.49,98.74,71.97,79.240166,Average
INT2310,2.76,5.0,82.41,85.3,85.40506,Excel
INT2311,3.89,3.26,71.62,69.48,68.26119,Average
INT2312,6.7,5.0,81.4,68.91,67.02613,Average
INT2313,3.75,4.0,56.14,59.62,78.422325,Average
INT2314,4.87,2.06,75.7,58.28,61.46428,Average
INT2315,7.0,3.54,99.25,62.43,62.251972,Average
INT2316,1.59,2.66,61.76,61.16,62.843372,Average
INT2317,2.83,,86.11,70.72,82.61155,Excel
INT2318,3.1,1.0,71.75,56.71,59.820007,Struggle
INT2319,3.58,2.63,53.35,52.39,55.34585,Struggle
INT2320,3.36,4.68,60.24,82.08,79.86409,Average
INT2321,6.91,4.33,73.52,54.34,57.641884,Struggle
INT2322,5.21,2.88,99.0,84.8,77.64942,Average
INT2323,4.73,3.16,59.76,48.82,55.376816,Struggle
INT2324,3.3,4.95,45.71,75.52,75.64255,Average
INT2325,6.43,1.8,78.78,45.61,43.78601,Struggle
INT2326,6.33,4.96,78.25,67.65,65.540215,Average
INT2327,6.26,3.93,80.76,71.93,67.76642,Average
INT2328,1.0,1.8,0.0,62.76,59.903664,Struggle
INT2329,4.91,3.65,17.12,76.12,57.195385,Struggle
INT2330,1.19,1.0,95.0,75.73,75.98854,Average
INT2331,2.45,1.45,91.35,87.85,78.03912,Average
INT2332,1.02,2.94,30.12,98.89,91.796715,Excel
INT2333,4.69,4.0,70.66,78.86,77.868996,Average
INT2334,5.17,2.83,88.53,88.37,73.184814,Average
INT2335,1.38,1.0,99.0,83.43,83.34262,Excel
INT2336,3.34,1.0,0.0,66.55,52.640327,Struggle
INT2337,4.21,2.55,94.97,65.8,67.22605,Average
INT2338,3.42,2.8,57.92,69.54,73.550896,Average
INT2339,1.71,3.97,95.72,96.46,96.03956,Excel
INT2340,,,67.33,58.75,64.47983,Average
INT2341,5.59,4.44,68.85,68.61,63.570408,Average
INT2342,1.07,3.89,,73.89,82.27906,Excel
INT2343,1.53,3.16,46.5,70.92,75.95503,Average
INT2344,2.81,3.45,60.47,79.1,75.038864,Average
INT2345,6.92,1.0,63.04,51.22,34.65968,Struggle
INT2346,5.48,3.25,28.52,67.57,58.99009,Struggle
INT2347,4.93,2.42,57.06,38.78,51.630783,Struggle
INT2348,3.1,3.96,72.01,78.77,79.23518,Average
INT2349,4.48,2.06,64.1,46.49,60.092094,Average
INT2350,1.0,2.58,0.21,72.25,78.95079,Average
INT2351,5.11,3.42,24.95,63.78,56.984383,Struggle
INT2352,6.6,2.42,95.87,78.23,64.71472,Average
INT2353,,3.61,73.33,62.64,70.409584,Average
INT2354,6.58,1.31,26.42,52.2,47.89812,Struggle
INT2355,5.03,1.15,86.98,61.88,59.667866,Struggle
INT2356,2.2,2.65,55.35,62.42,62.344227,Average
INT2357,,4.0,71.91,69.34,79.181114,Average
INT2358,1.52,5.0,56.57,82.36,88.439926,Excel
INT2359,3.78,1.0,99.38,58.33,61.001953,Average
INT2360,1.69,3.66,40.8,78.05,77.47671,Average
INT2361,1.37,3.9,2.49,98.87,87.70053,Excel
INT2362,3.51,3.95,36.32,67.08,67.01251,Average
INT2363,3.17,3.33,73.49,81.05,66.60901,Average
INT2364,4.0,1.0,53.01,51.31,50.556534,Struggle
INT2365,4.89,1.43,3.17,69.45,66.31143,Average
INT2366,1.74,2.41,8.91,64.18,71.94507,Average
INT2367,1.69,5.0,80.27,93.52,93.22308,Excel
INT2368,4.42,1.0,54.71,54.7,51.636143,Struggle
INT2369,3.39,3.73,94.2,65.49,74.08741,Average
INT2370,5.1,3.36,77.19,78.75,69.570656,Average
INT2371,5.27,1.0,52.01,39.25,42.841236,Struggle
INT2372,6.16,3.39,96.0,60.32,63.77095,Average
INT2373,5.38,1.0,,61.26,51.773907,Struggle
INT2374,3.16,,93.43,67.81,77.99409,Average
INT2375,5.31,2.65,92.84,88.44,75.7643,Average
INT2376,2.46,3.8,0.0,86.85,78.87904,Average
INT2377,3.15,2.06,,46.72,64.29856,Average
INT2378,5.74,3.66,62.35,63.82,61.44815,Average
INT2379,3.45,2.11,93.78,75.92,76.9536,Average
INT2380,6.24,4.4,7.0,77.8,72.30358,Average
INT2381,6.2,2.05,,51.72,51.901512,Struggle
INT2382,6.64,3.1,72.0,54.15,55.074745,Struggle
INT2383,6.36,3.8,58.76,52.03,54.928608,Struggle
INT2384,3.74,3.76,98.42,75.75,83.212456,Excel
INT2385,3.02,1.82,37.9,68.74,66.10111,Average
INT2386,4.68,1.8,59.55,48.39,48.836826,Struggle
INT2387,2.77,3.02,50.46,88.74,71.065834,Average
INT2388,4.4,2.61,62.14,57.04,62.10768,Average
INT2389,5.64,5.0,96.94,91.06,84.2897,Excel
INT2390,5.05,2.84,50.55,40.56,48.959675,Struggle
INT2391,3.71,3.53,21.72,72.97,66.90001,Average
INT2392,1.71,4.56,75.24,94.71,86.76544,Excel
INT2393,4.08,2.65,74.4,79.14,59.53226,Struggle
INT2394,2.06,5.0,58.17,90.95,90.18414,Excel
INT2395,6.62,4.0,74.73,71.82,68.463936,Average
INT2396,2.98,1.44,70.58,61.12,71.75564,Average
INT2397,2.34,2.4,94.52,90.93,78.636246,Average
INT2398,1.2,1.43,7.19,57.83,67.402054,Average
INT2399,5.05,2.94,62.88,66.95,60.06599,Average
INT2400,4.41,1.0,81.22,51.64,53.493874,Struggle
INT2401,3.17,1.97,57.59,76.57,70.70963,Average
INT2402,1.81,,,77.07,76.323845,Average
INT2403,3.14,4.24,76.91,64.36,73.75076,Average
INT2404,3.11,2.88,61.74,56.1,63.429256,Average
INT2405,4.59,3.99,65.06,80.58,75.96129,Average
INT2406,5.06,2.89,62.26,48.27,61.719913,Average
INT2407,3.67,1.0,82.51,56.51,54.795,Struggle
INT2408,2.16,2.67,77.68,67.36,68.13905,Average
INT2409,6.54,4.0,26.28,65.93,68.685265,Average
INT2410,3.88,3.92,53.38,91.32,80.92136,Excel
INT2411,4.66,2.62,56.7,77.18,63.906208,Average
INT2412,1.82,5.0,54.06,87.66,86.93931,Excel
INT2413,3.68,1.0,94.49,61.56,61.912197,Average
INT2414,1.14,4.0,0.73,100.0,98.68987,Excel
INT2415,3.55,3.17,97.53,64.51,67.1515,Average
INT2416,6.33,1.8,57.41,28.61,33.912933,Struggle
INT2417,2.83,1.0,99.68,63.64,67.578445,Average
INT2418,1.35,2.29,8.21,89.34,78.74217,Average
INT2419,1.25,2.12,4.93,94.09,88.25573,Excel
INT2420,3.06,1.0,75.76,64.87,63.589916,Average
INT2421,2.11,,28.23,91.21,76.22911,Average
INT2422,1.52,1.74,8.47,83.5,80.90805,Excel
INT2423,5.32,1.4,82.2,46.45,52.44546,Struggle
INT2424,4.08,3.66,54.58,66.15,69.76789,Average
INT2425,2.9,3.52,11.56,75.18,71.223335,Average
INT2426,5.93,4.13,29.13,65.79,64.63161,Average
INT2427,1.58,2.64,48.55,82.12,81.03519,Excel
INT2428,6.75,2.37,80.7,60.73,56.951633,Struggle
INT2429,3.11,1.87,74.98,67.2,64.599594,Average
INT2430,6.12,2.58,40.85,56.62,58.038372,Struggle
INT2431,,5.0,76.59,85.65,85.05007,Excel
INT2432,6.14,1.0,75.82,40.85,42.468166,Struggle
INT2433,,2.55,50.97,62.52,62.265667,Average
INT2434,2.33,4.05,64.12,69.77,76.21995,Average
INT2435,6.45,1.01,52.66,34.82,38.267082,Struggle
INT2436,3.33,4.0,95.01,92.87,89.67791,Excel
INT2437,3.3,1.93,86.26,74.65,68.93828,Average
INT2438,3.31,2.13,99.81,77.77,78.96483,Average
INT2439,4.48,1.8,41.58,55.12,50.738426,Struggle
INT2440,1.62,1.0,93.92,70.65,73.24912,Average
INT2441,4.41,3.33,0.0,78.79,74.77731,Average
INT2442,3.77,3.26,72.66,65.51,66.960495,Average
INT2443,5.47,4.0,61.13,70.98,72.30825,Average
INT2444,6.26,3.53,86.92,53.72,57.056423,Struggle
INT2445,3.54,1.0,95.21,64.32,60.23078,Average
INT2446,3.15,1.8,61.77,47.05,53.621895,Struggle
INT2447,3.04,2.83,58.77,67.79,66.07136,Average
INT2448,2.28,5.0,84.81,96.7,90.4235,Excel
INT2449,1.0,,98.85,94.21,92.57653,Excel
INT2450,2.93,2.03,87.5,71.35,72.20548,Average
INT2451,2.13,5.0,64.23,87.74,86.796875,Excel
INT2452,6.9,5.0,71.0,66.46,68.9341,Average
INT2453,4.67,1.8,1.03,45.45,46.783348,Struggle
INT2454,3.21,3.27,53.38,87.66,70.40287,Average
INT2455,4.77,1.0,88.57,58.45,56.55461,Struggle
INT2456,2.14,1.0,46.29,60.73,61.73614,Average
INT2457,4.01,2.71,63.75,57.73,61.23921,Average
INT2458,4.53,3.67,96.9,72.44,72.358505,Average
INT2459,4.3,1.0,82.67,69.83,53.72409,Struggle
INT2460,3.56,,98.52,64.85,72.26833,Average
INT2461,6.75,3.29,79.01,43.43,52.41894,Struggle
INT2462,6.77,4.85,91.06,66.88,68.74275,Average
INT2463,5.19,4.76,0.0,84.15,78.85982,Average
INT2464,4.49,3.91,66.87,73.47,71.363144,Average
INT2465,5.06,1.98,98.2,62.42,70.9628,Average
INT2466,1.97,2.78,51.1,62.24,77.34511,Average
INT2467,3.29,2.67,88.44,65.18,69.57516,Average
INT2468,1.0,1.35,6.01,70.32,72.20288,Average
INT2469,3.87,1.21,12.73,65.2,59.146603,Struggle
INT2470,4.26,3.22,44.28,70.48,69.7112,Average
INT2471,2.08,3.62,78.11,81.02,80.8376,Excel
INT2472,6.95,4.52,5.09,62.6,63.79288,Average
INT2473,6.08,1.17,93.31,54.68,58.672794,Struggle
INT2474,4.89,1.32,43.19,53.01,56.641228,Struggle
INT2475,4.08,3.53,52.77,81.89,65.528046,Average
INT2476,6.13,1.4,65.61,47.28,48.625427,Struggle
INT2477,1.6,2.65,0.0,61.26,66.534065,Average
INT2478,5.5,1.5,71.53,51.88,50.650497,Struggle
INT2479,1.59,2.89,83.89,74.41,88.287735,Excel
INT2480,5.43,1.8,,37.63,43.2322,Struggle
INT2481,2.55,,84.02,85.23,81.661125,Excel
INT2482,6.66,5.0,69.7,72.93,71.2692,Average
INT2483,6.38,1.0,89.78,43.09,44.204918,Struggle
INT2484,2.07,1.06,51.84,58.09,65.48721,Average
INT2485,3.42,2.96,58.99,76.0,71.36104,Average
INT2486,6.74,1.8,82.49,46.51,43.164692,Struggle
INT2487,3.72,1.0,97.05,70.66,61.143425,Average
INT2488,6.62,1.06,85.67,42.46,54.74848,Struggle
INT2489,4.46,1.0,89.82,54.12,54.373608,Struggle
INT2490,3.44,3.97,55.94,86.41,79.97831,Average
INT2491,2.81,2.22,83.75,91.55,77.96875,Average
INT2492,1.86,1.0,64.51,65.47,66.96514,Average
INT2493,,1.34,93.49,58.89,66.82004,Average
INT2494,3.17,2.34,87.38,58.55,67.245026,Average
INT2495,3.61,1.1,71.22,44.62,58.991886,Struggle
INT2496,3.75,3.97,85.53,92.43,87.89612,Excel
INT2497,4.3,1.62,65.44,74.7,61.925045,Average
INT2498,5.78,4.77,4.11,60.93,63.01586,Average
INT2499,7.0,5.0,97.62,72.14,69.05034,Average
INT2500,3.3,3.36,66.27,81.09,77.219086,Average
INT2501,6.1,4.03,39.07,63.89,63.578037,Average
INT2502,5.1,1.0,23.33,30.5,46.8015,Struggle
INT2503,4.92,3.35,62.38,51.01,58.13216,Struggle
INT2504,6.41,5.0,94.12,61.37,72.61374,Average
INT2505,2.36,3.3,68.04,73.07,74.108635,Average
INT2506,,5.0,53.12,98.42,79.108925,Average
INT2507,5.79,3.46,83.3,61.88,63.74947,Average
INT2508,3.24,2.83,89.09,94.47,81.73318,Excel
INT2509,5.73,1.61,35.93,40.69,45.153477,Struggle
INT2510,6.11,5.0,2.97,65.44,67.239235,Average
INT2511,1.04,2.09,72.42,71.84,70.97743,Average
INT2512,6.47,2.96,68.24,68.79,59.21502,Struggle
INT2513,3.61,1.8,99.15,64.22,65.40627,Average
INT2514,4.1,1.07,91.75,71.58,62.884544,Average
INT2515,4.31,2.17,73.98,77.23,73.88356,Average
INT2516,6.92,4.33,93.96,58.97,62.28137,Average
INT2517,1.0,1.0,0.0,79.88,67.21168,Average
INT2518,3.72,5.0,5.61,94.92,80.988075,Excel
INT2519,4.7,1.7,,56.02,58.754665,Struggle
INT2520,4.98,3.22,88.62,68.27,65.68531,Average
INT2521,5.33,1.8,72.82,42.15,47.145977,Struggle
INT2522,2.0,3.37,55.37,82.46,77.33268,Average
INT2523,2.98,2.59,63.66,78.79,70.77556,Average
INT2524,3.2,2.42,70.11,69.09,73.5089,Average
INT2525,6.28,1.0,87.46,40.15,44.30585,Struggle
INT2526,2.68,1.37,53.65,75.07,66.46679,Average
INT2527,2.21,1.85,82.98,59.98,65.404366,Average
INT2528,6.49,1.0,85.8,36.83,38.657234,Struggle
INT2529,1.0,5.0,9.94,84.33,88.21372,Excel
INT2530,7.0,1.8,88.03,42.89,44.254,Struggle
INT2531,4.87,1.57,58.91,46.48,55.489555,Struggle
INT2532,5.99,4.41,79.36,60.96,70.956985,Average
INT2533,2.48,,97.06,61.96,73.88999,Average
INT2534,,3.05,2.32,81.15,75.19214,Average
INT2535,5.93,1.4,53.21,50.19,50.277878,Struggle
INT2536,5.82,4.92,86.82,64.71,64.42049,Average
INT2537,5.78,5.0,66.66,64.63,67.89538,Average
INT2538,2.23,1.88,57.32,85.44,66.37209,Average
INT2539,6.02,1.82,95.81,60.92,55.668518,Struggle
INT2540,5.45,1.16,50.54,39.99,42.6743,Struggle
INT2541,5.21,,93.51,53.23,69.91329,Average
INT2542,5.33,3.5,60.93,48.27,56.26503,Struggle
INT2543,6.2,3.78,72.8,71.32,64.283615,Average
INT2544,4.88,1.0,92.62,54.93,55.208466,Struggle
INT2545,1.77,1.03,91.2,75.21,74.28988,Average
INT2546,3.64,1.0,94.6,54.81,61.912197,Average
INT2547,1.82,3.22,97.02,92.91,90.90039,Excel
INT2548,3.37,3.52,45.09,77.11,78.48909,Average
INT2549,3.16,3.37,82.82,73.52,72.93706,Average
INT2550,1.44,5.0,69.52,95.7,93.96586,Excel
INT2551,3.45,4.55,,66.2,75.22186,Average
INT2552,2.14,1.8,71.58,66.77,62.14786,Average
INT2553,6.1,1.96,87.15,52.05,51.174896,Struggle
INT2554,6.2,4.45,75.07,58.96,61.685055,Average
INT2555,1.06,1.45,52.4,84.68,67.66507,Average
INT2556,,2.92,87.26,63.61,64.50697,Average
INT2557,3.74,3.53,51.02,68.03,68.15581,Average
INT2558,2.68,5.0,46.69,80.18,86.45175,Excel
INT2559,1.3,4.33,71.83,90.52,88.5325,Excel
INT2560,3.61,4.94,40.11,72.24,77.67324,Average
INT2561,6.15,4.91,90.92,72.35,70.657875,Average
INT2562,5.36,1.0,8.83,56.8,49.912388,Struggle
INT2563,1.6,4.51,94.28,98.39,94.29415,Excel
INT2564,1.31,4.0,85.64,100.0,98.636185,Excel
INT2565,3.33,3.34,56.74,71.3,66.420555,Average
INT2566,2.59,3.92,87.73,84.73,85.45264,Excel
INT2567,2.33,3.7,51.92,75.43,75.31323,Average
INT2568,2.8,1.0,51.35,46.89,53.614075,Struggle
INT2569,5.81,4.13,54.17,51.17,59.275986,Struggle
INT2570,6.92,3.12,71.88,43.59,52.365112,Struggle
INT2571,3.83,5.0,61.77,80.68,80.95691,Excel
INT2572,6.41,3.25,99.21,78.63,74.932755,Average
INT2573,2.67,2.24,77.11,60.56,65.187256,Average
INT2574,4.31,1.0,,54.29,55.58959,Struggle
INT2575,2.6,2.38,63.94,71.37,71.86714,Average
INT2576,4.98,,,49.49,62.91866,Average
INT2577,7.0,1.0,66.77,29.12,37.255302,Struggle
INT2578,4.2,2.17,84.94,69.02,69.85475,Average
INT2579,2.72,2.35,73.69,66.44,68.90026,Average
INT2580,4.54,1.0,48.82,48.17,52.089916,Struggle
INT2581,1.39,5.0,79.6,95.0,92.75828,Excel
INT2582,6.25,4.46,88.44,75.26,69.54797,Average
INT2583,3.68,,54.52,68.16,64.188385,Average
INT2584,4.05,5.0,88.84,89.05,83.99355,Excel
INT2585,4.6,1.8,78.16,52.87,53.480804,Struggle
INT2586,4.62,1.05,83.45,54.65,53.626083,Struggle
INT2587,1.0,1.0,66.38,68.71,70.54042,Average
INT2588,5.19,3.86,70.47,75.58,68.5265,Average
INT2589,2.07,3.79,22.62,93.27,83.91626,Excel
INT2590,5.52,5.0,98.96,73.36,76.40272,Average
INT2591,6.24,4.0,74.85,73.09,70.57851,Average
INT2592,5.86,1.55,61.59,67.27,55.74596,Struggle
INT2593,3.97,1.55,,65.86,62.617565,Average
INT2594,4.41,4.3,60.99,56.85,65.07895,Average
INT2595,1.67,,75.37,58.29,72.744,Average
INT2596,5.37,1.0,51.98,37.53,43.89563,Struggle
INT2597,2.6,3.58,95.24,92.9,83.2803,Excel
INT2598,4.4,2.55,90.93,71.86,68.81583,Average
INT2599,2.51,4.81,86.29,75.65,83.66072,Excel
INT2600,2.21,1.23,80.49,82.31,72.30722,Average
INT2601,4.33,1.11,78.99,59.06,56.44111,Struggle
INT2602,1.0,2.7,99.84,88.03,88.179886,Excel
INT2603,5.69,4.48,35.42,51.85,64.73368,Average
INT2604,2.6,2.35,55.18,69.36,66.17487,Average
INT2605,1.0,5.0,6.24,100.0,94.10675,Excel
INT2606,3.71,1.8,71.06,72.56,62.00911,Average
INT2607,1.11,2.41,4.6,92.18,86.35145,Excel
INT2608,2.44,5.0,99.93,96.21,93.50937,Excel
INT2609,5.48,4.26,79.42,77.55,66.50265,Average
INT2610,1.58,4.0,60.23,96.54,88.849655,Excel
INT2611,6.49,1.08,75.18,46.45,45.71532,Struggle
INT2612,1.24,1.0,0.39,68.72,69.0189,Average
INT2613,2.67,1.84,88.72,66.34,66.63395,Average
INT2614,5.64,1.91,50.03,40.08,44.53063,Struggle
INT2615,3.28,2.64,75.25,92.31,59.45731,Struggle
INT2616,1.41,,61.76,84.92,73.849106,Average
INT2617,2.96,1.8,1.61,62.31,60.995995,Average
INT2618,2.86,1.0,57.65,51.18,53.740738,Struggle
INT2619,5.79,1.0,83.32,43.3,46.399277,Struggle
INT2620,3.29,5.0,7.06,78.9,88.13322,Excel
INT2621,5.76,5.0,67.83,63.99,67.74587,Average
INT2622,6.15,4.24,97.03,79.95,73.86958,Average
INT2623,3.88,2.76,62.02,81.07,69.29963,Average
INT2624,,3.41,23.04,41.62,57.604576,Struggle
INT2625,3.72,2.04,53.46,61.28,59.298748,Struggle
INT2626,7.0,1.8,75.23,38.7,41.946938,Struggle
INT2627,1.71,3.24,2.15,79.03,77.69831,Average
INT2628,4.73,3.66,66.36,72.6,66.63288,Average
INT2629,3.72,3.1,84.51,70.71,71.72915,Average
INT2630,3.35,5.0,53.05,73.36,77.302475,Average
INT2631,5.15,3.76,92.87,69.22,71.94535,Average
INT2632,4.9,1.0,6.71,45.61,47.777298,Struggle
INT2633,1.0,,0.14,72.98,75.38312,Average
INT2634,1.57,2.95,96.83,82.26,89.47654,Excel
INT2635,5.29,4.68,67.81,62.97,64.6084,Average
INT2636,5.38,1.66,69.96,50.3,53.66006,Struggle
INT2637,6.34,2.89,87.3,66.26,60.265953,Average
INT2638,5.28,5.0,56.7,68.46,72.35502,Average
INT2639,6.89,3.45,65.7,49.21,53.296364,Struggle
INT2640,5.55,3.79,55.93,69.55,69.252625,Average
INT2641,3.1,1.62,72.74,68.67,71.63896,Average
INT2642,1.92,1.71,77.6,82.31,78.88225,Average
INT2643,,3.86,60.56,66.62,71.21506,Average
INT2644,4.76,5.0,51.33,77.55,73.70761,Average
INT2645,1.77,3.98,1.19,78.36,82.90361,Excel
INT2646,3.65,1.64,23.6,62.79,61.71218,Average
INT2647,6.84,1.46,98.67,45.74,49.700253,Struggle
INT2648,4.21,3.42,25.12,48.01,56.521767,Struggle
INT2649,4.05,1.77,45.67,81.31,71.141594,Average
INT2650,3.7,5.0,71.74,81.92,80.21153,Excel
INT2651,1.89,2.38,52.98,65.01,70.18559,Average
INT2652,3.38,1.0,38.06,58.15,55.53855,Struggle
INT2653,3.68,2.94,75.84,62.82,65.68411,Average
INT2654,1.51,3.62,92.73,85.45,86.519875,Excel
INT2655,5.91,1.96,0.56,49.83,51.21809,Struggle
INT2656,3.42,2.73,53.97,57.89,60.350716,Average
INT2657,5.53,3.74,60.46,65.05,63.537624,Average
INT2658,5.77,1.83,,33.73,49.428562,Struggle
INT2659,2.75,3.96,6.74,68.91,77.02123,Average
INT2660,4.93,5.0,72.84,69.75,74.28688,Average
INT2661,3.34,,99.22,67.94,69.21705,Average
INT2662,,3.21,75.73,58.59,66.04238,Average
INT2663,2.29,5.0,87.09,83.77,89.172386,Excel
INT2664,5.41,1.62,84.15,69.89,63.327766,Average
INT2665,4.7,3.58,92.5,68.23,72.50938,Average
INT2666,2.37,1.39,60.79,65.0,65.947075,Average
INT2667,1.94,5.0,50.4,97.06,88.595055,Excel
INT2668,5.41,4.83,94.07,82.6,75.031715,Average
INT2669,4.96,3.89,,45.51,62.90022,Average
INT2670,3.23,1.0,67.34,56.22,58.76814,Struggle
INT2671,4.61,2.89,98.51,49.11,59.871723,Struggle
INT2672,3.26,1.0,89.04,59.14,59.139515,Struggle
INT2673,5.15,4.13,64.13,61.98,66.17964,Average
INT2674,2.6,1.0,57.07,56.72,56.382538,Struggle
INT2675,6.34,3.95,70.22,46.78,57.51827,Struggle
INT2676,2.67,2.01,74.5,87.12,70.9719,Average
INT2677,3.53,1.18,33.75,57.56,56.655445,Struggle
INT2678,1.0,2.05,63.97,87.29,84.63639,Excel
INT2679,1.26,5.0,83.74,95.9,98.19541,Excel
INT2680,3.62,2.78,88.93,61.02,74.01265,Average
INT2681,2.8,1.92,93.7,91.51,69.68413,Average
INT2682,6.04,3.79,57.77,65.45,66.16972,Average
INT2683,1.47,1.59,0.0,79.83,78.74586,Average
INT2684,3.27,1.0,62.74,53.05,53.936634,Struggle
INT2685,2.74,3.89,,74.8,78.20699,Average
INT2686,1.43,4.0,5.67,100.0,92.388306,Excel
INT2687,1.54,3.36,72.73,79.27,79.811966,Average
INT2688,3.92,3.29,0.0,50.68,59.389675,Struggle
INT2689,3.71,3.53,57.99,68.88,71.2016,Average
INT2690,3.1,,73.65,70.34,71.75778,Average
INT2691,4.18,,88.13,73.41,69.92621,Average
INT2692,4.12,,99.86,85.77,76.975,Average
INT2693,1.0,2.86,5.53,92.08,81.593636,Excel
INT2694,3.78,5.0,93.85,89.66,87.448944,Excel
INT2695,6.5,,87.39,67.88,56.94655,Struggle
INT2696,3.62,5.0,94.77,76.4,87.06844,Excel
INT2697,4.87,2.4,53.81,37.46,50.075066,Struggle
INT2698,2.85,4.14,96.5,93.73,80.10908,Excel
INT2699,5.53,,69.82,73.76,59.406757,Struggle
INT2700,5.28,1.8,,49.63,47.811752,Struggle
INT2701,4.21,2.75,53.79,61.86,64.726616,Average
INT2702,7.0,1.04,85.76,46.46,52.179646,Struggle
INT2703,1.93,3.82,86.78,95.0,85.80969,Excel
INT2704,1.0,3.69,0.32,97.34,93.56538,Excel
INT2705,5.26,1.8,88.44,45.54,49.70933,Struggle
INT2706,5.84,3.51,69.13,71.25,62.740738,Average
INT2707,2.11,1.0,77.86,71.47,69.429,Average
INT2708,2.56,4.99,33.31,87.46,79.59889,Average
INT2709,1.0,2.63,4.69,72.75,79.287476,Average
INT2710,2.35,3.11,62.43,61.94,69.801765,Average
INT2711,6.08,1.0,61.1,45.71,46.445816,Struggle
INT2712,4.35,1.0,56.52,50.62,53.419468,Struggle
INT2713,2.9,2.65,95.31,82.18,78.307625,Average
INT2714,3.03,4.0,95.64,77.16,85.46653,Excel
INT2715,1.41,1.0,0.0,61.38,66.4555,Average
INT2716,2.48,1.25,53.99,50.8,60.608418,Average
INT2717,4.92,2.09,62.26,37.98,47.278664,Struggle
INT2718,7.0,2.98,41.36,60.67,55.88528,Struggle
INT2719,5.98,2.85,54.74,55.51,54.993984,Struggle
INT2720,1.0,2.03,3.98,63.49,73.65511,Average
INT2721,6.12,,79.39,59.34,57.9167,Struggle
INT2722,6.1,2.14,78.91,43.51,54.406693,Struggle
INT2723,5.7,4.41,77.17,71.53,68.56344,Average
INT2724,,4.0,66.93,84.02,78.455185,Average
INT2725,3.45,4.59,85.32,80.86,76.93432,Average
INT2726,3.26,4.0,91.32,94.41,92.49612,Excel
INT2727,1.8,4.05,67.31,91.71,83.68098,Excel
INT2728,2.35,5.0,3.14,83.6,84.99489,Excel
INT2729,2.3,4.88,36.47,70.0,76.80665,Average
INT2730,4.0,2.02,56.87,51.01,55.33167,Struggle
INT2731,5.65,1.0,73.37,45.68,42.811745,Struggle
INT2732,3.84,1.31,57.8,58.02,60.339283,Average
INT2733,1.67,4.31,73.14,86.06,85.32184,Excel
INT2734,6.43,3.29,61.05,39.04,52.47284,Struggle
INT2735,6.49,,86.94,50.49,56.4424,Struggle
INT2736,,2.67,16.39,54.1,57.01976,Struggle
INT2737,6.7,1.73,77.74,41.64,49.194576,Struggle
INT2738,4.21,3.15,58.47,63.14,69.88862,Average
INT2739,7.0,2.69,50.05,66.33,60.058052,Average
INT2740,1.58,3.79,93.46,93.06,89.83027,Excel
INT2741,3.64,3.47,83.58,80.44,78.30799,Average
INT2742,2.57,3.13,54.95,69.98,68.53919,Average
INT2743,2.39,1.95,83.2,82.75,69.30082,Average
INT2744,1.93,2.55,80.58,66.55,73.72145,Average
INT2745,4.37,3.58,73.67,76.38,72.728645,Average
INT2746,5.71,1.0,70.96,49.66,47.495857,Struggle
INT2747,4.22,1.0,94.35,52.1,60.57545,Average
INT2748,2.38,4.8,62.26,88.71,83.576965,Excel
INT2749,5.64,1.5,69.92,42.3,54.21823,Struggle
INT2750,4.55,3.29,33.6,57.38,61.101784,Average
INT2751,3.45,1.0,88.56,54.47,63.036854,Average
INT2752,5.05,2.35,56.84,57.12,55.366287,Struggle
INT2753,2.08,1.0,92.49,70.82,69.31532,Average
INT2754,2.7,2.02,57.29,61.7,65.46763,Average
INT2755,6.81,4.43,99.34,72.09,67.74637,Average
INT2756,2.72,2.35,84.86,86.28,78.69792,Average
INT2757,3.47,,87.55,71.31,78.71709,Average
INT2758,6.31,2.5,99.14,79.29,72.944695,Average
INT2759,5.0,1.0,50.35,46.05,44.299862,Struggle
INT2760,1.09,2.1,81.7,77.5,77.32997,Average
INT2761,2.34,1.4,86.95,64.7,69.493515,Average
INT2762,1.0,2.48,6.25,94.41,86.90728,Excel
INT2763,4.34,2.48,61.85,62.02,67.21177,Average
INT2764,4.16,2.45,92.1,80.64,75.08514,Average
INT2765,2.1,2.05,76.88,94.73,82.55154,Excel
INT2766,6.5,2.18,76.87,52.63,53.71161,Struggle
INT2767,4.09,2.51,50.35,69.1,59.557114,Struggle
INT2768,2.81,5.0,23.24,89.33,82.912735,Excel
INT2769,3.86,2.0,77.23,64.1,62.957897,Average
INT2770,5.15,1.0,71.76,58.42,44.865498,Struggle
INT2771,1.49,4.67,42.83,90.09,92.838165,Excel
INT2772,2.55,1.45,70.02,78.81,69.17001,Average
INT2773,5.98,1.8,95.89,47.73,49.57306,Struggle
INT2774,3.73,1.5,67.96,65.59,65.00882,Average
INT2775,,4.47,92.81,73.95,77.596176,Average
INT2776,3.91,2.48,95.14,74.82,70.92076,Average
INT2777,1.0,1.51,7.8,72.57,72.5176,Average
INT2778,1.95,4.0,72.35,94.29,89.18648,Excel
INT2779,3.75,4.85,88.05,83.04,83.57398,Excel
INT2780,2.47,2.73,85.4,83.3,79.84313,Average
INT2781,1.21,2.72,7.84,85.27,81.66676,Excel
INT2782,6.3,2.59,55.13,68.55,54.03199,Struggle
INT2783,6.52,1.34,63.24,33.65,42.445576,Struggle
INT2784,5.91,3.6,56.55,44.53,55.493652,Struggle
INT2785,6.45,1.17,25.01,57.72,50.298553,Struggle
INT2786,2.84,5.0,63.09,84.92,83.518196,Excel
INT2787,6.84,1.95,81.89,37.41,46.151585,Struggle
INT2788,1.99,2.94,97.72,100.0,94.484474,Excel
INT2789,6.37,3.62,84.29,56.38,58.88923,Struggle
INT2790,6.82,2.24,73.8,57.53,54.937885,Struggle
INT2791,5.31,1.0,60.92,52.18,48.623047,Struggle
INT2792,6.59,1.0,86.39,39.81,42.380684,Struggle
INT2793,4.87,4.97,70.7,72.01,70.093544,Average
INT2794,2.96,2.82,45.55,94.5,86.76062,Excel
INT2795,3.15,3.45,92.31,72.72,74.19638,Average
INT2796,4.62,5.0,95.27,93.4,89.59415,Excel
INT2797,1.73,4.0,51.04,93.41,89.01038,Excel
INT2798,4.48,4.52,18.01,55.3,60.344162,Average
INT2799,,4.5,64.24,67.36,72.663055,Average
INT2800,2.05,3.54,34.84,67.58,74.35537,Average
INT2801,5.46,4.83,50.49,52.46,60.73574,Average
INT2802,6.56,1.0,90.25,41.79,42.90446,Struggle
INT2803,7.0,1.79,75.87,60.35,54.250328,Struggle
INT2804,6.63,1.0,3.58,37.29,39.771206,Struggle
INT2805,4.18,3.27,95.73,81.55,78.89043,Average
INT2806,6.69,5.0,,63.8,67.8308,Average
INT2807,5.92,2.75,75.16,47.7,48.784653,Struggle
INT2808,,2.09,64.53,70.37,64.88042,Average
INT2809,3.54,1.93,65.26,61.4,64.53327,Average
INT2810,5.71,4.99,68.83,67.77,68.72021,Average
INT2811,2.13,1.95,72.45,61.48,71.722664,Average
INT2812,4.44,4.97,58.18,62.53,64.762825,Average
INT2813,5.15,1.99,54.73,49.43,46.421814,Struggle
INT2814,1.87,1.8,73.65,63.05,63.50623,Average
INT2815,4.42,1.0,73.25,48.32,50.808758,Struggle
INT2816,5.78,,82.67,43.5,59.041595,Struggle
INT2817,3.54,3.97,73.55,75.18,78.82492,Average
INT2818,1.0,5.0,5.19,91.86,87.43422,Excel
INT2819,1.01,2.51,8.58,84.16,78.808716,Average
INT2820,2.91,2.05,95.34,80.13,75.898834,Average
INT2821,,1.39,57.97,30.92,61.129776,Average
INT2822,1.96,4.8,84.49,76.86,82.205696,Excel
INT2823,5.11,1.38,79.69,50.52,55.60684,Struggle
INT2824,2.74,3.24,87.43,81.06,79.24557,Average
INT2825,2.58,5.0,57.53,87.95,86.18518,Excel
INT2826,5.84,2.58,97.08,52.21,60.011345,Average
INT2827,5.52,2.06,81.05,74.19,67.455536,Average
INT2828,2.02,2.69,,65.38,77.0013,Average
INT2829,3.37,1.5,62.33,58.41,60.61695,Average
INT2830,1.54,1.0,3.91,70.49,71.014946,Average
INT2831,3.9,2.21,52.84,68.53,59.5506,Struggle
INT2832,5.43,2.49,69.87,46.72,59.300438,Struggle
INT2833,1.35,2.29,69.2,72.16,78.075966,Average
INT2834,3.2,3.47,82.89,76.31,78.35124,Average
INT2835,3.33,1.2,54.67,52.94,55.42628,Struggle
INT2836,6.97,5.0,50.03,65.19,67.6487,Average
INT2837,6.92,5.0,52.14,61.13,63.982727,Average
INT2838,,2.4,0.0,74.54,70.730736,Average
INT2839,5.87,1.57,50.73,45.0,44.887955,Struggle
INT2840,3.45,2.88,54.92,57.83,68.14997,Average
INT2841,3.47,3.42,98.59,88.06,79.44421,Average
INT2842,5.45,1.29,93.42,63.92,61.392166,Average
INT2843,6.8,4.42,45.36,57.29,56.797096,Struggle
INT2844,7.0,1.0,90.95,46.14,43.961143,Struggle
INT2845,3.97,2.6,94.38,72.96,69.84065,Average
INT2846,3.23,2.91,62.97,59.49,62.87088,Average
INT2847,6.1,3.77,92.47,82.09,64.60743,Average
INT2848,2.66,4.34,59.74,87.84,83.83866,Excel
INT2849,,1.0,70.67,45.93,55.996902,Struggle
INT2850,3.55,2.07,77.91,68.69,68.088394,Average
INT2851,5.19,1.7,85.69,52.31,57.346485,Struggle
INT2852,2.66,3.44,51.51,62.03,69.07612,Average
INT2853,2.61,5.0,64.53,87.07,87.66558,Excel
INT2854,6.87,2.11,80.43,62.11,51.889908,Struggle
INT2855,1.93,3.14,46.24,73.76,73.79777,Average
INT2856,3.63,1.0,50.29,64.08,53.48258,Struggle
INT2857,2.07,3.2,82.58,95.11,91.08822,Excel
INT2858,1.29,2.5,2.4,81.7,81.287865,Excel
INT2859,1.43,1.87,2.8,72.06,72.534645,Average
INT2860,1.85,2.67,81.45,68.49,69.947014,Average
INT2861,5.79,3.14,72.52,52.97,58.33643,Struggle
INT2862,2.5,3.84,58.45,87.14,82.5881,Excel
INT2863,6.97,2.88,66.32,52.25,52.799343,Struggle
INT2864,4.87,1.0,65.15,54.44,51.89756,Struggle
INT2865,4.03,,55.41,63.63,63.07804,Average
INT2866,4.36,5.0,77.35,75.87,78.5889,Average
INT2867,3.97,3.16,88.18,63.07,69.85207,Average
INT2868,5.46,1.8,78.77,51.85,50.698994,Struggle
INT2869,2.57,3.14,91.31,77.94,70.79293,Average
INT2870,3.29,4.46,56.38,77.64,74.513626,Average
INT2871,6.22,4.65,32.36,58.32,61.177002,Average
INT2872,6.2,4.0,80.47,75.5,75.271614,Average
INT2873,6.3,1.48,83.8,53.62,53.215843,Struggle
INT2874,3.24,2.1,84.79,57.86,66.64,Average
INT2875,5.21,5.0,86.45,77.71,76.74689,Average
INT2876,3.83,2.54,82.57,69.41,70.208466,Average
INT2877,3.7,3.29,54.71,70.18,63.555595,Average
INT2878,2.18,3.47,47.85,82.38,82.77339,Excel
INT2879,4.33,4.79,86.24,66.29,69.96424,Average
INT2880,2.22,1.62,4.06,70.54,72.62647,Average
INT2881,3.48,2.02,84.67,82.27,77.65622,Average
INT2882,6.18,5.0,84.34,67.96,68.13506,Average
INT2883,2.39,4.81,75.74,80.41,81.65235,Excel
INT2884,1.85,1.95,93.4,82.51,80.304474,Excel
INT2885,1.28,1.0,74.6,74.17,67.99803,Average
INT2886,6.31,2.14,88.95,45.5,56.295036,Struggle
INT2887,3.82,1.36,80.63,64.11,61.34706,Average
INT2888,,2.04,53.95,52.48,53.972458,Struggle
INT2889,6.02,3.81,,80.39,70.559944,Average
INT2890,5.51,4.93,63.49,70.82,69.74434,Average
INT2891,3.34,2.64,88.78,81.52,79.313644,Average
INT2892,,2.07,56.23,54.95,59.03235,Struggle
INT2893,6.03,1.0,82.69,52.65,46.54953,Struggle
INT2894,5.38,4.0,64.79,81.31,76.772896,Average
INT2895,2.4,1.0,88.01,73.19,68.05894,Average
INT2896,6.57,1.23,62.02,36.37,44.269974,Struggle
INT2897,3.87,2.78,84.2,67.09,67.010635,Average
INT2898,2.9,3.5,64.75,90.75,76.74666,Average
INT2899,3.25,4.0,13.51,82.67,80.95889,Excel
INT2900,1.63,1.84,0.53,61.95,67.16515,Average
INT2901,1.59,5.0,24.71,86.87,88.13192,Excel
INT2902,5.42,,82.96,53.83,62.2709,Average
INT2903,1.42,1.8,7.96,70.28,68.53491,Average
INT2904,,4.0,64.45,88.07,80.05152,Excel
INT2905,3.83,5.0,61.8,79.04,80.95691,Excel
INT2906,1.25,2.38,90.46,87.63,87.840645,Excel
INT2907,7.0,3.1,67.68,55.64,58.323837,Struggle
INT2908,2.51,3.25,95.02,93.04,76.59403,Average
INT2909,3.0,3.15,89.37,91.16,75.31405,Average
INT2910,,2.56,,84.29,65.29441,Average
INT2911,2.0,2.21,70.36,76.4,73.071884,Average
INT2912,1.03,3.87,0.0,100.0,96.98061,Excel
INT2913,5.61,4.0,89.26,84.29,81.030876,Excel
INT2914,6.94,2.27,24.08,33.01,48.770542,Struggle
INT2915,2.3,2.4,,89.34,76.49615,Average
INT2916,4.5,4.6,80.12,61.6,68.668396,Average
INT2917,5.01,1.0,64.5,58.52,49.366745,Struggle
INT2918,5.71,4.25,57.48,70.23,63.325764,Average
INT2919,3.38,2.02,71.38,49.59,63.795895,Average
INT2920,2.44,1.03,,72.99,68.14841,Average
INT2921,2.88,4.28,91.47,95.69,90.34425,Excel
INT2922,4.96,1.65,94.94,57.42,60.25583,Average
INT2923,6.18,1.71,53.41,48.15,47.2621,Struggle
INT2924,2.46,4.0,65.1,89.15,87.54324,Excel
INT2925,3.12,3.51,0.0,62.27,63.278904,Average
INT2926,6.42,3.23,38.15,48.35,51.92286,Struggle
INT2927,6.29,3.56,32.97,54.79,52.71608,Struggle
INT2928,6.95,2.88,74.81,50.58,57.990074,Struggle
INT2929,6.03,5.0,83.16,68.28,70.58763,Average
INT2930,3.0,4.0,74.87,87.28,83.94732,Excel
INT2931,4.9,3.61,83.29,66.76,71.95197,Average
INT2932,4.97,3.27,53.32,68.25,59.644676,Struggle
INT2933,1.0,,93.8,89.25,88.108955,Excel
INT2934,4.74,3.95,96.95,69.48,75.165245,Average
INT2935,5.73,4.43,80.9,70.18,65.09011,Average
INT2936,1.88,3.67,,95.64,73.78189,Average
INT2937,6.13,3.03,0.0,56.02,55.557728,Struggle
INT2938,4.14,1.0,57.32,55.06,52.596916,Struggle
INT2939,6.89,1.0,55.96,39.56,41.0574,Struggle
INT2940,1.0,2.94,2.29,71.28,78.16419,Average
INT2941,2.34,2.93,66.19,64.26,68.994705,Average
INT2942,4.89,,79.28,73.73,65.95715,Average
INT2943,2.66,1.0,43.71,54.14,60.21431,Average
INT2944,4.8,2.02,81.87,76.54,57.351826,Struggle
INT2945,5.46,3.66,68.37,43.63,59.950626,Struggle
INT2946,1.35,2.04,93.04,79.55,81.548,Excel
INT2947,4.26,2.11,81.69,73.05,68.426,Average
INT2948,3.74,1.0,37.39,53.58,54.53985,Struggle
INT2949,3.56,4.0,66.81,86.48,82.57205,Excel
INT2950,6.37,1.0,92.37,38.53,43.44283,Struggle
INT2951,5.86,1.78,69.32,53.17,55.264835,Struggle
INT2952,4.98,2.4,76.79,79.32,72.165634,Average
INT2953,5.43,5.0,82.45,72.23,74.88538,Average
INT2954,3.37,1.97,67.39,55.36,62.868927,Average
INT2955,6.51,,,49.35,56.8299,Struggle
INT2956,5.0,5.0,35.46,72.62,76.779884,Average
INT2957,5.75,5.0,32.35,77.8,68.3526,Average
INT2958,5.74,5.0,64.21,70.3,69.84651,Average
INT2959,2.97,,53.1,56.62,65.587494,Average
INT2960,5.51,4.0,65.2,77.5,72.69349,Average
INT2961,1.76,1.0,42.9,56.79,60.609406,Average
INT2962,2.77,1.91,61.22,62.41,65.86306,Average
INT2963,2.61,5.0,50.68,89.46,87.20495,Excel
INT2964,6.89,2.6,89.37,44.77,48.74454,Struggle
INT2965,6.63,,52.27,37.32,43.420673,Struggle
INT2966,4.74,1.0,55.33,47.76,50.61832,Struggle
INT2967,5.32,4.3,90.73,63.21,71.26663,Average
INT2968,4.26,5.0,44.05,81.05,83.21241,Excel
INT2969,6.52,4.3,59.55,58.55,59.012768,Struggle
INT2970,3.81,1.0,70.24,58.82,57.0939,Struggle
INT2971,3.68,2.81,76.93,72.42,68.80837,Average
INT2972,1.5,5.0,92.18,100.0,95.1051,Excel
INT2973,,2.26,5.48,63.19,64.85375,Average
INT2974,5.16,3.09,79.84,52.31,68.24911,Average
INT2975,3.19,2.93,85.85,93.63,84.41354,Excel
INT2976,1.07,3.63,2.32,97.99,93.73675,Excel
INT2977,5.83,2.85,90.36,41.9,52.24866,Struggle
INT2978,1.0,2.74,9.01,64.42,69.976456,Average
INT2979,4.83,,49.91,51.82,51.989796,Struggle
INT2980,6.62,5.0,88.16,66.71,71.295876,Average
INT2981,3.95,,86.49,59.45,66.53417,Average
INT2982,2.04,1.05,91.01,76.33,74.60703,Average
INT2983,5.47,1.0,95.19,54.93,53.973434,Struggle
INT2984,5.69,5.0,54.92,66.95,68.725655,Average
INT2985,4.66,2.18,16.55,55.4,52.94807,Struggle
INT2986,6.73,3.63,5.82,75.32,68.49246,Average
INT2987,1.0,5.0,62.62,95.88,96.17473,Excel
INT2988,4.52,1.82,52.93,41.19,48.89978,Struggle
INT2989,4.99,2.66,70.06,54.88,62.072945,Average
INT2990,6.25,1.9,90.99,40.2,50.677517,Struggle
INT2991,2.15,3.63,56.33,88.04,80.9844,Excel
INT2992,5.67,4.67,83.59,64.67,69.88659,Average
INT2993,4.77,2.1,50.18,40.77,44.195557,Struggle
INT2994,3.72,3.04,,46.19,60.668793,Average
INT2995,2.12,4.13,67.54,67.49,74.30267,Average
INT2996,6.66,4.56,14.64,69.53,59.810394,Struggle
INT2997,1.9,4.57,59.64,89.92,87.583885,Excel
INT2998,2.46,2.47,93.2,89.61,77.8092,Average
INT2999,3.01,2.27,87.78,74.08,74.04601,Average
INT3000,6.11,1.0,62.12,31.26,41.88061,Struggle
INT3001,4.73,4.0,0.0,81.74,73.49737,Average
INT3002,5.76,2.67,59.21,32.62,49.717194,Struggle
INT3003,2.93,5.0,64.06,93.93,84.639046,Excel
INT3004,4.42,,75.8,55.97,65.11459,Average
INT3005,4.78,1.84,48.04,48.47,55.007427,Struggle
INT3006,5.92,3.56,54.73,63.61,58.4555,Struggle
INT3007,6.08,5.0,64.83,69.64,70.33188,Average
INT3008,1.42,2.86,8.34,100.0,82.263626,Excel
INT3009,,1.0,71.46,45.81,54.221333,Struggle
INT3010,1.1,1.52,96.94,70.84,73.32597,Average
INT3011,4.09,3.06,99.57,77.3,79.56948,Average
INT3012,2.62,2.55,76.33,83.91,66.54026,Average
INT3013,3.15,1.96,64.4,79.25,65.799095,Average
INT3014,2.63,3.32,89.54,64.72,73.449554,Average
INT3015,4.45,4.0,57.97,78.23,77.735214,Average
INT3016,3.21,,62.6,73.43,71.4501,Average
INT3017,5.31,5.0,89.24,79.82,79.04144,Average
INT3018,3.26,1.16,71.68,68.55,62.403137,Average
INT3019,1.78,,7.13,71.35,74.244194,Average
INT3020,6.12,3.91,5.84,79.79,53.13755,Struggle
INT3021,3.16,4.93,64.88,84.38,80.626114,Excel
INT3022,3.37,5.0,,77.06,82.7614,Excel
INT3023,5.52,5.0,63.85,78.06,73.12953,Average
INT3024,3.23,3.5,61.06,72.5,76.91756,Average
INT3025,1.0,4.0,68.99,78.52,86.117195,Excel
INT3026,3.35,1.0,88.17,56.84,63.1234,Average
INT3027,6.2,1.96,85.69,41.58,47.002434,Struggle
INT3028,5.06,1.8,48.63,53.31,51.091774,Struggle
INT3029,5.26,3.34,25.23,40.69,48.799416,Struggle
INT3030,5.08,1.82,22.15,52.49,50.603287,Struggle
INT3031,1.86,3.02,61.16,60.96,67.28137,Average
INT3032,3.64,3.24,30.97,63.14,65.84152,Average
INT3033,5.19,4.28,57.32,53.35,66.50601,Average
INT3034,2.06,1.2,70.52,64.01,72.35378,Average
INT3035,2.85,2.77,53.76,53.83,74.75941,Average
INT3036,2.26,4.5,49.04,87.23,88.85376,Excel
INT3037,3.28,2.95,60.52,73.38,69.6263,Average
INT3038,7.0,1.0,78.71,50.55,43.7074,Struggle
INT3039,1.39,3.34,54.49,78.61,77.14132,Average
INT3040,4.35,4.11,94.5,81.21,76.55778,Average
INT3041,1.86,1.71,98.28,85.32,82.4237,Excel
INT3042,6.98,4.36,60.12,50.27,52.04531,Struggle
INT3043,1.36,,85.23,100.0,91.50253,Excel
INT3044,3.46,5.0,92.1,91.43,89.04466,Excel
INT3045,5.89,4.3,76.99,61.38,66.942566,Average
INT3046,5.36,3.38,66.17,65.03,66.45415,Average
INT3047,3.09,3.31,36.56,58.83,64.33375,Average
INT3048,3.57,2.24,12.65,72.71,60.195827,Average
INT3049,3.05,,70.03,90.81,76.10597,Average
INT3050,2.81,2.07,73.23,80.13,66.97963,Average
INT3051,2.26,4.0,87.19,100.0,96.301285,Excel
INT3052,3.69,2.43,62.07,57.05,63.528717,Average
INT3053,2.29,4.0,,93.89,90.150604,Excel
INT3054,2.4,2.32,0.5,79.92,72.81504,Average
INT3055,,2.77,57.01,41.86,62.551357,Average
INT3056,7.0,3.15,67.92,57.31,57.202496,Struggle
INT3057,4.59,2.9,58.74,58.59,55.633312,Struggle
INT3058,1.06,,78.36,58.95,76.22912,Average
INT3059,1.83,4.08,60.85,86.84,83.94504,Excel
INT3060,6.7,1.9,56.14,39.13,44.388016,Struggle
INT3061,2.72,3.99,75.91,86.16,85.89023,Excel
INT3062,1.46,3.75,77.38,71.26,84.63496,Excel
INT3063,4.46,1.0,66.72,51.5,53.346367,Struggle
INT3064,4.77,2.9,81.52,84.03,68.53059,Average
INT3065,4.99,2.25,24.24,55.54,54.24184,Struggle
INT3066,2.57,1.41,1.98,70.89,65.72532,Average
INT3067,1.49,5.0,,88.42,92.35717,Excel
INT3068,6.61,1.24,53.09,50.49,48.261593,Struggle
INT3069,2.59,4.0,59.43,95.08,91.845474,Excel
INT3070,4.86,3.5,57.11,62.95,65.3326,Average
INT3071,5.49,1.0,83.7,58.66,50.157146,Struggle
INT3072,4.26,5.0,69.56,73.79,76.4724,Average
INT3073,2.57,1.52,69.99,58.57,67.4998,Average
INT3074,2.93,3.98,88.24,78.99,83.09958,Excel
INT3075,4.27,4.6,74.97,79.32,73.84596,Average
INT3076,6.33,1.5,86.28,64.38,54.744858,Struggle
INT3077,7.0,5.0,75.26,66.1,68.70121,Average
INT3078,1.66,4.41,79.65,83.11,84.63902,Excel
INT3079,1.62,5.0,88.04,91.67,94.16488,Excel
INT3080,6.49,4.0,80.37,75.04,72.968895,Average
INT3081,5.74,2.89,60.59,55.1,53.509865,Struggle
INT3082,6.15,1.8,89.46,51.55,47.270744,Struggle
INT3083,2.44,2.74,97.45,78.41,80.78959,Excel
INT3084,4.81,3.61,44.37,67.28,69.17223,Average
INT3085,5.21,3.51,78.86,47.23,62.786278,Average
INT3086,5.36,2.62,54.31,36.42,46.013233,Struggle
INT3087,3.27,1.37,67.94,63.06,64.155815,Average
INT3088,1.11,3.88,6.16,98.57,89.39804,Excel
INT3089,4.69,1.78,91.76,80.81,69.60301,Average
INT3090,,4.21,75.67,73.07,71.80373,Average
INT3091,3.47,3.37,60.98,65.02,67.09461,Average
INT3092,6.9,4.02,,37.11,42.62419,Struggle
INT3093,3.55,2.48,73.22,52.4,66.085884,Average
INT3094,6.03,1.0,95.07,45.37,48.29249,Struggle
INT3095,2.43,5.0,61.22,84.21,87.29885,Excel
INT3096,5.01,3.99,51.58,79.55,69.349724,Average
INT3097,7.0,3.26,71.67,36.84,54.04486,Struggle
INT3098,1.85,1.8,63.53,65.24,63.55917,Average
INT3099,1.0,2.12,4.74,72.95,76.48677,Average
INT3100,3.5,2.65,73.0,64.86,62.18123,Average
INT3101,1.73,1.0,83.49,66.97,73.05077,Average
INT3102,5.88,2.01,2.02,46.67,54.053772,Struggle
INT3103,6.17,1.6,87.59,47.98,53.575035,Struggle
INT3104,3.61,4.9,57.66,80.01,73.29096,Average
INT3105,2.17,2.85,69.79,82.27,72.09776,Average
INT3106,3.39,3.34,82.8,77.52,74.41982,Average
INT3107,5.53,3.35,,56.58,59.26299,Struggle
INT3108,1.0,2.64,3.92,100.0,85.61091,Excel
INT3109,4.7,5.0,59.76,82.37,75.99839,Average
INT3110,5.08,1.0,67.95,52.95,47.07921,Struggle
INT3111,5.3,1.69,56.12,46.97,51.74305,Struggle
INT3112,2.17,2.1,60.84,68.69,68.59594,Average
INT3113,5.53,2.97,93.24,49.79,55.816017,Struggle
INT3114,1.98,3.55,55.23,87.56,79.836586,Average
INT3115,1.79,2.33,97.58,84.62,86.1426,Excel
INT3116,6.17,2.89,6.59,48.43,47.15914,Struggle
INT3117,5.85,1.32,76.84,50.28,52.199112,Struggle
INT3118,1.0,4.77,9.15,87.0,86.51827,Excel
INT3119,2.92,4.0,85.53,92.5,91.21761,Excel
INT3120,2.32,2.62,45.51,69.07,75.75084,Average
INT3121,2.22,2.62,88.5,88.84,85.914375,Excel
INT3122,,1.8,67.97,58.96,54.733532,Struggle
INT3123,1.21,1.0,38.16,54.57,65.62425,Average
INT3124,3.53,4.81,60.23,67.0,73.95075,Average
INT3125,,1.0,,33.35,56.19462,Struggle
INT3126,4.62,2.69,67.52,43.68,56.651276,Struggle
INT3127,5.02,1.0,27.7,46.23,47.41071,Struggle
INT3128,1.08,4.86,36.73,80.35,83.9132,Excel
INT3129,7.0,1.81,81.41,67.69,58.585007,Struggle
INT3130,6.01,1.8,94.72,54.38,48.886642,Struggle
INT3131,6.15,4.47,91.98,67.91,74.26702,Average
INT3132,6.26,1.8,62.63,42.69,35.941128,Struggle
INT3133,6.42,1.45,17.27,48.58,52.693775,Struggle
INT3134,3.77,2.45,59.65,57.01,62.87443,Average
INT3135,2.61,3.42,98.55,87.14,85.257286,Excel
INT3136,4.96,5.0,77.47,88.91,81.75624,Excel
INT3137,5.07,3.75,59.13,71.99,64.43984,Average
INT3138,,1.0,92.04,47.2,56.944313,Struggle
INT3139,3.65,4.0,69.76,83.0,80.24425,Excel
INT3140,1.0,2.87,62.83,71.87,76.61054,Average
INT3141,3.26,5.0,63.03,88.22,81.95465,Excel
INT3142,6.12,2.93,69.66,42.49,55.55934,Struggle
INT3143,4.97,,75.25,62.19,63.876026,Average
INT3144,4.62,1.17,94.63,56.43,60.198174,Average
INT3145,2.76,1.8,93.44,65.46,64.120186,Average
INT3146,2.77,4.71,78.72,76.67,85.5189,Excel
INT3147,6.19,5.0,26.73,66.86,66.694725,Average
INT3148,4.87,2.44,70.17,69.76,66.483604,Average
INT3149,5.7,1.86,98.78,72.53,55.52427,Struggle
INT3150,3.4,4.85,80.39,80.35,82.06638,Excel
INT3151,4.86,1.0,62.93,55.18,53.91149,Struggle
INT3152,2.43,1.98,72.49,52.48,68.23448,Average
INT3153,5.68,1.0,76.6,39.02,45.33004,Struggle
INT3154,4.01,1.4,71.45,63.12,60.28653,Average
INT3155,3.73,1.0,,66.14,57.86465,Struggle
INT3156,5.04,1.0,92.57,49.03,54.719498,Struggle
INT3157,6.26,1.52,75.37,39.95,50.226425,Struggle
INT3158,1.1,1.0,38.54,65.95,67.51309,Average
INT3159,6.35,2.66,67.01,70.52,56.834805,Struggle
INT3160,2.95,1.8,58.85,58.61,58.325718,Struggle
INT3161,3.35,2.95,96.96,76.07,82.57819,Excel
INT3162,1.2,2.37,1.26,82.69,83.12566,Excel
INT3163,3.24,4.77,90.03,79.99,82.934784,Excel
INT3164,3.87,2.2,85.77,57.45,63.09708,Average
INT3165,1.03,1.28,89.55,78.6,75.709,Average
INT3166,,1.8,96.84,53.79,60.490032,Average
INT3167,6.52,2.38,81.17,48.59,58.05715,Struggle
INT3168,1.55,3.35,72.61,77.2,77.823074,Average
INT3169,5.36,2.25,58.38,60.08,54.803806,Struggle
INT3170,3.85,5.0,81.34,75.03,82.68332,Excel
INT3171,5.28,1.13,88.61,71.45,67.25885,Average
INT3172,2.46,1.74,63.58,69.58,71.87917,Average
INT3173,1.49,1.0,87.04,77.0,69.172134,Average
INT3174,1.91,,88.92,90.7,90.84054,Excel
INT3175,1.1,1.8,91.56,76.98,73.40428,Average
INT3176,1.75,2.94,34.43,80.52,76.11644,Average
INT3177,4.88,3.03,84.08,77.85,70.957245,Average
INT3178,5.89,1.68,65.21,45.07,51.73842,Struggle
INT3179,6.34,1.99,86.95,56.55,51.911106,Struggle
INT3180,4.66,1.0,73.15,55.43,52.781967,Struggle
INT3181,1.56,1.0,29.54,61.72,64.77635,Average
INT3182,2.4,1.8,,52.02,58.450844,Struggle
INT3183,3.05,1.25,,49.21,59.598648,Struggle
INT3184,2.08,2.55,58.9,57.48,65.7908,Average
INT3185,4.14,2.82,9.28,58.75,65.72013,Average
INT3186,4.48,2.4,80.9,87.15,69.96178,Average
INT3187,3.59,2.74,92.43,67.23,68.74309,Average
INT3188,3.32,4.54,51.04,82.78,73.16495,Average
INT3189,5.57,4.0,53.31,66.55,69.88923,Average
INT3190,5.33,5.0,40.51,75.65,77.283005,Average
INT3191,3.08,3.35,,86.56,66.93197,Average
INT3192,6.2,2.26,20.34,47.19,48.081635,Struggle
INT3193,6.67,2.09,39.83,31.69,38.570347,Struggle
INT3194,3.44,2.28,61.6,74.0,72.00564,Average
INT3195,3.45,,69.95,71.35,72.505714,Average
INT3196,4.38,5.0,61.25,82.11,77.51944,Average
INT3197,7.0,2.98,67.63,68.55,63.200912,Average
INT3198,6.38,3.83,86.43,54.94,60.23966,Average
INT3199,1.86,1.38,55.74,75.81,72.877014,Average
INT3200,3.22,1.54,21.46,56.35,57.840145,Struggle
INT3201,4.82,1.82,81.89,49.64,52.824596,Struggle
INT3202,3.8,,73.85,63.31,65.46397,Average
INT3203,2.25,3.02,96.73,85.82,84.00725,Excel
INT3204,5.93,3.3,64.47,70.69,58.68113,Struggle
INT3205,4.67,2.82,86.31,60.86,69.221245,Average
INT3206,6.1,5.0,86.54,74.18,71.807076,Average
INT3207,6.0,3.31,61.08,60.82,53.423584,Struggle
INT3208,5.57,5.0,95.16,83.64,81.344696,Excel
INT3209,3.7,1.0,74.56,57.14,56.726006,Struggle
INT3210,4.7,4.22,83.94,86.0,77.28396,Average
INT3211,1.58,2.7,36.55,75.29,77.37108,Average
INT3212,4.98,,25.11,45.92,56.107677,Struggle
INT3213,2.39,1.0,79.31,67.84,64.47917,Average
INT3214,4.98,,65.95,78.11,69.52264,Average
INT3215,,1.0,74.98,59.83,54.954624,Struggle
INT3216,1.7,1.85,68.7,79.74,77.448654,Average
INT3217,,3.05,82.03,70.78,68.74068,Average
INT3218,1.17,4.46,4.18,84.29,84.13706,Excel
INT3219,4.91,5.0,50.23,65.74,67.75471,Average
INT3220,5.76,2.24,82.48,58.91,59.33557,Struggle
INT3221,4.42,4.31,71.11,60.12,67.657555,Average
INT3222,2.22,4.0,36.89,97.67,92.90155,Excel
INT3223,1.47,3.14,54.71,82.51,78.27606,Average
INT3224,1.37,5.0,0.0,88.76,91.42874,Excel
INT3225,1.97,3.56,24.16,71.09,77.6608,Average
INT3226,6.59,3.54,96.77,53.95,60.278122,Average
INT3227,2.83,1.65,71.63,69.24,70.88064,Average
INT3228,3.52,2.86,52.1,76.07,63.0378,Average
INT3229,,2.24,56.94,57.72,62.871666,Average
INT3230,2.69,1.88,7.63,57.05,58.76711,Struggle
INT3231,3.72,1.0,79.44,46.04,53.695747,Struggle
INT3232,4.25,3.53,59.33,58.95,64.0193,Average
INT3233,2.52,5.0,74.93,87.09,85.559586,Excel
INT3234,,1.0,31.46,63.93,54.475956,Struggle
INT3235,3.0,2.7,90.19,82.71,75.205246,Average
INT3236,2.38,2.73,66.02,88.54,72.6942,Average
INT3237,1.91,1.0,72.91,63.26,66.580345,Average
INT3238,6.86,2.77,54.33,61.03,57.542057,Struggle
INT3239,5.06,4.0,71.67,82.94,74.69879,Average
INT3240,4.58,4.0,89.66,89.52,83.560745,Excel
INT3241,3.37,1.8,83.08,64.87,59.558628,Struggle
INT3242,4.06,1.8,48.45,49.32,54.763397,Struggle
INT3243,4.41,2.39,75.2,50.12,62.552338,Average
INT3244,5.5,3.61,98.36,72.68,74.0008,Average
INT3245,5.38,2.9,,70.83,67.15965,Average
INT3246,2.52,4.5,95.25,89.71,89.33747,Excel
INT3247,4.32,3.94,58.94,60.72,69.347885,Average
INT3248,3.49,3.28,74.16,58.23,68.455086,Average
INT3249,6.09,4.12,95.43,68.56,71.04184,Average
INT3250,4.97,1.93,66.13,58.44,56.417316,Struggle
INT3251,4.29,5.0,98.38,79.16,84.34156,Excel
INT3252,1.82,4.37,54.85,68.27,85.383354,Excel
INT3253,4.47,3.95,72.53,61.45,70.5075,Average
INT3254,1.63,1.0,34.02,70.71,66.6767,Average
INT3255,3.08,3.45,53.69,52.92,65.21193,Average
INT3256,2.2,1.06,93.98,78.07,74.770226,Average
INT3257,,1.0,62.6,46.72,53.033752,Struggle
INT3258,1.86,3.19,51.11,61.47,75.06472,Average
INT3259,3.1,1.8,,48.84,55.20569,Struggle
INT3260,5.9,1.0,82.96,47.11,44.93981,Struggle
INT3261,1.74,1.99,98.89,90.36,87.113625,Excel
INT3262,3.77,2.1,55.57,58.6,59.21627,Struggle
INT3263,3.82,4.47,,73.02,71.48661,Average
INT3264,1.51,,4.98,88.23,85.10958,Excel
INT3265,5.65,3.12,4.04,64.05,61.793472,Average
INT3266,1.47,,55.9,91.69,76.80546,Average
INT3267,4.06,1.0,61.99,44.8,50.39624,Struggle
INT3268,4.81,3.75,59.82,74.29,70.18137,Average
INT3269,5.18,5.0,41.99,79.24,79.21201,Average
INT3270,4.69,3.45,93.66,77.49,74.756,Average
INT3271,2.27,2.47,75.55,60.79,68.84217,Average
INT3272,1.0,3.91,4.58,64.23,71.59557,Average
INT3273,5.46,1.0,38.53,50.53,47.29627,Struggle
INT3274,4.42,5.0,89.88,77.62,81.59519,Excel
INT3275,5.83,5.0,56.61,63.93,66.18788,Average
INT3276,6.28,3.07,53.64,46.58,49.165455,Struggle
INT3277,6.01,4.76,19.67,58.28,59.709393,Struggle
INT3278,4.41,2.76,87.3,81.72,72.03828,Average
INT3279,2.5,2.49,50.22,75.13,66.30205,Average
INT3280,5.36,3.42,77.03,70.49,66.76624,Average
INT3281,3.51,5.0,62.47,76.09,80.307976,Excel
INT3282,1.63,1.8,66.61,62.02,64.14354,Average
INT3283,6.41,2.48,61.48,70.45,58.728863,Struggle
INT3284,5.85,1.0,62.03,45.3,42.307484,Struggle
INT3285,4.05,3.03,95.08,72.13,70.30615,Average
INT3286,1.0,4.63,79.03,100.0,98.15556,Excel
INT3287,3.08,4.32,56.16,82.38,74.263176,Average
INT3288,6.16,1.62,73.37,50.82,50.35579,Struggle
INT3289,6.86,2.97,72.58,49.14,59.196957,Struggle
INT3290,2.13,1.74,0.0,62.18,65.89494,Average
INT3291,1.87,4.73,93.17,91.41,91.06031,Excel
INT3292,6.39,1.0,28.12,38.83,40.331303,Struggle
INT3293,3.26,2.2,78.55,78.06,68.942505,Average
INT3294,4.55,1.0,92.19,50.97,52.417118,Struggle
INT3295,6.61,1.3,96.03,57.13,56.679077,Struggle
INT3296,1.17,3.48,74.29,68.72,85.6638,Excel
INT3297,5.05,4.0,81.98,80.99,78.28875,Average
INT3298,1.33,3.71,26.49,78.46,82.42262,Excel
INT3299,2.89,4.0,6.01,66.49,76.13751,Average
INT3300,,2.17,63.94,37.12,62.788635,Average
INT3301,3.89,3.87,54.67,60.7,72.31429,Average
INT3302,7.0,2.65,63.98,32.88,42.23055,Struggle
INT3303,4.26,4.75,66.06,62.42,73.256195,Average
INT3304,3.33,5.0,59.18,97.17,86.70172,Excel
INT3305,2.23,1.46,83.43,83.37,81.5227,Excel
INT3306,3.31,1.54,71.3,77.61,61.341652,Average
INT3307,3.65,2.96,99.4,84.44,82.833336,Excel
INT3308,1.75,5.0,57.66,92.48,88.94789,Excel
INT3309,3.23,4.0,36.81,91.72,85.919586,Excel
INT3310,3.97,2.05,82.35,69.49,57.98694,Struggle
INT3311,5.25,1.0,52.78,51.11,45.80621,Struggle
INT3312,5.09,4.44,85.85,60.24,65.58526,Average
INT3313,5.01,1.0,54.99,45.0,46.363255,Struggle
INT3314,1.0,5.0,5.19,83.96,87.43422,Excel
INT3315,2.02,1.0,57.98,67.76,61.4649,Average
INT3316,,1.0,62.73,52.07,53.033752,Struggle
INT3317,3.99,1.0,84.16,56.78,58.83905,Struggle
INT3318,1.39,2.72,1.4,79.83,73.91283,Average
INT3319,5.36,5.0,77.77,75.53,75.755356,Average
INT3320,5.34,4.87,30.11,63.83,63.52349,Average
INT3321,4.25,,54.9,75.76,64.601074,Average
INT3322,1.57,1.0,70.51,73.21,64.92096,Average
INT3323,5.27,2.29,57.27,52.48,49.98747,Struggle
INT3324,4.06,,,62.14,64.03188,Average
INT3325,,1.64,56.48,60.03,58.430607,Struggle
INT3326,5.83,1.0,59.53,42.16,48.65812,Struggle
INT3327,5.36,3.77,90.88,66.63,68.494934,Average
INT3328,3.96,2.98,83.01,59.56,64.079056,Average
INT3329,2.0,1.0,61.55,73.7,66.35535,Average
INT3330,4.66,5.0,70.91,80.05,77.63435,Average
INT3331,4.46,2.53,69.81,51.5,62.184765,Average
INT3332,5.49,2.04,84.51,57.38,56.051937,Struggle
INT3333,2.47,1.04,87.0,84.3,73.953804,Average
INT3334,1.96,5.0,75.51,86.55,89.63248,Excel
INT3335,6.33,2.47,98.46,63.97,62.361546,Average
INT3336,5.4,,97.78,72.33,75.30584,Average
INT3337,6.85,4.23,70.62,68.0,59.746487,Struggle
INT3338,5.12,3.04,91.03,61.15,62.153934,Average
INT3339,4.65,4.17,77.16,60.82,65.63914,Average
INT3340,5.27,1.43,75.59,53.01,51.398014,Struggle
INT3341,6.82,5.0,52.75,59.77,66.037,Average
INT3342,,1.8,3.59,48.85,52.77251,Struggle
INT3343,4.67,3.83,61.09,57.74,68.62395,Average
INT3344,1.85,3.52,,88.44,79.839874,Average
INT3345,3.69,4.06,2.26,73.49,73.43174,Average
INT3346,5.4,2.55,58.0,56.55,57.22519,Struggle
INT3347,2.87,3.96,67.92,69.93,74.29025,Average
INT3348,2.53,3.39,61.66,62.18,64.97689,Average
INT3349,2.8,2.52,65.8,66.61,67.28561,Average
INT3350,2.67,,78.98,77.42,72.38685,Average
INT3351,2.71,3.6,68.24,87.08,77.825356,Average
INT3352,3.97,1.84,,62.16,55.629868,Struggle
INT3353,6.65,2.47,71.93,70.77,56.54796,Struggle
INT3354,4.18,4.38,64.33,65.6,71.822296,Average
INT3355,2.16,2.68,54.77,54.82,63.785473,Average
INT3356,1.14,5.0,71.29,98.69,93.56915,Excel
INT3357,4.8,1.94,50.57,31.31,43.794483,Struggle
INT3358,3.29,3.99,6.03,84.46,80.597305,Excel
INT3359,5.59,5.0,91.34,78.59,77.97212,Average
INT3360,5.04,1.99,99.84,57.18,58.13759,Struggle
INT3361,5.93,1.03,86.36,50.73,55.363842,Struggle
INT3362,2.66,1.0,21.53,67.07,58.17572,Struggle
INT3363,4.69,1.42,26.7,52.4,54.532276,Struggle
INT3364,2.14,1.0,62.2,80.91,70.425476,Average
INT3365,6.24,2.07,90.43,53.44,51.570763,Struggle
INT3366,,3.28,41.24,64.49,71.54301,Average
INT3367,3.44,3.26,23.22,51.18,66.47365,Average
INT3368,2.46,5.0,50.72,83.14,85.49912,Excel
INT3369,1.94,,51.04,82.61,73.55223,Average
INT3370,4.72,4.51,80.6,58.7,69.31008,Average
INT3371,2.45,5.0,51.09,84.02,85.78814,Excel
INT3372,4.72,,99.68,65.06,65.78747,Average
INT3373,2.27,1.87,59.17,53.03,60.427433,Average
INT3374,5.39,4.28,49.07,68.07,68.87634,Average
INT3375,6.19,1.83,57.75,48.76,47.858242,Struggle
INT3376,5.4,2.27,77.0,67.13,59.76356,Struggle
INT3377,5.56,4.4,54.03,73.23,68.564735,Average
INT3378,2.09,5.0,54.86,97.84,90.13541,Excel
INT3379,1.38,4.34,79.25,89.77,90.17099,Excel
INT3380,5.51,4.86,54.31,62.56,63.745693,Average
INT3381,2.82,1.14,3.91,57.05,60.172413,Average
INT3382,3.51,2.44,45.18,53.47,58.19368,Struggle
INT3383,1.12,4.73,5.13,93.05,92.16482,Excel
INT3384,2.53,1.73,95.83,81.8,79.57138,Average
INT3385,1.56,1.0,0.0,86.4,72.98538,Average
INT3386,6.0,2.03,53.89,39.66,41.844215,Struggle
INT3387,2.06,2.43,28.69,77.3,74.95931,Average
INT3388,4.46,1.8,99.39,63.54,59.05574,Struggle
INT3389,1.0,5.0,1.84,82.27,91.422104,Excel
INT3390,4.57,1.0,61.91,47.01,48.49293,Struggle
INT3391,2.87,,88.48,61.66,75.57151,Average
INT3392,6.11,3.92,0.14,47.37,47.526844,Struggle
INT3393,6.19,3.52,86.36,50.69,56.594086,Struggle
INT3394,2.71,4.36,,90.1,80.113045,Excel
INT3395,6.0,2.82,89.21,40.06,55.792507,Struggle
INT3396,7.0,1.51,63.7,39.75,41.642673,Struggle
INT3397,5.48,2.99,70.08,62.16,64.76658,Average
INT3398,6.54,,70.66,52.84,52.840405,Struggle
INT3399,2.33,1.0,74.56,51.95,62.58791,Average
INT3400,4.66,,58.37,44.11,61.387283,Average
INT3401,1.71,2.95,72.62,98.06,70.06092,Average
INT3402,1.35,1.64,75.54,84.51,80.46897,Excel
INT3403,7.0,3.26,76.59,46.1,55.55651,Struggle
INT3404,3.29,3.68,91.0,75.46,73.71155,Average
INT3405,5.23,1.87,75.87,49.79,54.775158,Struggle
INT3406,6.33,1.0,61.54,48.73,46.328182,Struggle
INT3407,5.67,4.4,56.29,60.99,65.38635,Average
INT3408,,5.0,89.87,77.03,80.41258,Excel
INT3409,2.73,1.8,65.97,64.31,59.90112,Struggle
INT3410,1.0,5.0,0.65,100.0,94.88834,Excel
INT3411,3.67,2.29,57.35,53.55,62.020485,Average
INT3412,2.14,2.66,67.1,66.43,69.944496,Average
INT3413,1.59,1.0,7.63,66.7,70.66442,Average
INT3414,3.13,1.0,95.57,58.97,62.475952,Average
INT3415,6.17,4.47,78.77,72.82,69.744514,Average
INT3416,4.31,1.84,85.12,65.18,61.087852,Average
INT3417,2.6,1.8,92.7,61.55,64.65709,Average
INT3418,4.94,,97.93,93.06,80.41572,Excel
INT3419,2.54,5.0,46.72,89.95,89.00381,Excel
INT3420,1.05,5.0,4.27,93.42,93.20035,Excel
INT3421,5.66,2.73,70.78,77.54,61.49615,Average
INT3422,4.66,1.8,53.6,42.99,47.145443,Struggle
INT3423,5.59,,71.14,76.32,63.899952,Average
INT3424,1.68,3.56,6.27,93.6,89.02465,Excel
INT3425,6.02,3.48,90.24,74.53,65.49661,Average
INT3426,4.47,2.19,94.62,86.04,72.05573,Average
INT3427,4.64,2.19,52.57,54.03,50.35463,Struggle
INT3428,4.59,3.9,76.36,74.99,72.06714,Average
INT3429,6.51,1.85,55.37,41.96,44.168507,Struggle
INT3430,4.08,3.91,60.04,56.0,72.822105,Average
INT3431,4.32,1.8,60.47,51.9,51.046814,Struggle
INT3432,,2.74,45.98,73.8,71.55036,Average
INT3433,5.13,1.0,87.93,59.87,54.02392,Struggle
INT3434,3.81,2.08,53.22,64.19,60.75796,Average
INT3435,5.13,1.57,70.84,57.57,57.004337,Struggle
INT3436,3.71,5.0,83.71,95.41,86.20065,Excel
INT3437,2.39,2.14,56.67,62.3,67.45735,Average
INT3438,4.38,3.11,66.29,78.02,71.84012,Average
INT3439,6.79,2.42,53.23,64.12,53.510315,Struggle
INT3440,6.69,3.54,82.57,53.56,49.951748,Struggle
INT3441,3.35,4.11,98.54,76.19,76.821754,Average
INT3442,4.31,5.0,0.0,81.67,82.35238,Excel
INT3443,1.94,5.0,98.73,95.89,96.462326,Excel
INT3444,7.0,3.02,92.28,70.99,57.28925,Struggle
INT3445,6.78,3.51,92.76,48.12,56.10509,Struggle
INT3446,4.86,5.0,78.86,82.62,80.44442,Excel
INT3447,6.25,2.35,75.91,50.67,49.557465,Struggle
INT3448,5.15,4.1,70.31,63.03,64.76752,Average
INT3449,,3.33,90.9,85.44,74.24474,Average
INT3450,1.18,1.55,59.1,68.51,68.270004,Average
INT3451,3.32,3.94,52.81,77.44,73.67867,Average
INT3452,5.0,3.18,97.39,76.41,74.757126,Average
INT3453,5.17,4.0,50.19,67.88,70.71088,Average
INT3454,3.15,1.0,73.09,68.73,62.083138,Average
INT3455,6.54,3.48,86.44,51.17,54.37259,Struggle
INT3456,2.32,4.0,66.42,85.21,88.24524,Excel
INT3457,3.53,1.8,84.89,47.37,55.655373,Struggle
INT3458,4.95,1.0,90.89,54.59,55.838036,Struggle
INT3459,5.49,4.0,62.27,73.46,74.02183,Average
INT3460,5.31,1.92,88.54,54.69,58.695465,Struggle
INT3461,2.56,2.9,90.22,95.27,82.860146,Excel
INT3462,2.33,1.53,,62.07,64.90485,Average
INT3463,4.52,3.24,52.1,54.73,55.243176,Struggle
INT3464,4.32,3.01,4.47,69.35,67.05567,Average
INT3465,2.43,1.63,60.03,79.37,70.839775,Average
INT3466,5.63,4.92,53.26,54.69,66.610016,Average
INT3467,3.45,,61.64,71.1,70.21618,Average
INT3468,4.57,4.17,2.74,70.69,69.50772,Average
INT3469,5.61,3.54,94.22,51.67,60.069656,Average
INT3470,1.78,2.57,62.61,72.29,69.8861,Average
INT3471,1.37,1.8,0.0,65.29,59.726086,Struggle
INT3472,5.68,,81.95,68.49,59.192684,Struggle
INT3473,4.62,2.8,93.87,64.67,68.066734,Average
INT3474,5.28,1.34,76.23,51.47,53.090214,Struggle
INT3475,6.42,,68.68,49.53,54.067585,Struggle
INT3476,5.41,1.0,93.35,47.9,54.583317,Struggle
INT3477,6.96,1.0,65.51,31.41,36.000744,Struggle
INT3478,4.65,2.74,53.97,66.02,66.06927,Average
INT3479,3.64,1.72,72.25,63.17,67.340706,Average
INT3480,3.75,2.46,89.25,93.49,74.82523,Average
INT3481,2.12,2.78,51.54,80.25,73.55865,Average
INT3482,3.95,1.0,79.29,42.29,56.241203,Struggle
INT3483,2.39,2.47,54.51,75.46,59.966793,Struggle
INT3484,6.64,1.8,65.05,41.97,38.330357,Struggle
INT3485,4.5,4.92,25.43,71.18,66.61755,Average
INT3486,4.59,5.0,63.94,80.93,77.219444,Average
INT3487,2.86,2.92,43.64,75.53,66.982574,Average
INT3488,1.49,3.53,67.85,84.25,81.96372,Excel
INT3489,1.0,1.0,6.79,73.36,67.75928,Average
INT3490,3.43,4.35,82.09,67.72,74.95386,Average
INT3491,1.38,,87.95,93.12,89.56726,Excel
INT3492,4.81,1.0,91.0,60.35,55.509743,Struggle
INT3493,5.88,2.86,96.15,49.38,55.519245,Struggle
INT3494,6.01,2.58,71.55,50.64,53.105255,Struggle
INT3495,4.65,2.85,99.23,74.81,72.42094,Average
INT3496,1.88,3.3,5.12,66.79,69.0421,Average
INT3497,5.89,3.71,3.54,81.24,79.54789,Average
INT3498,6.43,2.18,76.7,36.22,53.31501,Struggle
INT3499,2.41,1.0,69.06,75.56,65.70644,Average
INT3500,5.58,4.64,48.31,63.68,66.457924,Average
INT3501,2.7,1.7,89.2,69.87,73.72918,Average
INT3502,5.37,4.43,96.51,72.57,72.515564,Average
INT3503,7.0,2.46,56.82,44.68,50.34284,Struggle
INT3504,1.0,1.0,0.0,67.66,67.21168,Average
INT3505,6.55,1.0,53.36,37.98,39.999866,Struggle
INT3506,5.15,4.52,,75.67,69.63884,Average
INT3507,7.0,4.01,72.45,62.66,62.87056,Average
INT3508,,3.19,45.13,85.3,70.61108,Average
INT3509,5.9,2.13,78.07,51.53,52.155224,Struggle
INT3510,,2.37,68.35,79.25,68.729996,Average
INT3511,3.12,1.0,52.22,63.59,54.58341,Struggle
INT3512,1.51,5.0,68.46,92.26,91.26209,Excel
INT3513,7.0,2.99,74.95,62.46,61.938026,Average
INT3514,5.41,1.92,33.08,63.96,60.2638,Average
INT3515,6.44,1.0,0.24,30.08,35.407032,Struggle
INT3516,6.87,2.2,41.4,57.78,55.860806,Struggle
INT3517,1.15,2.67,79.3,83.87,80.82839,Excel
INT3518,,4.0,62.0,82.53,79.42384,Average
INT3519,1.57,1.03,79.37,69.18,68.187645,Average
INT3520,2.26,2.88,43.01,76.94,75.07897,Average
INT3521,2.0,,2.23,73.62,78.49172,Average
INT3522,3.4,1.0,60.7,59.56,58.437557,Struggle
INT3523,2.89,1.0,67.8,65.14,62.717594,Average
INT3524,1.27,5.0,25.12,89.38,88.202774,Excel
INT3525,1.67,3.03,,74.48,77.01804,Average
INT3526,2.21,3.45,51.97,93.43,77.22802,Average
INT3527,6.95,5.0,79.41,68.49,65.20041,Average
INT3528,5.66,1.93,71.29,52.87,49.948566,Struggle
INT3529,6.79,2.99,66.32,50.95,58.90727,Struggle
INT3530,3.71,2.13,82.05,56.8,65.89653,Average
INT3531,2.77,5.0,50.1,88.19,85.00875,Excel
INT3532,6.26,3.42,98.4,60.67,62.79277,Average
INT3533,2.68,3.37,32.76,67.29,66.48656,Average
INT3534,2.51,3.01,95.85,69.32,82.94998,Excel
INT3535,1.96,2.64,22.18,65.85,73.402,Average
INT3536,1.94,1.0,61.9,69.12,68.32157,Average
INT3537,2.59,3.3,,61.08,68.024994,Average
INT3538,2.74,3.2,75.08,88.47,75.114815,Average
INT3539,4.9,4.14,21.55,68.1,62.657833,Average
INT3540,1.06,3.82,81.98,73.91,78.30753,Average
INT3541,2.09,4.48,93.48,81.84,89.43685,Excel
INT3542,6.3,5.0,60.73,72.76,69.27304,Average
INT3543,2.06,1.8,68.14,53.85,61.546883,Average
INT3544,2.57,,97.92,93.37,84.94453,Excel
INT3545,5.94,1.0,94.68,51.5,50.6048,Struggle
INT3546,1.44,4.51,0.96,84.58,87.25084,Excel
INT3547,1.71,2.33,78.67,85.42,77.373436,Average
INT3548,3.88,4.01,58.5,77.55,72.38738,Average
INT3549,3.3,5.0,60.69,92.55,85.200516,Excel
INT3550,4.61,1.0,72.49,51.59,50.102512,Struggle
INT3551,5.84,1.39,92.37,53.39,54.128002,Struggle
INT3552,2.12,2.95,65.1,73.91,73.85377,Average
INT3553,4.68,4.0,68.59,78.07,78.045334,Average
INT3554,3.77,1.0,58.24,48.82,54.11928,Struggle
INT3555,1.89,4.0,60.46,85.87,89.41919,Excel
INT3556,4.8,1.6,82.84,60.42,62.679142,Average
INT3557,2.59,1.0,,62.13,59.998398,Struggle
INT3558,3.61,2.04,61.56,72.68,64.684326,Average
INT3559,1.21,2.16,70.15,67.14,72.35391,Average
INT3560,3.54,1.06,46.24,65.97,61.183304,Average
INT3561,2.35,1.0,99.37,64.48,69.298584,Average
INT3562,6.35,4.03,92.68,61.34,65.40215,Average
INT3563,1.53,2.4,69.4,84.5,78.15479,Average
INT3564,3.7,4.82,95.7,79.02,81.94525,Excel
INT3565,3.82,2.42,67.13,63.28,67.18091,Average
INT3566,5.54,3.52,83.4,60.43,62.73176,Average
INT3567,4.93,1.0,98.33,64.42,61.684593,Average
INT3568,4.89,1.82,,54.56,55.02184,Struggle
INT3569,5.87,3.81,83.99,83.85,73.147224,Average
INT3570,,4.2,64.8,68.45,71.800896,Average
INT3571,3.23,1.0,,58.88,61.557434,Average
INT3572,,1.0,78.71,43.77,56.241203,Struggle
INT3573,6.44,5.0,70.01,85.48,73.468346,Average
INT3574,6.45,3.91,72.66,49.4,61.517643,Average
INT3575,6.14,2.95,,66.08,56.523556,Struggle
INT3576,2.86,3.12,95.72,87.93,81.85626,Excel
INT3577,2.12,2.06,62.69,67.37,77.018456,Average
INT3578,3.94,1.93,70.09,66.91,63.650257,Average
INT3579,5.21,2.87,82.17,77.73,65.29988,Average
INT3580,4.18,5.0,75.9,75.02,78.22833,Average
INT3581,3.67,2.41,54.8,45.81,56.935722,Struggle
INT3582,6.38,1.33,99.68,50.66,50.372204,Struggle
INT3583,2.85,1.0,63.62,66.02,61.868557,Average
INT3584,6.03,3.87,3.13,62.28,59.877346,Struggle
INT3585,3.56,3.78,80.91,64.03,76.266884,Average
INT3586,3.08,1.89,54.38,48.54,54.129005,Struggle
INT3587,3.3,4.58,74.77,84.58,79.22483,Average
INT3588,5.92,1.0,0.15,57.44,51.82065,Struggle
INT3589,1.86,1.84,94.83,65.25,74.50082,Average
INT3590,2.55,2.75,66.87,60.49,69.099556,Average
INT3591,7.0,1.0,6.61,39.9,38.11906,Struggle
INT3592,2.1,4.29,84.87,77.53,87.275055,Excel
INT3593,4.82,3.68,67.0,78.6,75.12831,Average
INT3594,4.83,5.0,53.24,70.7,74.21644,Average
INT3595,4.4,3.63,75.27,61.49,64.00984,Average
INT3596,5.22,1.64,80.08,61.74,60.27543,Average
INT3597,2.7,3.02,,71.37,67.00515,Average
INT3598,4.29,2.77,54.78,45.95,72.43379,Average
INT3599,2.94,1.0,60.36,50.08,61.05857,Average
INT3600,5.38,4.56,38.89,82.49,71.55288,Average
INT3601,2.07,3.35,77.05,71.15,81.41675,Excel
INT3602,4.21,1.8,64.69,54.04,54.595497,Struggle
INT3603,1.95,3.69,2.32,75.56,82.33807,Excel
INT3604,2.86,2.77,93.47,76.48,77.82655,Average
INT3605,2.29,1.0,,47.89,64.279335,Average
INT3606,1.68,1.39,74.77,62.28,68.858955,Average
INT3607,5.59,4.11,97.64,60.84,63.526012,Average
INT3608,2.96,1.73,5.67,86.63,79.674324,Average
INT3609,6.39,2.71,85.86,44.38,54.555428,Struggle
INT3610,6.83,1.0,71.56,49.06,44.805225,Struggle
INT3611,4.7,4.03,51.0,61.92,62.151974,Average
INT3612,2.11,3.55,82.31,95.35,87.10229,Excel
INT3613,2.92,3.1,56.86,65.77,68.66107,Average
INT3614,5.39,2.33,1.51,35.26,49.18669,Struggle
INT3615,3.29,1.0,48.91,75.4,62.416473,Average
INT3616,1.76,3.79,95.77,95.78,89.32553,Excel
INT3617,3.99,1.24,60.25,46.1,58.651463,Struggle
INT3618,5.94,1.7,,50.75,52.4255,Struggle
INT3619,6.15,1.8,9.84,38.86,37.943203,Struggle
INT3620,2.49,,90.54,60.77,75.68454,Average
INT3621,4.99,1.93,91.23,63.49,60.168636,Average
INT3622,1.9,2.99,87.96,69.45,92.49753,Excel
INT3623,2.07,3.38,43.03,82.76,82.04008,Excel
INT3624,5.97,4.21,53.6,54.68,58.993477,Struggle
INT3625,2.24,2.62,67.47,69.82,71.85318,Average
INT3626,2.57,1.63,83.99,77.58,74.59872,Average
INT3627,1.08,1.0,3.88,80.85,77.14014,Average
INT3628,5.84,1.96,98.25,40.41,48.46577,Struggle
INT3629,6.15,4.37,39.79,77.56,73.39585,Average
INT3630,4.88,4.0,57.8,81.85,73.41944,Average
INT3631,5.6,1.0,76.96,42.91,46.364292,Struggle
INT3632,,1.8,57.53,54.3,50.943966,Struggle
INT3633,3.88,1.0,73.06,57.11,55.689796,Struggle
INT3634,3.54,2.64,77.24,82.05,71.49579,Average
INT3635,1.35,2.65,97.54,91.36,90.719536,Excel
INT3636,3.66,4.0,68.33,81.48,80.590065,Excel
INT3637,6.54,2.01,99.0,72.27,70.022224,Average
INT3638,1.25,3.6,3.76,83.98,89.93484,Excel
INT3639,2.48,2.45,62.12,69.95,69.53875,Average
INT3640,2.45,3.55,22.4,82.26,75.129456,Average
INT3641,1.96,2.85,57.08,67.18,73.371056,Average
INT3642,6.64,1.0,72.65,52.46,46.94871,Struggle
INT3643,3.77,2.58,9.7,64.0,66.89199,Average
INT3644,3.99,1.23,48.87,72.0,61.75929,Average
INT3645,5.54,3.38,99.42,74.61,71.80213,Average
INT3646,2.41,2.45,83.51,85.38,82.394615,Excel
INT3647,3.75,1.88,87.99,82.58,62.91594,Average
INT3648,4.06,4.37,55.95,70.98,70.43415,Average
INT3649,4.14,1.08,73.66,67.76,58.98864,Struggle
INT3650,7.0,1.73,64.31,53.99,39.95045,Struggle
INT3651,5.57,2.6,94.7,62.6,62.0917,Average
INT3652,3.71,3.57,59.06,51.98,61.220562,Average
INT3653,6.26,1.0,72.94,36.43,41.640675,Struggle
INT3654,2.32,3.04,79.4,83.14,70.59264,Average
INT3655,1.0,4.96,6.4,87.32,87.76948,Excel
INT3656,2.55,5.0,91.51,100.0,92.81131,Excel
INT3657,2.75,1.0,61.57,60.86,61.759087,Average
INT3658,3.59,3.38,6.56,62.78,64.36602,Average
INT3659,4.41,2.61,53.27,55.2,51.619385,Struggle
INT3660,6.44,1.08,76.4,42.86,48.059834,Struggle
INT3661,4.3,2.09,70.11,75.07,68.58922,Average
INT3662,3.73,1.8,51.47,51.42,49.67904,Struggle
INT3663,1.0,1.44,62.62,91.7,78.95925,Average
INT3664,1.36,3.55,4.95,100.0,88.49987,Excel
INT3665,4.79,1.0,81.01,65.93,54.05097,Struggle
INT3666,,5.0,92.83,88.4,85.26929,Excel
INT3667,6.23,4.38,75.84,54.65,66.12664,Average
INT3668,2.02,1.0,7.07,63.31,63.865597,Average
INT3669,1.43,,8.49,91.81,81.39669,Excel
INT3670,4.17,3.45,82.67,90.18,74.658195,Average
INT3671,2.46,1.46,74.66,58.16,67.503044,Average
INT3672,1.22,1.9,8.75,66.84,73.58016,Average
INT3673,5.71,1.8,84.73,51.25,49.205627,Struggle
INT3674,2.14,1.15,99.4,73.97,73.54612,Average
INT3675,4.28,2.89,75.52,83.24,67.357475,Average
INT3676,2.77,4.03,,78.91,79.049965,Average
INT3677,2.33,1.49,64.34,73.01,71.04336,Average
INT3678,3.31,4.35,73.84,86.4,75.857895,Average
INT3679,5.72,4.41,93.64,57.39,66.85354,Average
INT3680,3.51,2.06,19.96,52.54,54.779037,Struggle
INT3681,5.27,3.76,98.9,85.64,81.09348,Excel
INT3682,1.6,3.4,,96.39,83.10602,Excel
INT3683,6.13,2.37,79.89,70.96,59.074917,Struggle
INT3684,2.56,2.85,,76.1,71.7072,Average
INT3685,5.43,2.16,61.15,72.15,54.50694,Struggle
INT3686,4.7,2.52,63.82,52.82,63.451603,Average
INT3687,6.72,4.09,52.51,46.86,50.900906,Struggle
INT3688,3.66,5.0,73.76,86.91,82.58139,Excel
INT3689,1.19,1.96,52.87,68.79,69.21318,Average
INT3690,1.25,3.98,1.71,99.24,96.33251,Excel
INT3691,6.05,4.56,20.24,58.44,61.988583,Average
INT3692,4.27,1.0,59.97,48.74,52.191097,Struggle
INT3693,5.32,3.85,77.24,74.07,70.822975,Average
INT3694,2.19,1.47,,69.46,72.94127,Average
INT3695,2.86,4.33,84.76,78.49,81.54575,Excel
INT3696,1.28,2.14,1.36,65.57,71.08168,Average
INT3697,7.0,5.0,88.85,77.09,72.37653,Average
INT3698,5.46,3.77,86.87,56.06,61.837345,Average
INT3699,6.33,1.0,94.59,52.19,46.235203,Struggle
INT3700,2.39,1.0,60.23,51.25,56.08008,Struggle
INT3701,4.21,5.0,92.94,90.13,88.002914,Excel
INT3702,4.97,1.85,65.05,62.98,60.586388,Average
INT3703,3.24,2.97,97.05,89.24,86.11718,Excel
INT3704,6.51,3.8,38.08,57.38,58.725037,Struggle
INT3705,6.42,2.7,70.8,55.37,57.14523,Struggle
INT3706,6.08,1.24,98.19,47.48,55.212784,Struggle
INT3707,5.15,2.24,4.26,54.02,58.867092,Struggle
INT3708,2.51,1.0,98.72,75.16,75.037735,Average
INT3709,2.99,3.91,54.29,90.26,82.45163,Excel
INT3710,6.93,2.19,60.93,65.62,57.804142,Struggle
INT3711,1.35,4.25,6.3,81.61,84.49163,Excel
INT3712,,1.8,99.68,56.87,61.033016,Average
INT3713,5.0,3.14,74.43,69.38,62.338238,Average
INT3714,4.47,1.0,54.13,47.48,50.411728,Struggle
INT3715,6.45,1.8,84.72,43.28,47.79892,Struggle
INT3716,3.15,1.0,64.1,69.56,63.750748,Average
INT3717,3.39,4.03,89.17,81.67,79.41374,Average
INT3718,1.74,4.95,61.21,84.78,86.374756,Excel
INT3719,3.23,3.06,65.15,55.13,69.377914,Average
INT3720,2.83,2.94,54.88,51.84,63.49777,Average
INT3721,2.61,,44.92,69.54,72.372116,Average
INT3722,5.62,,59.04,64.5,59.18637,Struggle
INT3723,6.55,,62.87,40.47,52.47489,Struggle
INT3724,2.09,1.0,94.41,73.98,69.8425,Average
INT3725,3.56,2.79,66.34,82.24,70.76831,Average
INT3726,6.75,3.82,78.33,78.5,66.82713,Average
INT3727,1.02,5.0,49.42,93.71,96.041855,Excel
INT3728,1.28,5.0,53.7,83.91,87.52785,Excel
INT3729,1.77,1.0,68.14,64.84,66.03864,Average
INT3730,4.19,1.8,70.4,47.22,53.65149,Struggle
INT3731,1.69,3.16,94.79,73.37,78.99057,Average
INT3732,7.0,3.07,66.22,39.28,43.152176,Struggle
INT3733,3.42,3.83,68.96,86.4,78.55729,Average
INT3734,4.35,3.16,89.14,87.25,75.97805,Average
INT3735,2.45,3.7,58.89,88.54,81.79983,Excel
INT3736,3.65,1.54,89.91,61.26,61.972004,Average
INT3737,4.88,4.44,97.69,84.32,82.012276,Excel
INT3738,5.72,5.0,9.62,72.67,71.569336,Average
INT3739,5.54,1.0,70.38,40.23,43.501217,Struggle
INT3740,3.98,3.48,0.0,88.66,79.88886,Average
INT3741,6.85,3.69,46.21,42.4,47.64297,Struggle
INT3742,5.47,2.12,63.89,42.86,50.19815,Struggle
INT3743,5.98,1.63,65.15,59.79,53.147278,Struggle
INT3744,1.0,2.62,61.19,84.65,84.14331,Excel
INT3745,1.31,2.18,3.01,65.26,71.33812,Average
INT3746,2.3,1.28,59.22,62.84,63.96628,Average
INT3747,,3.97,53.16,78.09,75.44402,Average
INT3748,3.04,4.51,94.42,81.58,84.51798,Excel
INT3749,3.15,4.72,96.55,84.16,86.371666,Excel
INT3750,6.59,2.65,79.34,42.77,51.353134,Struggle
INT3751,6.76,1.0,58.19,47.17,42.335327,Struggle
INT3752,6.49,1.11,59.18,39.13,41.83832,Struggle
INT3753,2.73,1.0,95.08,66.96,64.52905,Average
INT3754,4.71,3.54,75.32,56.24,62.441982,Average
INT3755,2.81,1.0,53.36,53.83,57.584522,Struggle
INT3756,1.92,4.1,57.07,73.65,75.57649,Average
INT3757,1.67,3.11,41.69,72.09,72.601654,Average
INT3758,3.22,3.28,52.18,76.9,67.48759,Average
INT3759,3.57,1.8,65.46,52.8,55.024635,Struggle
INT3760,5.5,2.66,,52.83,54.488674,Struggle
INT3761,1.33,1.0,61.8,53.56,57.964268,Struggle
INT3762,5.61,2.73,63.28,53.57,61.623375,Average
INT3763,3.75,2.02,99.72,55.4,63.103344,Average
INT3764,3.1,5.0,61.78,90.99,84.50274,Excel
INT3765,3.77,3.16,61.96,70.82,61.888966,Average
INT3766,2.39,1.96,84.34,74.64,71.56454,Average
INT3767,4.84,1.0,71.76,51.95,49.44597,Struggle
INT3768,3.62,3.17,69.35,68.95,63.97353,Average
INT3769,1.8,5.0,0.0,95.13,90.86687,Excel
INT3770,1.61,1.8,67.01,62.1,61.07926,Average
INT3771,3.8,4.87,,65.32,71.41227,Average
INT3772,6.57,3.26,66.48,65.54,57.082104,Struggle
INT3773,2.93,3.07,44.48,81.71,74.089775,Average
INT3774,5.61,4.01,68.36,68.27,67.99868,Average
INT3775,5.08,5.0,83.64,77.25,78.59821,Average
INT3776,6.74,,61.85,63.67,54.08463,Struggle
INT3777,6.22,1.62,,58.26,50.511497,Struggle
INT3778,4.53,1.28,67.37,67.74,53.67585,Struggle
INT3779,4.86,3.16,40.04,70.4,60.591335,Average
INT3780,6.28,5.0,77.89,65.47,69.306564,Average
INT3781,3.02,4.0,55.87,97.91,84.20044,Excel
INT3782,3.24,1.0,61.94,45.03,54.323475,Struggle
INT3783,1.32,2.22,0.19,81.34,76.763916,Average
INT3784,5.71,1.12,86.09,54.56,54.95744,Struggle
INT3785,6.17,1.0,61.7,40.42,38.918762,Struggle
INT3786,1.72,1.0,98.75,78.16,74.355316,Average
INT3787,4.44,4.64,83.24,80.87,75.63399,Average
INT3788,3.3,,72.62,47.17,67.99049,Average
INT3789,1.59,4.77,,86.74,87.754364,Excel
INT3790,7.0,1.77,76.66,60.08,56.109016,Struggle
INT3791,1.88,3.6,58.24,57.46,75.460754,Average
INT3792,1.36,2.81,71.47,69.47,78.64914,Average
INT3793,5.06,2.52,70.44,64.2,62.84217,Average
INT3794,5.65,4.85,86.0,74.37,71.23397,Average
INT3795,1.24,5.0,8.89,87.23,88.750206,Excel
INT3796,4.98,4.21,91.09,83.96,78.15842,Average
INT3797,3.73,5.0,66.31,82.42,80.205765,Excel
INT3798,2.08,4.13,72.2,81.45,78.430534,Average
INT3799,2.47,2.63,,94.65,71.2827,Average
INT3800,4.59,5.0,55.19,78.24,77.02346,Average
INT3801,2.38,4.0,65.4,83.34,86.92659,Excel
INT3802,6.34,2.65,1.15,35.5,39.67589,Struggle
INT3803,5.59,3.86,65.29,70.63,68.49999,Average
INT3804,6.92,1.89,79.74,54.49,54.49767,Struggle
INT3805,2.27,3.19,32.32,81.89,77.10397,Average
INT3806,7.0,2.31,86.28,43.45,49.68438,Struggle
INT3807,3.64,2.38,78.99,66.95,72.65425,Average
INT3808,2.61,1.09,57.29,56.87,61.20014,Average
INT3809,1.54,3.77,37.83,71.58,81.776886,Excel
INT3810,1.01,,61.07,60.78,65.88984,Average
INT3811,5.47,4.02,69.52,75.52,67.24109,Average
INT3812,3.61,1.84,75.8,51.69,57.1808,Struggle
INT3813,2.2,2.05,75.34,68.71,72.57919,Average
INT3814,4.19,1.0,87.73,58.69,57.635685,Struggle
INT3815,3.01,4.16,59.46,77.13,74.7717,Average
INT3816,4.58,1.0,97.32,62.36,59.26092,Struggle
INT3817,3.08,1.04,67.14,55.43,60.528893,Average
INT3818,5.54,4.55,39.37,54.96,69.99886,Average
INT3819,6.12,5.0,60.82,65.33,67.489655,Average
INT3820,3.64,1.0,90.28,58.09,58.86692,Struggle
INT3821,3.59,3.3,68.92,58.65,65.94212,Average
INT3822,,2.79,87.34,66.65,70.33435,Average
INT3823,6.07,3.89,65.66,84.74,71.19679,Average
INT3824,3.44,4.19,88.34,74.34,77.479256,Average
INT3825,1.86,4.2,51.71,69.36,75.888214,Average
INT3826,1.29,1.0,91.37,71.48,73.24986,Average
INT3827,3.55,2.76,88.72,73.52,73.32715,Average
INT3828,3.46,1.0,83.46,52.67,61.72979,Average
INT3829,6.52,1.8,49.08,45.18,45.138866,Struggle
INT3830,1.89,2.67,98.97,77.99,78.97673,Average
INT3831,3.65,1.59,71.56,62.83,65.589355,Average
INT3832,6.12,3.15,0.0,37.84,45.35653,Struggle
INT3833,5.82,2.75,34.53,64.72,58.397797,Struggle
INT3834,2.83,2.97,5.72,81.51,83.94551,Excel
INT3835,3.26,4.18,28.09,60.55,71.16882,Average
INT3836,2.52,5.0,79.34,75.05,85.73734,Excel
INT3837,6.59,5.0,65.48,65.51,68.84665,Average
INT3838,1.67,5.0,46.81,90.98,91.71956,Excel
INT3839,6.69,2.65,60.0,58.6,52.82626,Struggle
INT3840,5.37,3.75,,73.94,71.80307,Average
INT3841,,2.31,95.01,55.26,63.789886,Average
INT3842,,1.05,2.27,71.04,61.54053,Average
INT3843,4.15,2.92,92.01,66.64,66.35526,Average
INT3844,3.28,3.24,91.43,65.13,66.902,Average
INT3845,1.76,1.71,66.1,68.46,74.43079,Average
INT3846,5.2,1.8,64.94,43.84,45.947655,Struggle
INT3847,7.0,5.0,65.25,55.01,65.04364,Average
INT3848,4.78,,90.57,64.58,67.69381,Average
INT3849,4.93,3.92,91.58,68.71,72.49419,Average
INT3850,1.41,3.19,44.48,68.47,74.470634,Average
INT3851,3.1,2.36,79.63,58.72,67.98775,Average
INT3852,2.16,4.93,2.45,81.73,83.34152,Excel
INT3853,4.4,2.94,73.44,82.38,71.559845,Average
INT3854,6.33,1.8,40.28,49.71,37.38323,Struggle
INT3855,5.36,1.0,57.94,45.98,46.42883,Struggle
INT3856,1.93,5.0,97.38,97.89,97.50941,Excel
INT3857,3.33,,62.23,61.64,68.69557,Average
INT3858,3.92,5.0,98.61,86.8,88.11973,Excel
INT3859,3.41,,58.98,64.77,70.634705,Average
INT3860,6.32,2.43,60.68,51.22,50.713505,Struggle
INT3861,5.96,3.04,11.13,41.54,51.016354,Struggle
INT3862,4.3,1.99,86.24,60.15,61.547386,Average
INT3863,2.91,3.02,46.8,63.65,69.77445,Average
INT3864,,,58.9,88.26,64.24705,Average
INT3865,1.67,4.7,60.32,90.79,90.034615,Excel
INT3866,3.34,2.68,64.96,75.99,71.624306,Average
INT3867,3.35,,0.0,71.76,72.63093,Average
INT3868,5.08,,,54.31,64.62049,Average
INT3869,5.43,3.27,54.55,62.52,60.994865,Average
INT3870,1.25,2.64,63.16,72.17,79.954124,Average
INT3871,3.54,3.13,68.57,77.17,67.970764,Average
INT3872,1.76,1.24,92.59,72.35,74.20602,Average
INT3873,1.56,3.37,89.63,88.65,84.36716,Excel
INT3874,6.24,4.33,72.14,72.63,66.14203,Average
INT3875,1.59,1.0,9.29,78.46,71.70404,Average
INT3876,3.69,1.0,78.43,55.57,58.012585,Struggle
INT3877,1.67,1.06,3.82,79.55,77.170616,Average
INT3878,6.02,1.38,62.59,48.72,50.717026,Struggle
INT3879,4.75,1.69,84.17,74.62,67.2767,Average
INT3880,2.18,4.6,43.33,96.27,90.08055,Excel
INT3881,4.33,1.94,80.9,69.48,66.937256,Average
INT3882,5.18,2.66,84.15,57.09,55.58193,Struggle
INT3883,7.0,1.62,69.23,55.32,51.689598,Struggle
INT3884,2.73,1.0,93.45,61.15,66.140816,Average
INT3885,5.86,1.81,58.12,41.63,47.554745,Struggle
INT3886,,3.68,94.19,78.46,72.998276,Average
INT3887,6.17,3.48,67.11,56.03,56.158207,Struggle
INT3888,4.53,1.85,16.45,36.66,56.280266,Struggle
INT3889,4.74,1.62,49.4,51.6,51.890427,Struggle
INT3890,3.5,2.73,68.8,79.04,68.04526,Average
INT3891,5.34,4.86,90.77,72.23,73.26957,Average
INT3892,4.27,5.0,71.54,79.6,78.70293,Average
INT3893,4.73,2.97,8.87,59.26,62.244453,Average
INT3894,3.09,5.0,65.41,87.27,85.70699,Excel
INT3895,5.46,3.01,60.47,59.96,57.247543,Struggle
INT3896,5.97,4.59,37.71,61.97,63.008278,Average
INT3897,2.07,3.19,80.34,86.83,81.89226,Excel
INT3898,6.15,1.8,82.85,47.18,44.970757,Struggle
INT3899,4.64,2.85,78.91,88.02,61.29,Average
INT3900,6.03,1.8,99.4,45.04,48.29201,Struggle
INT3901,3.1,1.82,84.55,58.05,60.21676,Average
INT3902,3.4,4.0,5.58,92.08,86.4689,Excel
INT3903,6.67,3.27,55.9,58.47,58.66753,Struggle
INT3904,2.53,5.0,6.23,84.61,88.32292,Excel
INT3905,6.26,2.86,65.55,58.23,57.240337,Struggle
INT3906,3.72,3.31,56.83,58.1,63.451675,Average
INT3907,3.73,4.0,76.29,82.43,84.18857,Excel
INT3908,3.01,1.0,48.43,56.81,60.732235,Average
INT3909,4.19,5.0,78.75,82.74,83.24624,Excel
INT3910,2.91,1.0,87.26,67.38,65.428474,Average
INT3911,1.23,5.0,7.17,100.0,94.75144,Excel
INT3912,2.61,1.8,93.91,64.29,62.55541,Average
INT3913,,2.32,7.63,75.17,68.9023,Average
INT3914,,,66.93,70.31,69.3639,Average
INT3915,7.0,2.69,62.79,45.39,57.424133,Struggle
INT3916,3.59,3.79,38.07,77.68,75.26091,Average
INT3917,5.3,5.0,54.64,77.25,70.85424,Average
INT3918,2.76,3.75,77.66,80.55,81.37093,Excel
INT3919,4.61,5.0,61.36,78.56,76.88975,Average
INT3920,6.0,1.79,57.38,57.75,55.54296,Struggle
INT3921,6.5,3.29,53.06,47.44,54.20119,Struggle
INT3922,3.13,1.0,51.05,40.91,52.247406,Struggle
INT3923,5.58,1.0,,48.89,47.587,Struggle
INT3924,2.69,2.37,94.51,67.82,78.85491,Average
INT3925,7.0,3.03,76.02,55.32,57.851505,Struggle
INT3926,1.3,1.0,2.01,68.73,67.290825,Average
INT3927,4.98,1.96,62.68,46.54,51.72958,Struggle
INT3928,4.68,1.0,62.17,42.59,47.561653,Struggle
INT3929,5.27,4.13,54.99,73.76,62.938828,Average
INT3930,1.32,4.17,90.86,86.84,85.547775,Excel
INT3931,6.68,1.43,54.33,42.73,46.522293,Struggle
INT3932,2.17,4.0,31.52,87.37,90.308304,Excel
INT3933,4.46,2.88,5.57,44.64,53.97969,Struggle
INT3934,2.23,4.72,89.07,94.77,87.243614,Excel
INT3935,3.17,5.0,51.96,69.67,76.71093,Average
INT3936,3.93,1.8,65.42,48.5,52.94113,Struggle
INT3937,3.43,3.52,48.15,77.16,78.526955,Average
INT3938,2.39,3.05,70.48,91.02,72.15568,Average
INT3939,2.03,3.52,64.11,69.96,77.96196,Average
INT3940,,5.0,43.05,85.25,84.80813,Excel
INT3941,5.87,1.0,89.89,49.5,46.845436,Struggle
INT3942,6.09,2.92,98.7,57.41,55.538036,Struggle
INT3943,,1.17,67.4,61.64,57.63483,Struggle
INT3944,3.62,1.8,51.96,50.3,51.13893,Struggle
INT3945,1.85,2.75,51.83,61.54,66.66548,Average
INT3946,1.0,5.0,2.34,100.0,93.86845,Excel
INT3947,4.79,1.0,77.62,44.14,50.412148,Struggle
INT3948,4.51,2.51,89.18,63.7,72.276665,Average
INT3949,2.31,4.73,84.87,78.73,84.36731,Excel
INT3950,2.32,5.0,75.08,95.87,87.93087,Excel
INT3951,1.57,5.0,5.21,100.0,95.30523,Excel
INT3952,6.51,4.81,89.42,70.74,70.8815,Average
INT3953,7.0,5.0,73.76,73.8,69.25119,Average
INT3954,1.98,4.95,40.95,91.94,88.24673,Excel
INT3955,2.28,3.85,75.35,92.93,80.92363,Excel
INT3956,5.78,3.63,,64.41,62.969116,Average
INT3957,6.63,,80.51,36.19,50.778294,Struggle
INT3958,3.38,2.41,29.54,60.21,65.071465,Average
INT3959,1.15,4.39,,91.5,88.56899,Excel
INT3960,1.43,1.0,1.72,71.82,70.65205,Average
INT3961,4.4,1.09,81.01,54.82,59.451637,Struggle
INT3962,3.61,2.31,26.72,68.66,63.764107,Average
INT3963,1.07,,0.0,100.0,90.622246,Excel
INT3964,4.15,1.0,6.69,43.29,44.788776,Struggle
INT3965,1.03,3.88,3.21,100.0,98.70719,Excel
INT3966,,5.0,74.4,71.67,81.83325,Excel
INT3967,3.14,4.66,61.25,84.29,83.43105,Excel
INT3968,1.0,2.72,1.6,87.04,85.5692,Excel
INT3969,4.42,2.05,52.22,76.98,60.509407,Average
INT3970,3.82,1.08,60.73,67.29,60.67557,Average
INT3971,6.46,1.8,99.48,49.0,50.803543,Struggle
INT3972,4.02,3.98,76.69,64.8,78.72277,Average
INT3973,2.41,4.86,64.45,77.93,80.36217,Excel
INT3974,,4.0,82.88,74.83,81.10761,Excel
INT3975,2.54,3.96,63.76,86.09,83.17198,Excel
INT3976,6.01,1.0,8.86,52.43,48.985992,Struggle
INT3977,,,65.41,68.53,66.78401,Average
INT3978,3.9,2.13,0.63,63.75,67.25982,Average
INT3979,1.41,2.64,80.26,58.88,69.29902,Average
INT3980,3.57,3.4,69.33,66.64,68.30131,Average
INT3981,5.98,1.8,53.64,40.23,37.714104,Struggle
INT3982,5.4,5.0,30.62,67.39,73.87711,Average
INT3983,2.49,3.63,86.87,67.65,74.63408,Average
INT3984,2.29,2.94,82.75,68.05,80.45041,Excel
INT3985,5.81,3.84,59.71,71.84,62.76935,Average
INT3986,6.68,4.12,38.54,49.47,51.79092,Struggle
INT3987,1.68,1.0,63.17,56.54,63.922817,Average
INT3988,3.22,1.94,80.67,66.61,66.01211,Average
INT3989,2.65,1.28,34.99,50.87,62.804283,Average
INT3990,5.96,1.8,65.45,40.62,44.09457,Struggle
INT3991,1.68,1.0,,57.06,63.671997,Average
INT3992,2.35,4.97,70.45,77.26,80.233505,Excel
INT3993,5.77,1.56,59.78,45.07,54.28658,Struggle
INT3994,1.55,3.24,98.13,86.58,90.37673,Excel
INT3995,,2.45,57.73,79.18,65.95541,Average
INT3996,3.53,2.5,95.67,75.21,72.858444,Average
INT3997,2.86,2.66,71.42,90.48,70.133095,Average
INT3998,3.7,1.0,0.67,66.93,60.712433,Average
INT3999,3.92,1.6,22.24,61.14,61.464733,Average
INT4000,1.93,3.0,81.79,92.53,75.21538,Average
INT4001,4.12,1.09,84.28,51.37,57.422638,Struggle
INT4002,6.24,2.16,73.38,41.83,47.235943,Struggle
INT4003,5.47,4.41,,61.73,67.66477,Average
INT4004,1.63,,95.93,86.85,89.582275,Excel
INT4005,2.09,5.0,99.02,95.18,95.95187,Excel
INT4006,2.35,5.0,71.55,93.13,89.183075,Excel
INT4007,3.61,1.0,,72.0,59.388897,Struggle
INT4008,3.32,4.99,72.51,70.74,78.562614,Average
INT4009,5.24,2.8,66.09,61.6,63.975105,Average
INT4010,1.19,3.93,53.87,90.63,87.57809,Excel
INT4011,1.52,5.0,2.05,89.92,92.10386,Excel
INT4012,3.75,5.0,90.92,92.77,89.49446,Excel
INT4013,5.47,2.82,50.85,48.64,51.068554,Struggle
INT4014,2.51,4.89,79.11,84.19,82.32871,Excel
INT4015,4.45,1.06,71.04,62.83,57.940983,Struggle
INT4016,2.98,1.0,60.88,58.83,59.02673,Struggle
INT4017,6.44,3.78,7.02,72.56,52.9197,Struggle
INT4018,6.74,1.0,88.61,43.97,43.978947,Struggle
INT4019,2.96,5.0,62.75,92.28,84.86324,Excel
INT4020,2.08,1.0,0.0,59.67,63.041843,Average
INT4021,3.58,3.28,30.79,84.55,66.92799,Average
INT4022,2.03,2.9,69.63,61.45,72.52057,Average
INT4023,5.23,3.2,93.71,60.0,59.28789,Struggle
INT4024,5.87,2.67,80.92,45.6,50.762806,Struggle
INT4025,4.69,4.94,70.3,66.71,69.06499,Average
INT4026,6.43,1.0,76.72,48.7,43.213394,Struggle
INT4027,3.78,1.63,97.7,80.53,76.15379,Average
INT4028,2.33,,55.66,56.39,69.28602,Average
INT4029,,2.86,60.39,40.63,59.150524,Struggle
INT4030,,1.8,98.13,66.39,63.838757,Average
INT4031,5.19,2.48,97.87,62.4,74.05515,Average
INT4032,2.23,,35.45,81.15,73.79308,Average
INT4033,1.89,5.0,57.26,88.06,87.31144,Excel
INT4034,7.0,2.78,71.05,36.41,44.562626,Struggle
INT4035,2.19,4.1,52.49,71.89,72.08722,Average
INT4036,7.0,5.0,82.75,64.67,67.51727,Average
INT4037,6.91,1.96,53.87,34.38,35.98063,Struggle
INT4038,,3.44,27.09,49.13,65.20671,Average
INT4039,5.43,2.1,46.35,62.31,54.785534,Struggle
INT4040,4.43,1.8,64.05,52.88,49.625786,Struggle
INT4041,6.34,1.0,71.34,38.44,39.966305,Struggle
INT4042,2.61,1.41,67.82,60.04,66.3594,Average
INT4043,3.95,3.31,99.9,84.36,80.898506,Excel
INT4044,4.94,1.0,,47.14,46.84803,Struggle
INT4045,3.59,1.0,68.76,60.56,59.979004,Struggle
INT4046,3.57,3.15,69.29,65.63,65.09226,Average
INT4047,2.78,1.0,59.75,51.64,58.675457,Struggle
INT4048,4.53,2.57,43.63,52.88,70.58191,Average
INT4049,6.51,5.0,71.94,67.61,67.875626,Average
INT4050,1.72,1.0,63.54,55.92,63.122066,Average
INT4051,6.24,4.41,58.03,56.11,60.499683,Average
INT4052,4.75,2.34,65.56,58.79,65.11851,Average
INT4053,6.36,,75.43,65.77,56.120716,Struggle
INT4054,4.5,4.15,52.92,67.6,64.34128,Average
INT4055,6.13,1.0,57.69,46.35,45.264126,Struggle
INT4056,1.18,5.0,7.89,100.0,96.7537,Excel
INT4057,5.87,2.77,77.14,56.57,57.020428,Struggle
INT4058,1.53,5.0,1.67,84.14,90.5873,Excel
INT4059,6.0,,84.65,57.86,73.85213,Average
INT4060,6.83,4.0,53.09,68.44,66.39709,Average
INT4061,2.73,3.08,86.94,85.2,85.50698,Excel
INT4062,2.06,5.0,4.34,100.0,94.85312,Excel
INT4063,5.46,3.86,82.55,63.23,65.3217,Average
INT4064,,1.89,,73.38,60.259323,Average
INT4065,5.89,3.82,29.49,60.59,63.91469,Average
INT4066,1.46,4.32,86.34,100.0,94.443535,Excel
INT4067,2.06,4.0,3.52,91.91,91.397545,Excel
INT4068,6.55,3.9,66.98,46.63,61.348606,Average
INT4069,4.89,4.99,97.14,76.13,76.41983,Average
INT4070,5.64,3.44,75.14,47.82,56.132282,Struggle
INT4071,3.01,1.18,98.37,86.03,79.61806,Average
INT4072,5.17,1.0,54.45,43.23,45.07942,Struggle
INT4073,4.94,3.99,73.88,56.59,70.34388,Average
INT4074,4.94,4.53,53.12,76.6,65.07744,Average
INT4075,4.89,1.0,81.51,53.92,53.743385,Struggle
INT4076,,5.0,14.7,61.0,74.09264,Average
INT4077,3.23,1.37,58.77,67.52,60.321156,Average
INT4078,3.13,1.8,62.94,51.94,52.318916,Struggle
INT4079,5.78,1.3,87.44,56.15,57.89088,Struggle
INT4080,1.9,3.05,2.78,73.56,73.96549,Average
INT4081,4.79,1.0,92.33,58.89,53.6285,Struggle
INT4082,2.39,5.0,56.6,81.11,86.19769,Excel
INT4083,,5.0,51.76,76.35,76.6405,Average
INT4084,5.78,1.66,69.75,50.98,54.25631,Struggle
INT4085,2.38,1.0,98.97,68.86,63.690296,Average
INT4086,1.47,1.82,31.01,74.8,70.83472,Average
INT4087,1.75,2.99,55.09,85.05,76.04558,Average
INT4088,4.4,1.0,49.68,57.67,54.67373,Struggle
INT4089,6.19,1.0,33.7,31.63,41.4767,Struggle
INT4090,,2.16,0.28,86.04,78.40294,Average
INT4091,5.27,4.63,60.0,72.87,68.33839,Average
INT4092,3.05,2.37,73.0,65.01,68.881905,Average
INT4093,4.21,1.68,63.26,66.16,62.70851,Average
INT4094,6.22,2.88,35.63,72.75,52.79286,Struggle
INT4095,3.04,2.78,88.45,87.95,83.06144,Excel
INT4096,3.64,3.68,67.21,78.23,76.09758,Average
INT4097,1.28,1.25,6.29,89.23,78.28708,Average
INT4098,1.01,3.9,96.42,100.0,98.35347,Excel
INT4099,2.72,,27.11,81.89,71.040344,Average
INT4100,1.0,5.0,9.76,92.45,88.21372,Excel
INT4101,4.35,2.8,80.69,73.11,69.466095,Average
INT4102,3.78,2.94,81.06,81.85,64.52984,Average
INT4103,4.43,2.96,52.33,53.75,58.39191,Struggle
INT4104,2.44,1.21,80.39,74.46,72.834366,Average
INT4105,2.8,3.93,68.72,78.8,80.59619,Excel
INT4106,5.01,2.99,54.94,62.25,60.232025,Average
INT4107,7.0,3.05,90.41,65.05,60.586956,Average
INT4108,1.12,3.6,77.61,72.71,76.54467,Average
INT4109,5.88,4.07,50.09,57.89,60.21587,Average
INT4110,4.19,2.24,56.47,54.83,59.31988,Struggle
INT4111,4.12,4.0,60.39,83.02,80.32916,Excel
INT4112,,1.41,62.45,71.01,61.0049,Average
INT4113,1.86,2.55,73.23,70.52,72.23589,Average
INT4114,1.84,4.77,98.29,84.35,97.826675,Excel
INT4115,5.05,2.93,64.91,53.79,64.37655,Average
INT4116,3.55,3.09,21.52,60.83,63.248547,Average
INT4117,6.43,2.21,60.54,49.22,48.707066,Struggle
INT4118,3.17,1.0,77.94,51.65,54.8609,Struggle
INT4119,1.92,3.94,97.49,100.0,94.45459,Excel
INT4120,5.67,2.73,80.43,47.95,53.989143,Struggle
INT4121,2.73,1.65,42.34,73.74,72.530525,Average
INT4122,,2.28,81.93,65.49,67.254265,Average
INT4123,4.82,5.0,58.16,67.22,75.52473,Average
INT4124,6.32,2.22,2.34,51.83,47.716248,Struggle
INT4125,5.64,5.0,26.27,61.8,70.17395,Average
INT4126,4.91,4.72,81.73,72.59,69.91603,Average
INT4127,5.47,5.0,71.51,73.4,71.62718,Average
INT4128,6.24,2.26,50.93,27.8,40.246983,Struggle
INT4129,3.24,1.63,76.99,79.46,72.39947,Average
INT4130,1.0,1.92,3.31,80.29,75.87062,Average
INT4131,3.08,1.0,18.31,54.61,54.616444,Struggle
INT4132,,3.46,98.28,78.61,79.631996,Average
INT4133,5.17,3.53,54.81,49.86,62.82641,Average
INT4134,4.49,3.67,66.59,70.16,67.84426,Average
INT4135,4.71,4.62,19.32,66.28,66.26847,Average
INT4136,1.48,2.04,1.19,69.43,73.81207,Average
INT4137,5.01,1.26,78.54,53.78,56.973278,Struggle
INT4138,2.57,1.0,79.64,53.76,61.1419,Average
INT4139,4.79,4.55,88.76,70.18,70.62066,Average
INT4140,4.0,2.27,80.77,66.72,63.010612,Average
INT4141,2.67,1.4,47.54,64.27,64.08901,Average
INT4142,1.99,3.62,95.62,89.81,88.36753,Excel
INT4143,1.28,2.15,72.61,79.63,76.70304,Average
INT4144,6.16,1.88,4.42,53.47,51.713066,Struggle
INT4145,6.87,2.05,58.09,51.67,50.729843,Struggle
INT4146,5.05,4.35,70.0,62.0,65.793274,Average
INT4147,1.24,1.64,85.64,93.2,88.8476,Excel
INT4148,3.48,2.96,52.13,58.42,66.80991,Average
INT4149,5.26,1.0,56.45,45.32,42.050327,Struggle
INT4150,5.52,2.43,55.31,38.09,54.325077,Struggle
INT4151,1.53,3.36,79.26,87.48,81.92407,Excel
INT4152,1.43,5.0,5.7,90.22,93.230865,Excel
INT4153,5.51,1.0,58.31,55.71,49.469456,Struggle
INT4154,2.77,1.0,79.64,56.61,60.387928,Average
INT4155,2.51,,88.07,87.33,79.62037,Average
INT4156,1.0,5.0,9.06,92.79,88.54911,Excel
INT4157,4.72,2.52,78.91,83.62,73.44399,Average
INT4158,6.59,3.23,23.88,55.82,54.331,Struggle
INT4159,6.57,3.44,60.94,70.7,62.48191,Average
INT4160,4.24,1.0,45.55,42.92,53.94076,Struggle
INT4161,4.19,1.0,99.88,63.04,59.95257,Struggle
INT4162,1.49,1.0,98.93,74.55,73.961426,Average
INT4163,4.0,2.85,88.94,79.64,74.785095,Average
INT4164,3.44,1.08,51.0,47.42,52.201015,Struggle
INT4165,4.47,1.99,77.17,60.97,59.25118,Struggle
INT4166,3.48,4.49,54.34,60.55,71.592064,Average
INT4167,2.32,3.04,94.76,71.15,72.94274,Average
INT4168,1.77,,89.48,98.68,91.02547,Excel
INT4169,3.06,,64.22,69.25,69.92132,Average
INT4170,1.59,4.01,80.42,74.93,82.45061,Excel
INT4171,2.26,5.0,76.11,84.79,87.48284,Excel
INT4172,6.88,1.92,49.57,33.78,39.57618,Struggle
INT4173,3.28,5.0,69.32,71.02,76.46966,Average
INT4174,,5.0,,81.29,79.20728,Average
INT4175,5.99,3.73,81.77,72.3,69.655304,Average
INT4176,6.53,5.0,65.39,74.07,69.305405,Average
INT4177,4.71,3.08,79.79,61.17,65.67629,Average
INT4178,5.74,3.15,92.86,64.29,59.479027,Struggle
INT4179,2.55,1.0,93.14,57.0,63.765896,Average
INT4180,3.15,2.83,75.94,64.56,66.11824,Average
INT4181,3.6,2.18,67.37,47.45,63.20246,Average
INT4182,4.99,1.0,2.95,57.87,53.449894,Struggle
INT4183,4.84,4.3,72.29,78.77,71.62868,Average
INT4184,2.54,2.19,54.07,58.96,63.42912,Average
INT4185,1.76,4.85,0.0,79.05,82.340256,Excel
INT4186,5.18,1.0,0.0,72.55,51.12978,Struggle
INT4187,1.46,4.44,14.97,69.99,78.350586,Average
INT4188,4.54,3.88,51.4,91.86,72.82825,Average
INT4189,5.62,3.78,70.46,55.19,63.586082,Average
INT4190,5.34,2.51,82.44,70.92,65.95164,Average
INT4191,5.46,1.0,78.49,59.27,49.39584,Struggle
INT4192,6.46,2.04,85.38,45.54,54.207012,Struggle
INT4193,4.32,1.96,71.47,61.97,63.928116,Average
INT4194,5.47,5.0,54.57,64.77,69.0444,Average
INT4195,5.09,1.0,98.12,51.16,60.078476,Average
INT4196,,1.08,71.62,63.02,59.69589,Struggle
INT4197,1.48,2.41,0.0,69.6,76.385956,Average
INT4198,3.16,3.86,76.57,89.12,83.35706,Excel
INT4199,3.66,5.0,52.73,69.46,77.21189,Average
INT4200,4.81,4.86,97.64,69.66,71.616295,Average
INT4201,6.21,2.67,89.63,58.05,50.96127,Struggle
INT4202,2.46,5.0,21.1,87.81,85.65882,Excel
INT4203,2.07,4.87,0.34,100.0,88.55751,Excel
INT4204,6.31,4.05,,68.51,63.14213,Average
INT4205,1.88,3.25,73.62,95.48,83.6282,Excel
INT4206,4.15,4.37,80.57,72.96,73.506454,Average
INT4207,4.71,1.0,55.34,59.29,50.61832,Struggle
INT4208,4.46,5.0,78.02,84.11,81.18468,Excel
INT4209,1.06,3.7,53.68,88.24,87.02036,Excel
INT4210,1.28,1.8,77.24,57.74,62.17689,Average
INT4211,1.95,2.81,40.3,60.89,87.26843,Excel
INT4212,4.94,5.0,93.72,84.32,84.75345,Excel
INT4213,4.0,1.91,86.25,64.63,63.97038,Average
INT4214,2.48,4.0,62.48,91.18,87.64603,Excel
INT4215,5.13,2.36,94.42,67.13,68.18177,Average
INT4216,6.17,1.28,78.66,46.06,49.040455,Struggle
INT4217,1.37,1.0,6.23,63.45,72.694725,Average
INT4218,3.51,1.43,58.45,44.62,66.171005,Average
INT4219,5.36,3.6,92.89,60.19,67.20753,Average
INT4220,2.78,2.75,96.55,81.51,82.00875,Excel
INT4221,3.07,4.61,65.99,87.29,74.478424,Average
INT4222,,4.75,97.04,93.01,86.13728,Excel
INT4223,6.32,3.57,65.11,49.38,60.2604,Average
INT4224,6.35,1.07,72.63,60.76,51.552742,Struggle
INT4225,4.77,2.89,74.44,68.68,61.87547,Average
INT4226,5.46,3.96,58.2,56.7,60.694714,Average
INT4227,3.62,2.07,83.44,78.05,72.37496,Average
INT4228,5.26,1.0,,45.79,47.35375,Struggle
INT4229,4.11,2.61,64.35,42.58,68.64852,Average
INT4230,2.2,1.8,24.81,50.32,53.344746,Struggle
INT4231,5.24,2.21,59.99,43.49,53.948425,Struggle
INT4232,4.17,1.82,47.71,73.25,68.93467,Average
INT4233,2.9,3.42,58.38,54.01,67.93309,Average
INT4234,6.48,3.58,59.7,66.28,58.335827,Struggle
INT4235,1.21,5.0,3.15,97.82,96.87778,Excel
INT4236,2.63,3.9,98.09,96.37,91.965515,Excel
INT4237,1.76,4.0,88.21,100.0,98.63702,Excel
INT4238,5.66,1.09,65.99,45.62,48.978573,Struggle
INT4239,5.24,2.04,97.58,67.51,67.85987,Average
INT4240,2.93,1.0,3.33,61.74,61.77826,Average
INT4241,4.61,5.0,72.77,70.51,76.64612,Average
INT4242,3.76,3.55,73.42,84.56,77.908585,Average
INT4243,,2.41,70.54,71.42,67.851234,Average
INT4244,3.87,1.0,61.65,60.01,55.42995,Struggle
INT4245,3.58,4.83,69.33,83.73,74.6348,Average
INT4246,6.69,1.19,0.0,34.5,33.88135,Struggle
INT4247,2.54,1.0,37.2,58.4,60.34828,Average
INT4248,1.4,5.0,88.09,89.67,93.226036,Excel
INT4249,4.29,1.7,2.61,63.23,62.3701,Average
INT4250,6.84,2.98,51.0,80.59,65.1477,Average
INT4251,3.56,2.19,78.9,55.23,66.51864,Average
INT4252,1.3,2.42,70.08,100.0,82.440285,Excel
INT4253,2.74,1.0,69.26,67.28,64.31809,Average
INT4254,3.63,4.11,95.06,82.82,81.284454,Excel
INT4255,2.13,4.0,91.03,93.32,94.21018,Excel
INT4256,4.87,5.0,51.54,79.83,72.878395,Average
INT4257,6.62,1.19,82.73,45.74,47.297924,Struggle
INT4258,3.88,3.8,54.23,79.45,74.63022,Average
INT4259,2.84,1.41,97.51,63.81,68.37158,Average
INT4260,3.41,2.93,55.35,50.01,61.3878,Average
INT4261,1.5,2.53,78.16,74.75,75.00618,Average
INT4262,6.73,4.0,66.5,61.74,68.84288,Average
INT4263,3.22,2.69,,67.79,69.20028,Average
INT4264,3.24,5.0,80.51,85.24,85.72544,Excel
INT4265,5.42,1.92,0.01,73.63,66.35627,Average
INT4266,3.47,1.0,,53.35,58.988323,Struggle
INT4267,5.03,3.8,99.39,88.47,85.5168,Excel
INT4268,1.19,2.84,79.64,61.79,71.40807,Average
INT4269,5.49,5.0,58.03,72.68,68.73374,Average
INT4270,6.77,3.02,59.5,38.58,59.145973,Struggle
INT4271,5.31,4.6,85.81,61.49,66.245,Average
INT4272,6.68,2.49,52.52,43.48,47.12101,Struggle
INT4273,2.04,1.0,36.22,69.42,61.784138,Average
INT4274,3.97,2.23,57.41,58.56,61.05553,Average
INT4275,4.53,1.0,71.66,49.69,50.605526,Struggle
INT4276,,1.0,87.5,52.17,58.467655,Struggle
INT4277,3.17,3.35,72.94,57.18,64.651306,Average
INT4278,2.91,2.76,20.67,63.97,70.01457,Average
INT4279,1.7,3.19,2.88,88.36,86.130066,Excel
INT4280,3.71,4.08,68.38,72.39,69.23805,Average
INT4281,1.83,2.57,20.03,84.5,80.03857,Excel
INT4282,5.55,1.55,79.22,62.9,61.29997,Average
INT4283,1.96,3.56,0.9,88.01,83.51619,Excel
INT4284,1.1,3.47,53.11,81.74,80.500175,Excel
INT4285,4.46,1.8,70.12,65.91,52.681522,Struggle
INT4286,4.83,4.56,70.7,68.56,67.988976,Average
INT4287,6.19,1.0,66.69,38.19,41.813313,Struggle
INT4288,4.3,4.0,77.89,76.65,82.17317,Excel
INT4289,3.48,3.91,67.3,78.86,79.38008,Average
INT4290,5.46,1.0,0.0,48.51,48.01994,Struggle
INT4291,4.46,,66.59,84.72,70.671295,Average
INT4292,1.67,,58.11,53.74,69.99761,Average
INT4293,4.59,1.8,80.96,58.98,54.804287,Struggle
INT4294,6.89,1.06,75.28,39.71,44.08098,Struggle
INT4295,3.61,3.12,65.25,77.36,67.3997,Average
INT4296,2.58,3.02,86.38,90.98,83.414604,Excel
INT4297,1.71,5.0,55.13,91.56,89.905426,Excel
INT4298,1.8,1.0,,59.29,63.683105,Average
INT4299,3.13,3.8,49.23,71.97,75.377426,Average
INT4300,4.98,4.62,90.11,76.91,75.64527,Average
INT4301,1.05,1.42,98.63,76.87,77.12227,Average
INT4302,6.84,2.6,81.47,60.19,55.672062,Struggle
INT4303,5.76,2.14,3.33,44.23,50.82601,Struggle
INT4304,4.86,1.8,12.31,48.51,48.83292,Struggle
INT4305,6.02,2.7,43.94,60.35,61.679596,Average
INT4306,1.71,3.41,29.76,80.58,76.32662,Average
INT4307,3.66,3.18,54.71,44.77,59.35301,Struggle
INT4308,5.03,3.34,1.28,53.24,59.635624,Struggle
INT4309,5.81,1.0,56.3,45.34,45.20526,Struggle
INT4310,6.1,1.0,34.74,46.42,44.239304,Struggle
INT4311,2.32,1.0,83.51,61.71,65.750565,Average
INT4312,6.47,4.18,74.49,50.88,55.76411,Struggle
INT4313,1.75,4.42,71.85,79.28,80.9697,Excel
INT4314,6.53,2.55,64.51,51.9,52.281555,Struggle
INT4315,7.0,3.9,69.13,64.32,62.185238,Average
INT4316,1.77,2.88,67.49,83.62,75.03522,Average
INT4317,4.97,1.8,82.31,44.89,48.91531,Struggle
INT4318,1.04,1.0,,53.55,61.807827,Average
INT4319,3.41,4.0,54.63,77.47,78.48638,Average
INT4320,4.14,2.92,83.0,52.25,57.96383,Struggle
INT4321,4.41,3.19,77.31,53.12,62.684296,Average
INT4322,6.78,1.8,71.51,29.27,43.055065,Struggle
INT4323,4.96,2.51,57.62,64.35,55.416203,Struggle
INT4324,4.34,1.33,7.06,72.14,68.59991,Average
INT4325,5.62,4.0,60.91,81.49,73.35145,Average
INT4326,6.83,4.35,94.48,73.78,66.3309,Average
INT4327,1.24,1.0,0.91,84.71,68.84096,Average
INT4328,6.68,1.49,53.0,44.15,44.25145,Struggle
INT4329,1.43,1.0,83.52,79.19,75.47395,Average
INT4330,5.76,1.0,62.05,38.98,42.04843,Struggle
INT4331,2.35,3.15,31.88,60.9,72.2063,Average
INT4332,1.77,1.8,59.79,55.16,56.02557,Struggle
INT4333,3.53,1.0,88.79,57.15,58.820133,Struggle
INT4334,4.54,1.8,82.43,54.68,51.19057,Struggle
INT4335,3.24,1.23,80.59,64.44,62.699104,Average
INT4336,1.25,5.0,83.4,100.0,98.19541,Excel
INT4337,4.23,3.11,0.0,60.35,61.086926,Average
INT4338,6.04,5.0,72.23,77.78,71.6574,Average
INT4339,3.45,3.29,44.3,68.42,73.43648,Average
INT4340,2.51,3.63,81.83,80.39,72.61788,Average
INT4341,,3.1,89.59,61.6,67.515434,Average
INT4342,1.0,2.53,6.79,66.46,88.43708,Excel
INT4343,5.54,3.17,88.52,46.78,60.84557,Average
INT4344,5.51,4.58,,74.65,66.4797,Average
INT4345,4.56,2.95,55.49,89.34,57.563858,Struggle
INT4346,3.24,2.78,42.08,50.31,74.12027,Average
INT4347,5.7,3.2,97.43,48.28,56.7562,Struggle
INT4348,4.63,3.49,58.97,59.97,65.397095,Average
INT4349,6.15,1.8,83.75,48.04,46.741184,Struggle
INT4350,,1.46,78.83,56.64,62.626186,Average
INT4351,5.35,1.32,58.64,39.08,49.14481,Struggle
INT4352,4.15,4.43,53.3,55.94,63.553806,Average
INT4353,3.25,1.09,59.73,67.4,61.977596,Average
INT4354,6.27,1.0,57.87,37.74,39.40197,Struggle
INT4355,4.68,1.18,59.33,46.22,54.456123,Struggle
INT4356,,4.31,98.92,69.68,73.53756,Average
INT4357,2.37,5.0,85.86,100.0,93.168236,Excel
INT4358,4.57,2.12,62.52,57.1,54.808823,Struggle
INT4359,4.18,4.31,47.95,81.22,80.56886,Excel
INT4360,1.76,3.37,76.71,89.59,84.95887,Excel
INT4361,1.18,2.81,92.22,99.99,95.62884,Excel
INT4362,4.75,4.96,86.47,77.76,73.50398,Average
INT4363,6.05,1.64,91.59,66.66,57.495922,Struggle
INT4364,4.2,5.0,60.58,79.8,78.57627,Average
INT4365,2.39,2.1,82.01,63.87,66.346924,Average
INT4366,4.54,3.65,52.01,53.28,61.315212,Average
INT4367,1.82,5.0,53.45,90.83,89.503105,Excel
INT4368,3.19,4.88,85.68,79.43,84.9307,Excel
INT4369,2.39,4.65,51.22,92.48,86.23805,Excel
INT4370,2.15,2.12,78.99,93.12,82.22792,Excel
INT4371,1.88,4.0,92.02,94.22,92.452576,Excel
INT4372,3.27,4.63,69.0,78.62,79.493866,Average
INT4373,,3.04,19.19,82.11,60.242653,Average
INT4374,3.2,2.09,85.69,71.91,69.9258,Average
INT4375,3.84,4.0,96.48,85.81,90.448944,Excel
INT4376,3.52,4.1,85.86,85.03,77.57081,Average
INT4377,3.4,5.0,6.61,82.48,81.16963,Excel
INT4378,5.62,4.49,61.5,55.32,64.191345,Average
INT4379,2.14,1.22,50.77,59.13,58.700356,Struggle
INT4380,4.45,1.94,84.73,49.81,59.723747,Struggle
INT4381,1.8,4.54,61.55,95.71,91.2571,Excel
INT4382,1.04,1.34,92.91,86.15,73.66222,Average
INT4383,4.5,1.99,73.32,60.57,58.11627,Struggle
INT4384,4.0,1.4,76.53,49.84,54.14892,Struggle
INT4385,6.34,5.0,87.7,71.47,71.55887,Average
INT4386,4.66,2.35,88.97,80.62,75.767975,Average
INT4387,6.8,5.0,13.4,65.98,63.751236,Average
INT4388,1.66,2.58,7.25,89.17,87.62257,Excel
INT4389,1.89,1.46,99.11,79.33,79.18265,Average
INT4390,1.04,3.02,9.65,83.7,84.91249,Excel
INT4391,2.24,1.0,91.21,64.0,66.873634,Average
INT4392,3.76,4.0,49.74,86.39,76.28195,Average
INT4393,4.77,1.15,83.17,45.15,57.02675,Struggle
INT4394,1.01,2.52,2.6,79.96,83.20396,Excel
INT4395,7.0,4.62,63.57,48.16,61.68732,Average
INT4396,5.96,2.91,50.28,53.15,53.109737,Struggle
INT4397,2.93,5.0,56.87,89.96,83.954575,Excel
INT4398,1.69,2.73,71.96,63.74,75.20158,Average
INT4399,2.29,4.89,57.33,78.35,77.35665,Average
INT4400,2.0,1.01,95.08,64.99,67.703415,Average
INT4401,1.53,2.75,67.68,60.17,71.1464,Average
INT4402,4.3,2.52,53.58,53.13,59.02349,Struggle
INT4403,2.53,2.05,62.45,49.63,64.67493,Average
INT4404,3.25,4.96,90.95,85.9,87.239685,Excel
INT4405,6.44,2.92,90.15,56.59,56.911983,Struggle
INT4406,4.87,1.0,74.87,48.84,50.39768,Struggle
INT4407,7.0,2.76,66.97,42.16,47.98885,Struggle
INT4408,1.65,2.45,98.81,92.56,92.472244,Excel
INT4409,3.23,5.0,5.99,78.32,80.43378,Excel
INT4410,4.02,1.75,62.52,56.18,60.798523,Average
INT4411,1.1,4.82,87.92,87.54,90.644,Excel
INT4412,1.0,4.0,0.18,92.06,93.884575,Excel
INT4413,5.07,5.0,24.6,67.94,73.64332,Average
INT4414,5.27,1.0,48.19,56.28,53.3889,Struggle
INT4415,3.29,,89.7,77.4,71.75726,Average
INT4416,3.76,3.31,63.79,68.21,64.88486,Average
INT4417,3.55,5.0,75.4,78.77,84.22749,Excel
INT4418,1.0,3.28,5.46,85.79,82.96141,Excel
INT4419,3.42,4.0,97.16,98.47,85.7588,Excel
INT4420,1.94,1.0,63.33,60.49,65.77231,Average
INT4421,1.58,5.0,96.83,100.0,99.09497,Excel
INT4422,6.77,2.15,90.24,63.92,58.82177,Struggle
INT4423,4.88,2.69,86.54,72.95,67.03892,Average
INT4424,5.43,1.0,50.65,50.94,40.566956,Struggle
INT4425,2.63,1.52,80.27,68.3,69.17422,Average
INT4426,2.98,4.88,62.2,77.01,78.31991,Average
INT4427,2.86,4.63,59.47,76.4,76.19415,Average
INT4428,1.88,1.0,93.32,69.22,70.52415,Average
INT4429,1.59,2.19,86.26,84.8,82.19135,Excel
INT4430,,2.15,,32.97,57.168194,Struggle
INT4431,5.16,4.0,80.75,79.28,77.15892,Average
INT4432,4.3,5.0,0.0,85.44,85.06981,Excel
INT4433,3.36,1.0,57.93,47.82,53.975544,Struggle
INT4434,6.81,5.0,76.59,69.69,68.779755,Average
INT4435,1.14,4.48,0.88,93.76,92.78255,Excel
INT4436,2.91,3.21,54.81,65.27,68.62955,Average
INT4437,2.62,3.68,73.35,76.69,76.69017,Average
INT4438,5.99,3.57,79.51,59.64,62.286354,Average
INT4439,6.48,3.42,52.35,51.86,48.138924,Struggle
INT4440,2.18,2.16,70.1,69.86,72.45139,Average
INT4441,6.02,3.89,62.88,40.82,58.08758,Struggle
INT4442,5.64,2.5,51.53,48.49,49.47304,Struggle
INT4443,2.33,1.0,26.11,56.5,58.572586,Struggle
INT4444,3.18,4.0,56.95,81.69,82.7053,Excel
INT4445,3.95,1.39,29.07,61.11,61.51942,Average
INT4446,6.95,1.6,90.17,57.5,56.888428,Struggle
INT4447,2.16,2.58,,95.81,87.33816,Excel
INT4448,5.51,2.79,57.35,52.24,61.26498,Average
INT4449,2.92,4.78,55.01,64.63,78.38712,Average
INT4450,5.01,3.83,64.9,77.12,71.38378,Average
INT4451,3.78,2.55,67.48,93.61,62.411716,Average
INT4452,4.3,1.0,68.22,45.67,53.804752,Struggle
INT4453,6.25,2.69,57.99,51.88,55.08427,Struggle
INT4454,5.69,4.69,41.26,72.01,69.82546,Average
INT4455,6.69,1.0,44.94,47.5,44.004524,Struggle
INT4456,1.03,2.29,51.48,70.34,72.42832,Average
INT4457,4.65,1.0,81.38,53.28,50.88395,Struggle
INT4458,1.93,2.26,35.28,62.33,69.76118,Average
INT4459,3.94,1.96,50.49,75.89,60.747223,Average
INT4460,4.44,3.08,83.69,75.27,72.18759,Average
INT4461,3.01,4.68,63.73,88.44,80.805435,Excel
INT4462,4.16,3.09,81.44,83.38,71.07152,Average
INT4463,7.0,1.77,67.1,39.96,42.594852,Struggle
INT4464,1.32,1.0,76.48,58.22,74.00723,Average
INT4465,4.72,5.0,39.62,82.34,80.84723,Excel
INT4466,,1.0,85.03,71.15,57.73252,Struggle
INT4467,2.19,3.05,79.18,74.15,77.77097,Average
INT4468,2.16,4.42,54.09,90.6,77.97302,Average
INT4469,7.0,4.14,82.15,57.37,59.49806,Struggle
INT4470,5.87,1.66,84.36,45.4,52.922035,Struggle
INT4471,6.49,4.0,68.54,72.6,69.84191,Average
INT4472,7.0,5.0,93.79,79.24,74.3455,Average
INT4473,2.45,1.8,,62.24,62.071987,Average
INT4474,3.42,5.0,58.76,81.72,81.584015,Excel
INT4475,5.44,2.36,95.21,65.92,65.43818,Average
INT4476,3.76,2.1,72.04,65.3,68.51581,Average
INT4477,3.05,4.46,86.19,91.46,86.52723,Excel
INT4478,3.01,2.89,90.7,90.78,81.876656,Excel
INT4479,4.73,1.05,75.26,53.31,54.039158,Struggle
INT4480,4.16,3.45,31.14,53.98,60.03983,Average
INT4481,2.28,1.8,95.77,63.57,64.915886,Average
INT4482,3.55,3.05,30.29,64.03,61.091496,Average
INT4483,3.83,1.0,2.15,46.55,52.681858,Struggle
INT4484,4.43,1.0,68.08,61.57,52.742207,Struggle
INT4485,2.49,2.09,8.65,64.48,66.0319,Average
INT4486,5.3,2.42,96.94,60.14,71.323685,Average
INT4487,1.4,1.0,7.07,57.56,67.86564,Average
INT4488,3.07,2.34,93.19,91.45,79.88867,Average
INT4489,5.35,1.64,62.91,40.43,43.928474,Struggle
INT4490,3.97,2.11,98.53,65.58,71.92619,Average
INT4491,2.78,4.0,49.91,90.0,81.927635,Excel
INT4492,5.06,5.0,50.35,63.92,69.0096,Average
INT4493,4.81,3.48,51.71,43.37,60.55634,Average
INT4494,5.82,1.0,57.37,32.28,44.057163,Struggle
INT4495,5.26,5.0,59.38,69.01,70.94755,Average
INT4496,4.51,2.36,62.39,68.61,64.79775,Average
INT4497,3.56,4.86,61.14,73.55,75.84071,Average
INT4498,1.89,2.58,98.46,86.23,89.891,Excel
INT4499,2.65,1.38,81.81,72.05,67.282776,Average
INT4500,3.81,1.8,84.63,67.01,62.65098,Average
INT4501,4.3,3.79,,68.13,69.83772,Average
INT4502,3.87,5.0,94.64,87.23,86.18483,Excel
INT4503,2.33,2.0,83.39,59.32,76.77242,Average
INT4504,1.0,3.9,7.9,89.57,85.82317,Excel
INT4505,3.91,1.93,97.82,59.98,72.39288,Average
INT4506,3.17,1.0,56.28,69.93,64.20743,Average
INT4507,5.56,5.0,54.83,73.37,72.669044,Average
INT4508,1.42,1.45,1.94,84.76,79.692986,Average
INT4509,4.34,,93.31,90.76,79.89461,Average
INT4510,6.29,2.52,79.19,59.04,59.142433,Struggle
INT4511,1.81,2.74,68.3,89.79,81.0875,Excel
INT4512,3.59,3.03,54.3,81.66,66.47313,Average
INT4513,1.63,1.8,65.28,62.83,61.94123,Average
INT4514,4.59,1.0,,47.89,53.00821,Struggle
INT4515,4.66,1.58,74.41,65.11,59.251434,Struggle
INT4516,3.93,1.0,60.81,57.45,53.857643,Struggle
INT4517,3.97,1.0,37.19,67.1,54.32371,Struggle
INT4518,6.59,2.69,97.83,60.91,58.73259,Struggle
INT4519,2.34,3.83,91.99,100.0,78.17235,Average
INT4520,,3.53,0.0,80.97,80.54296,Excel
INT4521,6.59,3.94,62.14,68.94,63.477966,Average
INT4522,4.16,4.57,67.74,84.18,68.837944,Average
INT4523,6.58,4.0,90.6,77.9,76.9976,Average
INT4524,4.43,2.63,96.15,58.41,66.12674,Average
INT4525,5.73,2.78,97.35,68.59,60.212612,Average
INT4526,3.54,,84.16,64.76,66.79041,Average
INT4527,5.86,2.4,60.57,53.01,54.485283,Struggle
INT4528,6.12,2.24,51.99,43.94,44.83654,Struggle
INT4529,3.98,3.31,26.44,70.0,61.787415,Average
INT4530,1.98,4.41,76.11,80.03,82.20178,Excel
INT4531,2.17,1.09,73.1,78.94,69.55498,Average
INT4532,2.38,5.0,1.92,98.01,89.22269,Excel
INT4533,2.74,1.0,73.25,53.71,62.32729,Average
INT4534,3.19,2.75,,75.01,69.152916,Average
INT4535,4.57,2.1,51.21,65.63,48.71729,Struggle
INT4536,4.95,1.4,,51.04,51.407806,Struggle
INT4537,3.81,4.25,47.06,69.24,69.00003,Average
INT4538,5.13,1.8,81.53,56.77,52.790165,Struggle
INT4539,1.18,5.0,58.58,88.22,87.29656,Excel
INT4540,1.53,1.0,88.23,79.96,65.89669,Average
INT4541,2.52,2.12,68.22,69.41,69.43033,Average
INT4542,4.29,2.39,66.63,74.49,68.11375,Average
INT4543,2.66,1.0,54.9,62.21,58.329388,Struggle
INT4544,2.23,2.94,55.98,63.76,70.83653,Average
INT4545,3.77,4.27,41.35,64.88,71.21746,Average
INT4546,6.07,2.21,89.77,61.58,53.878105,Struggle
INT4547,1.0,4.7,5.13,83.54,84.565346,Excel
INT4548,4.43,2.4,83.27,71.88,69.03153,Average
INT4549,4.77,3.07,96.72,66.99,68.29161,Average
INT4550,6.21,2.62,51.03,52.77,51.70787,Struggle
INT4551,6.77,2.03,28.03,34.83,42.57847,Struggle
INT4552,1.54,3.11,3.31,75.97,76.30676,Average
INT4553,1.87,3.04,82.32,95.29,90.0545,Excel
INT4554,,3.4,64.65,65.14,69.537186,Average
INT4555,3.71,1.83,74.72,56.88,59.530323,Struggle
INT4556,4.09,1.63,52.1,51.44,58.365902,Struggle
INT4557,4.63,1.0,59.62,56.18,53.426216,Struggle
INT4558,5.56,1.13,71.22,61.02,58.881992,Struggle
INT4559,6.42,3.44,91.7,68.44,60.821518,Average
INT4560,6.64,1.0,73.98,37.66,38.686382,Struggle
INT4561,4.83,1.89,79.32,73.56,64.8702,Average
INT4562,2.51,2.85,93.69,63.47,71.0372,Average
INT4563,6.67,3.67,32.27,54.59,54.900463,Struggle
INT4564,,5.0,8.61,99.49,88.03023,Excel
INT4565,,4.4,1.08,78.73,80.29307,Excel
INT4566,6.8,1.0,33.14,35.5,37.383423,Struggle
INT4567,2.55,2.94,38.38,89.87,71.76793,Average
INT4568,2.66,5.0,,100.0,89.63659,Excel
INT4569,1.65,3.09,99.16,100.0,74.027214,Average
INT4570,6.63,2.45,61.16,49.91,50.787148,Struggle
INT4571,3.58,1.0,53.32,52.52,54.57068,Struggle
INT4572,5.27,2.77,27.59,71.66,63.424488,Average
INT4573,2.59,2.93,69.89,78.06,69.70637,Average
INT4574,5.24,2.41,51.07,76.5,64.2387,Average
INT4575,5.45,1.37,59.83,56.49,54.111687,Struggle
INT4576,,1.34,94.98,76.83,68.31595,Average
INT4577,3.05,5.0,66.52,87.96,85.94492,Excel
INT4578,2.34,4.69,92.5,79.76,82.25685,Excel
INT4579,7.0,1.36,54.67,29.86,39.52448,Struggle
INT4580,4.93,1.0,26.85,45.64,45.957947,Struggle
INT4581,6.66,2.73,75.2,57.87,51.612778,Struggle
INT4582,2.36,1.0,52.98,44.22,53.752968,Struggle
INT4583,5.33,3.65,69.62,56.98,62.40533,Average
INT4584,5.61,2.48,94.84,64.95,60.86799,Average
INT4585,5.64,3.92,62.07,65.23,65.248695,Average
INT4586,7.0,1.42,85.3,47.01,50.348545,Struggle
INT4587,3.2,3.93,65.12,85.7,82.02156,Excel
INT4588,1.82,1.0,52.25,56.71,56.09501,Struggle
INT4589,5.08,3.16,,63.78,63.33555,Average
INT4590,5.57,,91.74,46.21,61.027645,Average
INT4591,4.64,4.74,,69.6,68.37816,Average
INT4592,2.53,5.0,58.88,98.97,89.500854,Excel
INT4593,3.55,4.08,95.0,88.03,82.11228,Excel
INT4594,3.31,4.02,89.48,81.72,79.720764,Average
INT4595,3.13,3.74,59.69,64.83,71.96295,Average
INT4596,4.85,5.0,53.09,84.58,73.92617,Average
INT4597,5.89,3.74,8.56,81.38,71.687965,Average
INT4598,2.38,5.0,87.3,100.0,92.07797,Excel
INT4599,2.99,4.19,74.73,65.06,71.83471,Average
INT4600,2.34,2.96,17.55,92.25,79.00186,Average
INT4601,2.27,1.8,78.5,66.43,67.339676,Average
INT4602,5.29,2.81,74.61,47.38,60.00027,Average
INT4603,6.38,2.16,75.9,35.14,46.78771,Struggle
INT4604,3.05,2.89,93.95,69.81,77.033066,Average
INT4605,5.83,2.07,94.74,72.94,56.169865,Struggle
INT4606,5.99,4.21,72.68,66.94,69.61665,Average
INT4607,6.26,3.92,72.79,67.64,64.23554,Average
INT4608,2.01,3.32,75.76,84.23,74.49246,Average
INT4609,6.83,2.86,75.98,58.96,52.482697,Struggle
INT4610,2.97,3.63,97.52,87.19,84.46478,Excel
INT4611,3.15,4.16,82.47,71.86,74.35958,Average
INT4612,1.54,4.17,63.87,89.11,81.189095,Excel
INT4613,3.49,1.71,76.58,77.35,73.87904,Average
INT4614,1.97,3.59,60.44,88.44,78.54456,Average
INT4615,2.85,2.14,1.78,82.12,74.26176,Average
INT4616,2.46,4.0,79.26,88.6,90.13544,Excel
INT4617,5.95,1.0,22.72,43.2,43.639805,Struggle
INT4618,6.34,3.32,51.68,43.78,50.37735,Struggle
INT4619,2.32,3.11,,85.23,72.50905,Average
INT4620,5.99,1.97,71.38,59.9,52.968166,Struggle
INT4621,6.61,2.56,53.09,64.1,56.889046,Struggle
INT4622,5.65,1.0,90.75,57.93,55.655334,Struggle
INT4623,2.31,,67.2,72.62,70.43678,Average
INT4624,5.32,3.55,95.68,87.46,71.22989,Average
INT4625,6.2,2.66,57.72,47.5,53.647343,Struggle
INT4626,4.68,1.06,8.71,52.04,56.146473,Struggle
INT4627,3.21,2.13,42.22,64.27,65.68578,Average
INT4628,4.05,1.0,59.46,54.44,55.3873,Struggle
INT4629,4.5,2.62,96.87,75.09,74.97806,Average
INT4630,4.17,1.0,50.52,41.52,43.54413,Struggle
INT4631,2.03,5.0,70.63,88.16,89.49425,Excel
INT4632,3.12,2.12,96.34,92.63,76.27811,Average
INT4633,5.56,2.56,69.22,49.24,53.600792,Struggle
INT4634,5.93,1.78,54.66,62.54,56.160294,Struggle
INT4635,2.29,3.21,38.0,81.37,84.35281,Excel
INT4636,7.0,1.54,74.9,44.74,51.175964,Struggle
INT4637,2.79,1.09,59.26,56.39,60.196636,Average
INT4638,5.29,4.24,73.33,59.77,64.21623,Average
INT4639,5.17,3.6,91.82,68.6,66.278206,Average
INT4640,,4.35,93.63,71.31,75.22622,Average
INT4641,6.35,2.93,,53.39,55.653316,Struggle
INT4642,,3.07,58.05,82.32,71.3657,Average
INT4643,6.5,4.83,63.76,64.02,65.659256,Average
INT4644,1.87,2.47,79.74,87.56,78.43855,Average
INT4645,4.99,3.95,68.05,75.2,70.05113,Average
INT4646,5.8,1.0,92.2,55.97,48.667175,Struggle
INT4647,5.37,5.0,85.83,83.53,76.76721,Average
INT4648,2.11,5.0,,71.25,86.74173,Excel
INT4649,6.38,2.29,81.23,74.84,57.295784,Struggle
INT4650,2.23,3.99,55.65,69.53,84.06211,Excel
INT4651,1.54,1.67,62.75,62.71,71.67133,Average
INT4652,5.52,2.17,58.89,60.07,53.329983,Struggle
INT4653,3.52,1.48,58.65,54.89,64.17269,Average
INT4654,5.91,2.79,28.77,63.28,61.52054,Average
INT4655,,2.7,9.61,71.51,67.82662,Average
INT4656,2.41,4.14,27.33,89.34,84.297424,Excel
INT4657,5.8,5.0,99.51,69.54,80.60796,Excel
INT4658,3.81,3.54,71.09,75.69,74.26048,Average
INT4659,2.5,1.0,54.85,62.53,59.58513,Struggle
INT4660,5.2,4.74,32.82,75.4,69.65982,Average
INT4661,3.9,5.0,79.19,83.57,84.90492,Excel
INT4662,4.48,3.96,98.95,78.54,80.29365,Excel
INT4663,3.69,3.12,78.6,61.6,68.927414,Average
INT4664,5.85,2.94,97.45,63.42,65.58643,Average
INT4665,6.05,1.0,72.21,38.76,49.381695,Struggle
INT4666,4.84,2.15,33.26,60.63,54.21037,Struggle
INT4667,2.1,1.0,42.74,63.7,62.483032,Average
INT4668,6.47,3.01,84.87,64.7,64.340866,Average
INT4669,5.46,2.59,45.17,67.24,67.549866,Average
INT4670,5.56,2.36,66.44,66.79,64.43274,Average
INT4671,3.34,4.59,51.46,60.89,67.9628,Average
INT4672,6.0,5.0,71.99,65.79,68.5674,Average
INT4673,4.9,2.23,75.55,45.56,62.188496,Average
INT4674,1.28,5.0,80.35,87.42,91.10823,Excel
INT4675,3.27,2.48,63.8,56.57,64.49522,Average
INT4676,6.32,1.0,71.37,36.37,39.966305,Struggle
INT4677,1.77,1.0,0.0,68.15,65.082664,Average
INT4678,6.71,3.86,84.35,65.68,64.57126,Average
INT4679,5.09,4.22,88.68,61.2,68.74075,Average
INT4680,4.99,5.0,47.09,81.33,79.601555,Average
INT4681,2.3,1.1,67.08,68.18,67.42083,Average
INT4682,2.92,2.69,99.97,59.28,68.34203,Average
INT4683,6.68,4.67,92.43,68.23,67.05327,Average
INT4684,2.57,1.0,2.21,50.85,56.03271,Struggle
INT4685,6.09,4.96,59.76,69.07,66.64605,Average
INT4686,3.49,1.47,33.18,52.35,61.567043,Average
INT4687,1.82,2.18,72.62,67.36,69.20037,Average
INT4688,1.14,2.05,8.0,95.31,87.61159,Excel
INT4689,4.52,2.82,88.92,87.1,72.97989,Average
INT4690,6.5,3.29,62.03,48.77,54.605045,Struggle
INT4691,3.57,5.0,63.6,77.65,80.60147,Excel
INT4692,3.6,2.56,79.67,59.04,65.53228,Average
INT4693,3.13,4.0,64.16,79.35,83.16613,Excel
INT4694,4.3,3.43,55.45,70.34,64.600845,Average
INT4695,4.0,1.0,84.21,63.2,58.625076,Struggle
INT4696,6.15,2.01,57.15,39.78,47.280968,Struggle
INT4697,4.52,1.8,54.42,51.4,46.01325,Struggle
INT4698,4.23,2.33,82.4,66.11,68.78058,Average
INT4699,1.75,1.0,90.51,74.15,70.1098,Average
INT4700,7.0,2.58,56.98,58.03,52.976463,Struggle
INT4701,2.52,5.0,26.31,94.12,87.32982,Excel
INT4702,1.05,1.85,99.96,67.42,66.56609,Average
INT4703,5.28,3.96,92.55,71.8,69.5306,Average
INT4704,4.63,4.09,87.59,74.61,71.82672,Average
INT4705,3.79,5.0,83.11,84.71,82.32394,Excel
INT4706,3.18,2.82,71.09,70.68,72.354805,Average
INT4707,5.75,2.97,86.53,62.0,57.546284,Struggle
INT4708,2.44,1.89,86.21,74.66,73.40585,Average
INT4709,6.41,1.88,57.83,50.56,48.23032,Struggle
INT4710,5.27,1.02,89.81,46.27,52.097435,Struggle
INT4711,3.87,3.43,72.44,67.85,70.07005,Average
INT4712,3.5,1.0,56.06,47.58,54.283653,Struggle
INT4713,2.88,2.2,8.4,81.11,65.74333,Average
INT4714,5.18,,36.17,47.5,59.760742,Struggle
INT4715,3.78,4.73,69.22,61.8,72.292755,Average
INT4716,2.54,1.0,50.87,48.61,54.563126,Struggle
INT4717,4.94,5.0,69.14,79.82,73.664856,Average
INT4718,6.58,4.0,90.44,75.02,76.9976,Average
INT4719,3.25,1.0,49.68,56.51,60.495365,Average
INT4720,6.27,3.17,17.64,41.61,46.15452,Struggle
INT4721,3.14,3.25,43.89,76.44,75.14006,Average
INT4722,1.71,1.18,64.57,58.17,68.646835,Average
INT4723,,2.22,73.88,71.44,66.64698,Average
INT4724,3.56,1.8,70.23,57.91,57.776123,Struggle
INT4725,1.99,2.66,61.16,100.0,83.24749,Excel
INT4726,1.0,3.41,5.81,91.62,85.638466,Excel
INT4727,6.12,4.92,84.18,57.12,65.69824,Average
INT4728,5.97,3.88,92.55,63.15,66.469696,Average
INT4729,5.54,2.72,97.96,86.36,75.741264,Average
INT4730,1.79,4.53,58.88,85.78,84.90456,Excel
INT4731,2.07,5.0,42.4,100.0,96.87753,Excel
INT4732,1.89,2.3,52.18,55.82,71.66744,Average
INT4733,4.96,1.8,,47.22,44.680286,Struggle
INT4734,6.09,5.0,56.27,60.54,65.65319,Average
INT4735,,3.97,91.89,77.08,75.99958,Average
INT4736,1.4,1.8,55.69,53.1,58.010292,Struggle
INT4737,3.92,1.05,52.08,44.92,52.4383,Struggle
INT4738,2.98,4.35,54.8,84.2,77.19396,Average
INT4739,3.67,3.48,98.58,93.91,88.48239,Excel
INT4740,4.89,2.23,82.75,60.41,63.064213,Average
INT4741,,4.36,64.39,72.01,70.68397,Average
INT4742,1.17,4.97,62.04,83.24,85.05731,Excel
INT4743,1.0,3.22,7.73,86.4,89.531456,Excel
INT4744,6.79,2.51,87.83,53.97,56.581383,Struggle
INT4745,2.38,1.0,48.26,63.55,62.934517,Average
INT4746,1.66,2.53,80.49,80.12,76.36988,Average
INT4747,1.95,4.43,52.04,67.99,74.02869,Average
INT4748,1.11,2.2,3.33,85.66,87.44243,Excel
INT4749,3.18,2.22,43.88,61.16,64.70098,Average
INT4750,5.32,3.97,98.19,84.62,80.73163,Excel
INT4751,3.51,2.78,79.36,63.64,64.25415,Average
INT4752,3.31,1.0,44.54,55.67,58.481724,Struggle
INT4753,4.84,4.71,69.08,57.25,65.970726,Average
INT4754,3.68,2.15,58.79,66.7,63.35048,Average
INT4755,6.16,2.56,48.93,57.72,62.72461,Average
INT4756,6.63,3.09,85.39,72.09,66.002625,Average
INT4757,1.0,4.67,8.31,81.13,88.22622,Excel
INT4758,5.61,4.24,57.92,62.17,62.988533,Average
INT4759,3.28,3.69,53.85,70.18,72.99161,Average
INT4760,7.0,1.9,95.6,43.14,46.08739,Struggle
INT4761,4.04,2.28,61.65,64.38,62.603306,Average
INT4762,7.0,5.0,67.21,67.57,69.01379,Average
INT4763,5.5,1.87,64.03,33.29,45.5571,Struggle
INT4764,2.9,2.42,70.68,65.15,71.153114,Average
INT4765,4.14,4.0,85.7,82.52,81.56531,Excel
INT4766,6.96,1.41,71.08,50.6,45.015114,Struggle
INT4767,6.35,3.63,59.13,45.6,51.0546,Struggle
INT4768,1.6,5.0,49.65,100.0,93.74571,Excel
INT4769,4.93,3.4,,45.25,58.75373,Struggle
INT4770,2.89,1.06,99.03,64.32,67.72374,Average
INT4771,1.0,4.24,2.75,89.14,88.69072,Excel
INT4772,3.35,5.0,50.36,74.88,77.540054,Average
INT4773,2.52,1.0,75.78,73.66,67.75883,Average
INT4774,5.53,1.06,57.54,52.14,49.838013,Struggle
INT4775,3.15,5.0,22.79,75.28,78.45912,Average
INT4776,6.36,,84.91,75.06,63.109673,Average
INT4777,1.0,1.86,5.46,74.43,79.546555,Average
INT4778,2.57,2.67,73.03,55.57,64.26039,Average
INT4779,2.84,3.72,83.84,74.3,79.954124,Average
INT4780,2.59,4.24,76.91,94.25,82.00334,Excel
INT4781,1.02,5.0,81.49,97.07,95.613174,Excel
INT4782,2.03,5.0,79.84,100.0,93.56347,Excel
INT4783,4.5,4.0,83.29,81.96,81.58744,Excel
INT4784,2.82,1.32,32.08,67.53,64.38795,Average
INT4785,3.62,4.38,63.44,64.5,70.66815,Average
INT4786,3.33,3.9,72.0,81.55,76.803246,Average
INT4787,6.56,3.76,72.31,61.19,60.72444,Average
INT4788,6.25,2.95,88.72,58.32,60.16635,Average
INT4789,4.17,1.0,68.37,52.05,55.579903,Struggle
INT4790,3.47,2.7,58.13,79.91,70.694244,Average
INT4791,,1.82,62.57,73.67,57.581463,Struggle
INT4792,7.0,2.25,40.51,44.43,51.528294,Struggle
INT4793,1.11,4.32,86.58,91.26,92.91936,Excel
INT4794,2.57,1.7,73.52,75.48,73.898834,Average
INT4795,3.22,1.64,62.47,65.94,65.9939,Average
INT4796,2.45,4.0,70.81,80.17,88.26334,Excel
INT4797,1.71,2.96,94.49,72.65,79.637184,Average
INT4798,5.68,1.0,78.34,53.75,45.123623,Struggle
INT4799,1.63,3.43,46.27,81.81,77.11765,Average
INT4800,4.94,2.92,93.19,74.37,72.62143,Average
INT4801,1.43,3.86,53.95,94.21,91.369354,Excel
INT4802,1.0,,96.73,100.0,89.92505,Excel
INT4803,6.33,3.76,91.58,76.52,60.89346,Average
INT4804,2.16,2.36,99.59,71.01,73.27838,Average
INT4805,5.99,2.88,81.15,47.47,57.42942,Struggle
INT4806,4.37,,88.96,77.51,74.23432,Average
INT4807,1.52,1.16,,70.93,70.60544,Average
INT4808,6.48,3.31,62.96,63.38,54.229527,Struggle
INT4809,2.74,5.0,67.74,83.87,83.348434,Excel
INT4810,5.75,3.88,94.7,77.33,70.97787,Average
INT4811,1.71,3.62,52.8,60.51,71.95446,Average
INT4812,6.36,4.54,79.57,56.45,64.09316,Average
INT4813,1.0,2.8,2.14,78.13,79.44007,Average
INT4814,4.06,1.0,69.33,59.99,55.752106,Struggle
INT4815,5.45,4.16,94.23,71.1,71.748665,Average
INT4816,6.62,2.57,92.69,56.34,56.417217,Struggle
INT4817,6.31,,51.67,57.87,47.978134,Struggle
INT4818,6.41,4.05,63.65,48.89,56.82835,Struggle
INT4819,6.19,2.67,73.77,39.91,44.55016,Struggle
INT4820,2.33,3.89,70.41,73.69,80.08194,Excel
INT4821,3.1,3.14,40.23,62.39,70.4428,Average
INT4822,2.87,2.61,55.14,45.46,58.485737,Struggle
INT4823,3.33,3.03,77.16,64.53,76.15439,Average
INT4824,3.43,1.91,65.09,56.74,64.492645,Average
INT4825,4.27,3.37,83.04,60.73,68.08069,Average
INT4826,2.27,2.33,38.48,65.23,72.107796,Average
INT4827,4.7,4.63,6.74,65.02,72.58375,Average
INT4828,2.4,4.57,52.62,79.79,79.23344,Average
INT4829,,3.32,99.63,89.7,84.76876,Excel
INT4830,4.37,4.0,75.38,84.07,82.7448,Excel
INT4831,5.29,4.41,21.32,51.32,66.22385,Average
INT4832,,3.88,77.06,61.9,72.45205,Average
INT4833,4.49,4.04,93.52,84.93,78.40972,Average
INT4834,2.15,3.51,51.93,79.72,78.06153,Average
INT4835,4.2,2.81,59.71,73.48,65.955055,Average
INT4836,1.7,1.0,56.97,70.56,62.83855,Average
INT4837,3.39,2.47,4.24,69.73,66.742676,Average
INT4838,3.14,3.04,88.31,88.85,79.84425,Average
INT4839,1.25,3.3,4.76,70.98,77.609764,Average
INT4840,2.42,2.15,94.64,77.44,76.376915,Average
INT4841,6.79,1.0,63.85,42.08,39.558247,Struggle
INT4842,6.96,3.24,62.11,42.53,47.297977,Struggle
INT4843,2.69,1.8,7.89,68.88,60.363693,Average
INT4844,1.28,2.32,3.18,83.23,82.25671,Excel
INT4845,2.19,2.19,13.87,80.65,71.356895,Average
INT4846,3.15,3.95,67.66,83.11,75.648415,Average
INT4847,7.0,1.46,92.89,55.14,55.41854,Struggle
INT4848,1.87,5.0,51.37,94.02,90.6767,Excel
INT4849,5.26,3.18,50.16,53.5,59.483776,Struggle
INT4850,1.26,4.2,4.07,74.47,79.617905,Average
INT4851,6.93,3.34,95.7,69.68,67.16624,Average
INT4852,3.17,3.72,95.07,86.72,83.95187,Excel
INT4853,5.34,2.0,75.94,68.87,60.57743,Average
INT4854,2.59,3.38,77.66,61.36,73.026695,Average
INT4855,4.84,3.67,39.2,56.19,63.17364,Average
INT4856,2.25,4.0,62.19,86.02,87.30268,Excel
INT4857,1.52,1.02,90.76,84.7,72.10258,Average
INT4858,6.73,3.53,,56.33,59.9385,Struggle
INT4859,6.96,3.15,74.37,58.75,55.812775,Struggle
INT4860,6.8,5.0,47.28,71.72,68.98612,Average
INT4861,5.14,1.0,55.18,53.64,46.363255,Struggle
INT4862,6.16,3.1,75.98,65.89,61.83384,Average
INT4863,1.12,1.0,78.88,65.12,68.53854,Average
INT4864,2.67,3.56,87.12,82.2,81.52716,Excel
INT4865,2.82,,61.74,78.97,69.76708,Average
INT4866,4.93,1.0,34.11,38.01,45.105244,Struggle
INT4867,3.49,4.5,78.48,77.87,80.249176,Excel
INT4868,1.62,3.46,99.16,79.21,88.56321,Excel
INT4869,4.56,3.1,60.87,42.59,48.3939,Struggle
INT4870,6.04,2.48,99.3,63.53,64.72455,Average
INT4871,3.24,1.0,51.38,60.91,53.06689,Struggle
INT4872,1.74,1.66,91.3,76.75,83.25626,Excel
INT4873,1.91,2.34,23.46,69.72,72.012024,Average
INT4874,2.91,3.75,65.02,85.65,79.28463,Average
INT4875,2.78,4.9,52.89,81.49,75.54646,Average
INT4876,,3.23,48.17,64.48,66.04082,Average
INT4877,4.33,1.8,67.75,48.14,51.18665,Struggle
INT4878,5.19,,55.26,68.95,61.971897,Average
INT4879,2.94,4.54,55.21,77.7,77.76413,Average
INT4880,5.64,1.0,0.0,28.99,46.68628,Struggle
INT4881,2.0,5.0,,96.13,92.69676,Excel
INT4882,3.31,1.8,59.86,56.77,55.87032,Struggle
INT4883,5.88,3.12,56.48,59.26,53.17645,Struggle
INT4884,1.97,2.67,34.8,75.65,74.22354,Average
INT4885,2.06,3.48,60.67,80.95,80.031006,Excel
INT4886,5.84,3.56,55.33,68.4,58.654957,Struggle
INT4887,,3.55,61.49,70.12,69.08821,Average
INT4888,5.49,1.8,50.42,38.64,37.231724,Struggle
INT4889,1.0,5.0,0.0,100.0,95.59277,Excel
INT4890,,5.0,79.61,76.62,82.26431,Excel
INT4891,2.58,3.54,85.99,84.54,82.486984,Excel
INT4892,1.65,2.67,46.06,80.16,77.65989,Average
INT4893,4.96,1.8,57.22,46.67,44.495487,Struggle
INT4894,2.28,3.16,79.75,89.44,80.172165,Excel
INT4895,3.49,2.9,28.86,50.14,63.330147,Average
INT4896,1.49,2.07,70.06,56.38,66.320244,Average
INT4897,2.28,2.95,78.45,80.62,78.435234,Average
INT4898,2.35,1.0,77.94,60.14,63.53678,Average
INT4899,1.85,1.0,55.95,56.44,60.87273,Average
INT4900,6.13,1.0,25.45,43.94,45.881508,Struggle
INT4901,1.0,3.15,9.67,77.04,86.02611,Excel
INT4902,3.59,1.0,66.29,59.49,57.97342,Struggle
INT4903,1.94,2.91,54.09,57.23,67.356735,Average
INT4904,3.03,2.62,56.37,60.05,66.472725,Average
INT4905,6.61,2.86,0.0,74.14,70.92718,Average
INT4906,2.17,,88.46,91.07,87.49155,Excel
INT4907,6.93,2.61,99.81,62.2,61.74281,Average
INT4908,2.51,2.83,62.7,69.58,68.96011,Average
INT4909,5.19,1.0,74.39,40.94,47.080677,Struggle
INT4910,,1.0,61.82,40.95,49.37477,Struggle
INT4911,5.96,1.83,,49.33,50.01042,Struggle
INT4912,4.25,2.98,55.77,61.62,65.26775,Average
INT4913,4.41,5.0,56.36,71.74,74.40403,Average
INT4914,2.36,3.22,53.59,76.21,72.82714,Average
INT4915,2.21,3.37,58.24,77.3,70.774734,Average
INT4916,6.31,1.27,74.7,37.55,46.293682,Struggle
INT4917,3.13,3.92,43.38,88.99,84.00113,Excel
INT4918,3.1,1.46,93.97,72.16,69.09692,Average
INT4919,6.0,3.74,87.02,72.6,67.79902,Average
INT4920,2.87,2.85,73.09,77.15,68.046326,Average
INT4921,6.81,1.95,99.22,68.55,68.27268,Average
INT4922,5.68,5.0,72.81,76.27,73.969894,Average
INT4923,4.99,5.0,,77.41,74.786644,Average
INT4924,6.23,3.94,99.63,61.09,61.572876,Average
INT4925,,2.05,1.6,72.88,68.82191,Average
INT4926,2.47,3.66,77.49,69.16,73.49039,Average
INT4927,3.61,,65.45,80.45,67.593185,Average
INT4928,2.51,1.0,75.18,73.99,66.50782,Average
INT4929,,1.0,77.94,47.49,55.298798,Struggle
INT4930,6.15,2.53,31.86,50.01,54.737286,Struggle
INT4931,3.6,1.0,77.84,58.04,59.30822,Struggle
INT4932,3.45,2.01,87.8,79.85,76.12596,Average
INT4933,6.37,2.25,63.33,51.58,49.861702,Struggle
INT4934,3.66,3.95,69.17,62.97,71.49014,Average
INT4935,4.3,1.8,63.41,49.59,51.320038,Struggle
INT4936,3.51,4.0,91.03,92.46,92.19168,Excel
INT4937,6.47,5.0,51.07,74.16,68.66656,Average
INT4938,3.93,5.0,93.56,88.27,85.265564,Excel
INT4939,5.18,2.27,58.5,47.3,54.53331,Struggle
INT4940,5.96,4.84,53.68,63.9,61.35598,Average
INT4941,2.67,1.94,55.97,68.12,65.76267,Average
INT4942,3.25,1.8,58.05,51.73,56.310585,Struggle
INT4943,6.36,3.1,76.65,46.18,61.193417,Average
INT4944,3.43,1.0,78.53,74.37,63.29162,Average
INT4945,6.1,1.0,67.86,43.64,44.337936,Struggle
INT4946,6.26,2.99,97.93,78.24,75.40182,Average
INT4947,4.44,2.8,51.91,37.95,53.048256,Struggle
INT4948,5.78,2.56,66.75,63.59,56.079243,Struggle
INT4949,6.05,1.81,59.06,54.0,49.462467,Struggle
INT4950,6.38,3.8,,56.52,63.878304,Average
INT4951,,3.09,52.81,62.75,64.68792,Average
INT4952,1.67,1.8,97.41,71.75,70.58184,Average
INT4953,3.43,3.14,60.04,77.09,66.06899,Average
INT4954,4.85,1.33,65.14,55.01,56.859547,Struggle
INT4955,3.77,3.17,51.15,75.0,65.19486,Average
INT4956,5.63,4.66,0.0,66.77,65.829056,Average
INT4957,2.98,3.56,83.38,86.08,84.471565,Excel
INT4958,5.08,5.0,98.74,81.9,84.32292,Excel
INT4959,,1.43,80.32,80.34,65.64504,Average
INT4960,5.78,1.55,86.07,61.63,59.908577,Struggle
INT4961,3.8,4.61,54.4,56.87,66.60689,Average
INT4962,2.22,3.07,81.39,88.67,77.48402,Average
INT4963,3.11,2.51,72.69,89.86,73.034134,Average
INT4964,5.08,1.0,94.29,54.68,56.45156,Struggle
INT4965,3.92,1.54,69.41,66.72,60.213963,Average
INT4966,1.96,2.1,52.04,94.22,76.69788,Average
INT4967,7.0,1.73,61.41,48.91,51.566093,Struggle
INT4968,5.62,1.0,62.97,53.21,48.316616,Struggle
INT4969,7.0,2.45,40.13,51.04,50.552643,Struggle
INT4970,3.93,3.21,65.2,74.49,65.60413,Average
INT4971,4.09,5.0,29.07,89.07,81.10705,Excel
INT4972,6.07,2.77,52.48,47.95,53.941372,Struggle
INT4973,3.95,3.43,91.84,59.27,68.200714,Average
INT4974,5.24,2.45,9.27,40.87,50.850254,Struggle
INT4975,2.6,,94.37,64.06,76.982796,Average
INT4976,3.96,,56.27,68.64,62.937622,Average
INT4977,1.47,1.18,23.1,77.78,74.71984,Average
INT4978,1.87,3.42,,65.01,71.24153,Average
INT4979,1.0,3.58,7.87,88.92,86.352646,Excel
INT4980,1.0,2.96,9.84,95.6,84.069305,Excel
INT4981,7.0,1.84,78.73,42.04,49.69347,Struggle
INT4982,2.53,2.18,64.35,63.08,72.70837,Average
INT4983,5.22,3.96,55.02,86.8,63.286892,Average
INT4984,5.59,4.1,75.12,49.18,62.573776,Average
INT4985,4.76,5.0,66.74,72.92,74.02796,Average
INT4986,1.42,4.41,91.33,78.82,86.00586,Excel
INT4987,5.2,3.97,64.36,72.45,72.92925,Average
INT4988,4.78,3.88,69.68,74.5,69.55829,Average
INT4989,4.94,3.47,61.49,71.2,63.15227,Average
INT4990,5.2,5.0,96.01,79.53,80.00371,Excel
INT4991,6.43,4.56,76.84,68.36,64.834076,Average
INT4992,4.52,4.92,20.94,66.9,66.82031,Average
INT4993,3.45,1.0,95.79,66.13,65.53609,Average
INT4994,4.95,1.59,59.47,52.72,55.414078,Struggle
INT4995,1.51,,52.42,81.5,75.63132,Average
INT4996,6.23,2.6,43.49,58.36,53.933083,Struggle
INT4997,1.24,1.0,86.35,69.04,70.868225,Average
INT4998,2.49,1.8,96.16,61.29,63.93252,Average
INT4999,6.28,4.53,81.86,72.08,68.061455,Average
INT5000,,1.8,97.59,65.42,60.42817,Average
INT5001,3.86,2.8,54.62,65.68,63.560482,Average
INT5002,3.5,5.0,53.04,67.0,77.35962,Average
INT5003,6.3,1.25,53.35,62.04,48.522152,Struggle
INT5004,3.49,1.13,98.31,58.49,63.18297,Average
INT5005,,1.54,75.14,45.95,56.938663,Struggle
INT5006,1.76,1.0,52.58,60.82,57.469093,Struggle
INT5007,5.51,1.03,61.06,48.69,49.12423,Struggle
INT5008,5.89,2.26,62.24,60.25,55.950962,Struggle
INT5009,1.79,4.62,66.89,73.99,79.75678,Average
INT5010,3.9,2.61,52.18,50.46,61.231815,Average
INT5011,1.75,1.07,95.24,67.22,72.722694,Average
INT5012,5.02,1.0,75.78,45.41,46.463207,Struggle
INT5013,4.71,5.0,83.55,92.69,83.12329,Excel
INT5014,4.64,2.67,53.36,54.99,49.95619,Struggle
INT5015,2.1,2.47,52.71,81.28,74.11548,Average
INT5016,2.76,5.0,79.32,94.07,89.69269,Excel
INT5017,1.12,2.85,0.2,84.75,84.76628,Excel
INT5018,2.8,3.63,76.42,78.01,75.667435,Average
INT5019,4.69,1.57,93.89,59.7,64.31243,Average
INT5020,5.96,3.55,60.75,70.63,63.053112,Average
INT5021,4.73,1.0,53.79,47.73,47.35171,Struggle
INT5022,3.53,3.33,,79.85,68.63313,Average
INT5023,6.92,1.0,82.89,35.72,37.674152,Struggle
INT5024,4.86,2.09,72.18,70.71,64.57592,Average
INT5025,6.45,1.0,64.53,34.03,38.27301,Struggle
INT5026,4.02,3.52,70.93,85.36,77.77224,Average
INT5027,2.29,3.82,45.13,61.62,84.80229,Excel
INT5028,1.47,2.62,95.53,91.24,94.053665,Excel
INT5029,5.15,2.75,55.17,58.67,64.19161,Average
INT5030,1.84,2.27,,75.08,74.2924,Average
INT5031,2.82,5.0,76.88,83.01,82.83429,Excel
INT5032,3.91,5.0,84.91,83.18,85.810356,Excel
INT5033,4.16,2.77,81.53,49.82,62.06011,Average
INT5034,4.27,3.68,97.08,86.93,83.95234,Excel
INT5035,1.56,3.24,89.78,89.4,87.758316,Excel
INT5036,3.4,3.23,38.67,79.81,74.21926,Average
INT5037,4.87,4.14,39.46,52.09,64.07895,Average
INT5038,6.49,2.69,37.61,51.45,53.990524,Struggle
INT5039,5.49,4.28,84.67,74.93,72.513794,Average
INT5040,,1.66,91.9,58.4,66.58365,Average
INT5041,5.14,1.14,77.02,71.15,60.48995,Average
INT5042,4.54,1.0,80.27,49.18,50.248173,Struggle
INT5043,2.38,1.0,76.35,62.86,66.43928,Average
INT5044,4.55,1.57,50.88,64.75,56.663006,Struggle
INT5045,5.02,2.87,53.6,62.46,53.475437,Struggle
INT5046,5.09,2.33,23.99,60.2,55.889446,Struggle
INT5047,3.53,3.17,32.28,46.72,55.19176,Struggle
INT5048,4.49,1.0,70.04,58.58,52.699104,Struggle
INT5049,2.89,2.22,66.84,60.16,69.70167,Average
INT5050,3.76,2.78,81.87,67.74,63.63937,Average
INT5051,2.18,4.28,76.78,96.32,88.27957,Excel
INT5052,5.4,5.0,53.1,74.87,70.46169,Average
INT5053,2.13,2.14,16.41,59.59,65.94308,Average
INT5054,1.03,2.56,63.89,88.64,70.88567,Average
INT5055,3.85,1.89,97.64,71.87,69.24931,Average
INT5056,4.94,3.78,54.32,65.12,68.575966,Average
INT5057,,1.8,96.94,58.63,60.490032,Average
INT5058,2.36,2.68,65.56,74.0,69.925476,Average
INT5059,4.21,2.75,38.75,57.18,64.99013,Average
INT5060,2.76,4.35,55.44,64.55,74.69227,Average
INT5061,6.84,1.8,53.55,26.68,33.036457,Struggle
INT5062,6.24,1.8,71.48,42.63,38.87068,Struggle
INT5063,4.13,2.97,4.18,57.53,69.570145,Average
INT5064,2.75,1.8,33.59,58.7,58.117916,Struggle
INT5065,5.58,2.2,78.12,41.3,54.541214,Struggle
INT5066,1.26,3.57,6.99,89.96,89.95891,Excel
INT5067,3.77,1.0,69.43,49.47,57.231388,Struggle
INT5068,3.19,3.27,95.32,80.67,81.12883,Excel
INT5069,6.44,1.0,92.79,46.94,45.00143,Struggle
INT5070,1.39,5.0,2.53,99.24,94.593506,Excel
INT5071,4.55,4.53,61.91,80.63,72.13379,Average
INT5072,5.48,,59.66,44.44,55.294804,Struggle
INT5073,4.29,2.46,97.7,79.21,75.5165,Average
INT5074,1.84,1.0,60.14,58.95,59.712856,Struggle
INT5075,6.86,3.73,90.41,76.41,65.90196,Average
INT5076,3.68,2.89,68.45,61.68,67.333115,Average
INT5077,4.76,2.77,99.28,48.69,66.04132,Average
INT5078,2.28,1.37,68.41,65.17,69.3205,Average
INT5079,3.94,1.0,67.58,48.18,53.511,Struggle
INT5080,3.72,2.37,81.87,65.16,70.10127,Average
INT5081,1.59,4.48,98.08,95.49,96.56506,Excel
INT5082,1.81,3.68,61.96,82.19,83.292145,Excel
INT5083,6.2,3.33,0.82,57.85,63.88302,Average
INT5084,2.05,1.0,87.73,66.65,70.11527,Average
INT5085,1.86,2.78,78.17,63.64,72.57507,Average
INT5086,4.16,2.2,87.79,56.7,65.93825,Average
INT5087,5.52,5.0,92.99,81.76,78.11477,Average
INT5088,1.63,2.34,74.3,62.77,72.74695,Average
INT5089,4.08,2.38,80.99,74.89,68.90496,Average
INT5090,1.41,,76.87,74.22,78.8922,Average
INT5091,1.28,1.0,0.4,72.25,68.75065,Average
INT5092,1.32,5.0,94.5,87.87,92.49668,Excel
INT5093,5.77,2.63,67.78,56.12,54.51257,Struggle
INT5094,1.62,1.0,60.41,70.36,62.40584,Average
INT5095,1.0,4.97,4.03,86.4,82.18345,Excel
INT5096,3.17,4.57,60.4,67.76,73.20605,Average
INT5097,5.65,1.21,74.92,49.51,49.915916,Struggle
INT5098,2.65,4.04,95.18,80.74,83.14333,Excel
INT5099,3.89,5.0,57.09,74.83,78.49883,Average
INT5100,1.0,1.91,9.35,64.34,69.45881,Average
INT5101,3.22,,58.31,66.31,72.27112,Average
INT5102,4.68,2.03,95.04,49.7,58.058376,Struggle
INT5103,4.79,,80.09,53.22,65.17006,Average
INT5104,2.63,3.04,51.59,66.27,62.985535,Average
INT5105,2.78,4.0,81.66,93.3,90.9567,Excel
INT5106,1.3,4.33,,100.0,90.94649,Excel
INT5107,2.81,2.08,53.96,52.95,56.862244,Struggle
INT5108,1.75,1.68,2.28,79.91,75.84521,Average
INT5109,6.07,4.93,95.77,72.54,71.25367,Average
INT5110,6.98,1.8,50.48,28.03,29.153913,Struggle
INT5111,7.0,3.86,48.88,63.5,61.65201,Average
INT5112,6.12,5.0,73.75,62.33,67.70328,Average
INT5113,5.0,3.61,67.35,77.94,69.37579,Average
INT5114,4.92,1.0,81.38,45.85,49.858593,Struggle
INT5115,2.33,1.0,52.64,52.63,52.95105,Struggle
INT5116,4.98,5.0,87.65,76.8,79.62734,Average
INT5117,3.6,2.68,50.22,69.36,67.05397,Average
INT5118,,4.0,65.35,78.26,80.05536,Excel
INT5119,5.72,1.0,75.2,41.9,42.464485,Struggle
INT5120,2.52,1.39,68.85,71.62,70.65378,Average
INT5121,2.98,2.28,65.37,74.67,73.56223,Average
INT5122,6.35,1.94,91.54,41.53,48.56495,Struggle
INT5123,1.62,2.85,96.74,89.3,87.1006,Excel
INT5124,3.72,4.24,93.69,75.71,80.40229,Excel
INT5125,6.51,1.57,53.17,40.92,47.422707,Struggle
INT5126,4.18,1.89,94.21,63.88,64.65842,Average
INT5127,4.57,5.0,8.63,80.2,80.65597,Excel
INT5128,2.62,1.0,70.46,73.14,64.29249,Average
INT5129,2.75,2.43,64.17,84.53,72.36073,Average
INT5130,5.83,3.97,54.91,40.56,55.94084,Struggle
INT5131,4.12,1.07,73.95,59.65,57.932426,Struggle
INT5132,4.17,5.0,97.31,95.84,92.46397,Excel
INT5133,,5.0,78.05,97.72,84.40319,Excel
INT5134,1.0,1.92,0.0,69.9,75.780075,Average
INT5135,6.97,5.0,55.64,55.28,58.36763,Struggle
INT5136,3.65,1.8,3.21,52.12,51.24582,Struggle
INT5137,4.16,1.0,73.22,49.6,53.372627,Struggle
INT5138,1.4,,97.56,75.87,96.38292,Excel
INT5139,5.19,1.08,68.04,45.86,51.908913,Struggle
INT5140,6.69,3.28,93.87,75.31,70.620575,Average
INT5141,3.97,2.84,31.23,63.02,63.09211,Average
INT5142,1.47,5.0,80.85,100.0,95.0712,Excel
INT5143,4.05,4.65,80.03,70.62,75.57825,Average
INT5144,5.67,1.0,92.99,63.12,56.157692,Struggle
INT5145,,2.8,8.56,69.62,69.32323,Average
INT5146,,5.0,59.5,68.48,75.55136,Average
INT5147,4.72,3.64,60.98,71.23,66.50896,Average
INT5148,6.23,4.85,65.02,75.21,67.97203,Average
INT5149,5.06,5.0,57.68,74.51,71.274605,Average
INT5150,1.48,1.0,51.85,53.95,55.8877,Struggle
INT5151,2.91,5.0,76.72,84.28,84.19343,Excel
INT5152,2.49,5.0,76.43,94.24,90.38438,Excel
INT5153,6.78,5.0,92.2,80.77,73.95691,Average
INT5154,5.73,1.64,97.44,56.23,58.68323,Struggle
INT5155,4.86,4.62,76.93,60.26,64.80048,Average
INT5156,,2.72,96.5,90.63,68.933914,Average
INT5157,2.34,2.79,86.26,72.77,73.42783,Average
INT5158,5.74,5.0,42.08,60.44,65.21333,Average
INT5159,3.41,2.83,96.42,65.14,70.53624,Average
INT5160,1.89,1.33,83.37,72.25,79.32941,Average
INT5161,4.9,1.77,70.7,63.69,61.89854,Average
INT5162,1.68,2.92,5.88,87.63,88.23769,Excel
INT5163,3.23,1.0,70.07,72.78,66.062256,Average
INT5164,4.14,4.57,55.71,62.44,70.34811,Average
INT5165,1.93,1.0,48.71,74.48,67.33434,Average
INT5166,6.71,3.24,91.2,47.76,51.209476,Struggle
INT5167,2.43,2.79,86.44,58.91,73.42783,Average
INT5168,1.99,3.38,61.46,61.78,72.98811,Average
INT5169,2.4,2.33,97.83,87.76,84.08657,Excel
INT5170,6.06,4.94,,67.88,67.10853,Average
INT5171,3.42,2.48,66.63,49.2,79.05568,Average
INT5172,3.93,1.0,,43.38,56.19462,Struggle
INT5173,1.54,3.8,5.01,82.42,85.68146,Excel
INT5174,1.0,2.02,8.73,70.5,71.29139,Average
INT5175,3.87,4.0,81.16,86.92,85.65076,Excel
INT5176,6.27,3.66,66.61,73.24,60.596268,Average
INT5177,6.12,2.11,99.48,60.25,59.014755,Struggle
INT5178,1.85,1.0,90.4,77.49,70.758415,Average
INT5179,4.06,2.09,,64.19,61.720135,Average
INT5180,6.77,1.0,86.19,45.29,45.687733,Struggle
INT5181,2.9,1.0,52.7,62.02,53.64404,Struggle
INT5182,6.14,3.3,36.04,41.27,53.527615,Struggle
INT5183,1.98,4.9,89.25,92.39,88.8658,Excel
INT5184,6.6,4.66,74.13,57.69,63.451538,Average
INT5185,5.7,1.8,48.97,41.04,43.26094,Struggle
INT5186,,3.49,76.3,62.31,70.41198,Average
INT5187,5.29,1.0,83.79,58.18,51.46386,Struggle
INT5188,3.64,2.84,48.03,78.43,72.07228,Average
INT5189,6.58,2.66,67.84,38.88,50.34924,Struggle
INT5190,2.68,1.21,78.57,80.14,73.78911,Average
INT5191,2.75,4.0,95.49,99.37,95.21593,Excel
INT5192,5.69,1.09,98.82,49.19,50.08789,Struggle
INT5193,5.15,2.94,61.36,43.98,53.700645,Struggle
INT5194,6.44,1.77,26.23,36.0,47.26141,Struggle
INT5195,2.03,1.8,83.83,66.32,67.08732,Average
INT5196,5.68,2.31,70.73,48.95,55.8918,Struggle
INT5197,,5.0,51.21,67.08,77.94558,Average
INT5198,1.25,2.65,67.34,95.79,87.342445,Excel
INT5199,3.74,1.0,90.34,64.46,58.86692,Struggle
INT5200,2.62,2.17,54.27,81.58,64.54349,Average
INT5201,3.18,4.35,74.73,81.92,78.07103,Average
INT5202,6.92,4.69,,57.62,54.743507,Struggle
INT5203,4.67,1.0,,59.1,53.12826,Struggle
INT5204,5.26,1.57,60.97,45.32,48.38437,Struggle
INT5205,6.78,3.75,76.3,48.87,54.884277,Struggle
INT5206,3.02,2.4,50.55,56.07,67.55847,Average
INT5207,5.6,4.98,53.5,71.43,68.18427,Average
INT5208,3.3,3.05,66.8,77.36,76.61701,Average
INT5209,6.06,1.0,83.74,47.01,48.349335,Struggle
INT5210,2.2,2.15,81.92,61.93,67.33313,Average
INT5211,6.58,5.0,69.04,64.84,67.69699,Average
INT5212,2.52,4.74,50.36,73.68,80.97838,Excel
INT5213,3.45,5.0,62.61,79.11,82.40697,Excel
INT5214,5.42,2.83,61.41,40.99,57.288433,Struggle
INT5215,3.32,2.91,1.47,63.16,70.75471,Average
INT5216,4.31,2.16,,64.92,62.085777,Average
INT5217,3.56,2.44,82.35,84.92,69.10134,Average
INT5218,5.68,1.0,87.79,48.0,50.458694,Struggle
INT5219,2.09,3.56,66.08,65.27,77.59658,Average
INT5220,1.03,3.43,74.48,78.26,78.49216,Average
INT5221,2.68,4.0,97.29,98.2,96.33329,Excel
INT5222,4.17,5.0,72.47,92.4,78.61524,Average
INT5223,2.13,2.97,,98.99,82.82309,Excel
INT5224,3.59,5.0,90.5,97.87,91.03991,Excel
INT5225,3.8,2.62,79.7,51.12,61.460938,Average
INT5226,1.0,1.0,64.87,68.64,70.783066,Average
INT5227,4.04,1.39,73.88,54.86,61.424095,Average
INT5228,6.21,1.4,88.74,55.92,52.023396,Struggle
INT5229,1.93,4.0,,96.39,95.26946,Excel
INT5230,4.61,3.57,74.87,82.79,68.88895,Average
INT5231,4.62,3.35,89.78,55.09,64.87745,Average
INT5232,3.14,1.48,63.05,67.71,66.23928,Average
INT5233,4.76,3.67,56.11,70.68,67.630356,Average
INT5234,3.81,2.65,,68.16,59.08485,Struggle
INT5235,4.48,2.21,97.18,53.29,72.94111,Average
INT5236,1.0,2.63,0.84,79.99,78.510445,Average
INT5237,4.86,3.3,81.76,61.34,64.97367,Average
INT5238,4.56,2.31,81.21,64.26,64.084366,Average
INT5239,1.61,1.75,6.82,68.98,77.10984,Average
INT5240,3.67,1.0,69.51,53.86,58.401398,Struggle
INT5241,6.63,5.0,85.35,77.23,74.69638,Average
INT5242,3.32,2.17,98.6,75.45,74.87975,Average
INT5243,3.87,3.69,58.4,64.43,72.85383,Average
INT5244,,2.82,70.52,73.64,68.32229,Average
INT5245,5.48,3.22,54.75,39.47,52.71228,Struggle
INT5246,4.49,1.0,62.12,47.55,48.67772,Struggle
INT5247,6.24,5.0,68.84,65.56,68.568146,Average
INT5248,5.79,1.84,44.69,50.91,54.319855,Struggle
INT5249,4.04,5.0,61.53,76.85,78.22982,Average
INT5250,3.68,1.0,61.38,55.63,56.49652,Struggle
INT5251,3.2,2.73,88.89,60.2,83.468,Excel
INT5252,7.0,2.87,98.13,56.3,56.742218,Struggle
INT5253,5.61,1.0,66.18,42.52,46.737408,Struggle
INT5254,1.72,3.83,84.4,89.74,89.19462,Excel
INT5255,6.46,4.36,62.9,53.87,57.850994,Struggle
INT5256,4.13,4.49,63.74,93.0,73.89056,Average
INT5257,1.23,5.0,83.65,95.68,97.54741,Excel
INT5258,4.56,1.52,90.13,54.85,60.866447,Average
INT5259,3.78,5.0,1.72,71.74,81.60585,Excel
INT5260,6.3,4.37,79.93,59.79,66.64799,Average
INT5261,2.26,3.48,53.34,88.15,80.70278,Excel
INT5262,6.22,4.0,24.77,69.83,70.64034,Average
INT5263,4.67,4.1,63.12,66.04,66.21218,Average
INT5264,1.17,1.86,,78.87,76.31649,Average
INT5265,,3.35,85.32,61.28,72.3627,Average
INT5266,4.39,2.99,30.27,47.89,57.058174,Struggle
INT5267,2.48,3.33,78.37,67.04,70.781425,Average
INT5268,4.04,3.27,58.52,70.71,69.55027,Average
INT5269,5.84,1.74,57.02,41.97,51.02963,Struggle
INT5270,2.42,1.8,51.45,59.28,52.105515,Struggle
INT5271,2.23,1.8,42.01,53.91,57.970352,Struggle
INT5272,2.18,1.43,72.04,79.64,75.806625,Average
INT5273,2.33,2.25,68.0,63.21,69.197075,Average
INT5274,6.01,3.01,82.42,71.92,63.714783,Average
INT5275,3.84,2.3,73.51,58.61,68.52805,Average
INT5276,2.72,1.0,98.17,77.8,72.191185,Average
INT5277,2.34,3.43,46.07,72.19,75.32411,Average
INT5278,3.38,1.6,87.01,86.3,77.42512,Average
INT5279,6.91,2.22,62.86,49.0,47.4813,Struggle
INT5280,3.4,5.0,75.44,86.04,84.55168,Excel
INT5281,6.61,5.0,77.63,67.11,67.958115,Average
INT5282,3.71,5.0,66.46,80.12,80.205765,Excel
INT5283,,5.0,73.59,97.01,82.26126,Excel
INT5284,6.59,4.4,63.96,54.98,61.635445,Average
INT5285,3.41,2.95,50.3,66.4,62.751263,Average
INT5286,4.94,4.77,60.78,68.41,67.52496,Average
INT5287,7.0,3.58,85.0,60.81,60.260155,Average
INT5288,1.51,2.56,15.63,96.39,83.94465,Excel
INT5289,1.96,2.87,26.4,80.48,76.77307,Average
INT5290,,5.0,70.4,80.54,78.07883,Average
INT5291,2.59,,51.87,56.37,65.570694,Average
INT5292,1.89,2.33,33.58,88.7,74.66374,Average
INT5293,1.0,3.59,6.8,95.51,87.676735,Excel
INT5294,1.0,3.57,6.69,86.94,87.42837,Excel
INT5295,5.53,1.3,60.29,51.9,51.30564,Struggle
INT5296,,3.94,62.87,86.43,78.41944,Average
INT5297,3.88,2.6,90.84,93.25,78.35105,Average
INT5298,4.52,3.47,60.45,52.65,60.91689,Average
INT5299,3.12,,11.79,69.13,67.7928,Average
INT5300,1.36,4.17,9.42,78.67,80.7914,Excel
INT5301,5.93,5.0,78.06,75.86,72.981155,Average
INT5302,1.39,1.92,8.23,83.56,81.27895,Excel
INT5303,5.56,1.8,94.99,54.79,52.526173,Struggle
INT5304,6.83,4.13,60.99,51.09,50.377827,Struggle
INT5305,4.01,5.0,87.07,76.4,85.29273,Excel
INT5306,4.26,,57.95,46.22,63.58948,Average
INT5307,3.8,3.21,,78.93,60.590794,Average
INT5308,2.84,4.52,93.53,95.21,86.67804,Excel
INT5309,6.53,2.4,72.9,64.96,55.58737,Struggle
INT5310,6.42,1.0,55.18,42.65,40.721046,Struggle
INT5311,3.45,4.77,91.02,93.75,87.90875,Excel
INT5312,,,56.8,61.8,62.155834,Average
INT5313,7.0,1.0,85.29,42.64,41.245415,Struggle
INT5314,7.0,1.0,56.18,38.11,39.683758,Struggle
INT5315,4.5,1.0,52.41,58.18,51.473156,Struggle
INT5316,3.55,5.0,,76.43,80.480125,Excel
INT5317,2.32,1.0,56.35,51.78,56.438034,Struggle
INT5318,7.0,1.0,62.99,34.61,34.487766,Struggle
INT5319,2.15,2.03,55.18,77.7,71.09626,Average
INT5320,4.19,2.34,75.67,63.99,64.05172,Average
INT5321,2.96,4.93,53.49,76.04,75.31584,Average
INT5322,2.75,2.98,61.17,78.54,76.79839,Average
INT5323,3.04,2.0,72.0,52.53,59.775867,Struggle
INT5324,6.99,4.0,73.7,72.72,69.45182,Average
INT5325,1.76,1.0,,69.48,65.17575,Average
INT5326,4.48,3.01,85.28,65.89,67.692566,Average
INT5327,1.79,5.0,52.36,75.96,82.474106,Excel
INT5328,1.46,2.47,54.03,62.24,67.559395,Average
INT5329,3.87,5.0,53.04,83.71,79.31825,Average
INT5330,4.51,3.75,71.16,68.45,68.459015,Average
INT5331,2.55,1.03,52.09,46.42,56.308994,Struggle
INT5332,2.74,5.0,87.3,90.54,89.79858,Excel
INT5333,1.67,3.15,61.15,75.37,76.77986,Average
INT5334,3.24,4.6,63.54,91.56,77.887054,Average
INT5335,6.48,2.9,74.32,51.4,53.488995,Struggle
INT5336,6.57,2.34,48.31,68.18,65.77772,Average
INT5337,2.67,1.0,8.78,58.12,60.213947,Average
INT5338,4.43,1.07,85.66,59.69,56.800613,Struggle
INT5339,6.5,1.0,51.9,52.57,39.8668,Struggle
INT5340,1.48,1.0,0.42,73.28,69.32595,Average
INT5341,5.77,3.62,71.11,60.66,63.36484,Average
INT5342,6.76,2.37,90.43,59.31,60.27196,Average
INT5343,1.94,1.89,69.0,64.12,71.03892,Average
INT5344,1.79,1.81,25.53,58.33,60.265484,Average
INT5345,6.93,3.68,62.97,57.14,56.730515,Struggle
INT5346,4.49,2.34,64.46,79.9,68.67774,Average
INT5347,1.0,1.58,4.71,78.09,79.012375,Average
INT5348,2.21,3.06,60.64,72.76,70.80815,Average
INT5349,3.7,1.0,34.74,49.22,55.14142,Struggle
INT5350,5.02,1.49,65.26,59.47,55.023262,Struggle
INT5351,5.17,2.65,83.95,44.76,57.3792,Struggle
INT5352,7.0,1.0,94.47,54.93,41.567375,Struggle
INT5353,,5.0,83.73,84.21,83.55897,Excel
INT5354,4.59,3.67,30.55,90.82,72.91314,Average
INT5355,,3.33,77.18,65.96,70.02904,Average
INT5356,3.87,3.86,53.45,70.82,76.709465,Average
INT5357,2.3,,0.48,74.91,77.3688,Average
INT5358,7.0,4.0,40.08,75.59,69.65559,Average
INT5359,6.01,1.0,66.39,52.94,46.781445,Struggle
INT5360,3.98,,61.03,52.33,65.91722,Average
INT5361,4.71,3.55,73.31,79.42,69.1625,Average
INT5362,2.65,1.0,83.32,64.42,66.38144,Average
INT5363,4.61,1.0,69.25,49.38,49.655357,Struggle
INT5364,4.75,1.8,90.13,52.86,54.793705,Struggle
INT5365,4.49,3.37,86.93,84.29,74.45801,Average
INT5366,7.0,1.84,3.04,32.79,34.92596,Struggle
INT5367,4.76,5.0,99.26,82.41,84.63835,Excel
INT5368,2.92,2.61,64.76,61.84,69.881454,Average
INT5369,5.95,1.82,82.24,38.68,44.321613,Struggle
INT5370,2.07,,92.77,82.77,84.09509,Excel
INT5371,3.63,1.0,9.1,61.15,57.79063,Struggle
INT5372,3.39,5.0,58.11,83.83,79.62065,Average
INT5373,3.18,4.52,38.76,76.68,78.22987,Average
INT5374,5.8,2.75,79.52,58.77,54.027103,Struggle
INT5375,3.89,1.0,52.78,40.05,50.723087,Struggle
INT5376,6.21,1.62,99.29,76.44,72.36924,Average
INT5377,4.26,4.17,90.0,83.55,75.08959,Average
INT5378,2.76,2.88,93.44,86.39,78.8479,Average
INT5379,6.26,3.32,84.71,79.27,72.47419,Average
INT5380,2.08,3.4,59.3,57.48,75.80828,Average
INT5381,2.54,5.0,51.55,87.86,83.7036,Excel
INT5382,3.83,3.09,93.23,69.34,73.82867,Average
INT5383,2.64,2.65,69.82,50.92,65.47879,Average
INT5384,1.17,4.0,3.98,88.36,89.86229,Excel
INT5385,4.81,5.0,78.08,86.43,80.76645,Excel
INT5386,4.54,3.42,71.04,71.42,68.22763,Average
INT5387,3.3,1.73,82.58,55.75,63.454536,Average
INT5388,6.69,1.81,74.19,43.35,44.937496,Struggle
INT5389,4.36,3.67,84.86,68.2,68.22284,Average
INT5390,6.31,4.39,,80.56,66.91455,Average
INT5391,1.75,2.4,59.78,64.16,73.292725,Average
INT5392,4.02,2.3,45.85,79.99,69.94593,Average
INT5393,6.66,1.17,49.63,51.6,52.817764,Struggle
INT5394,4.42,2.23,,79.55,60.432007,Average
INT5395,5.15,2.68,7.16,77.85,70.02424,Average
INT5396,3.18,4.31,,63.92,74.13403,Average
INT5397,1.27,2.26,82.67,73.53,76.95569,Average
INT5398,3.35,5.0,70.96,82.64,84.567566,Excel
INT5399,3.02,3.92,71.97,77.79,76.42262,Average
INT5400,5.87,5.0,94.72,73.98,79.12427,Average
INT5401,2.16,2.49,8.42,75.73,77.339836,Average
INT5402,,3.21,82.24,44.79,66.29177,Average
INT5403,6.87,4.0,52.9,57.29,64.567604,Average
INT5404,2.62,1.58,84.79,62.55,68.75475,Average
INT5405,2.59,5.0,49.6,92.23,90.44536,Excel
INT5406,6.79,2.8,39.22,42.49,50.618244,Struggle
INT5407,,3.74,60.98,58.56,70.698296,Average
INT5408,4.12,1.94,65.07,71.23,63.19844,Average
INT5409,2.79,2.07,71.34,66.03,64.11353,Average
INT5410,,2.04,60.59,59.31,62.603794,Average
INT5411,4.8,1.99,51.67,61.48,53.213074,Struggle
INT5412,2.96,1.23,70.7,74.51,71.1862,Average
INT5413,5.08,4.33,90.86,79.97,72.483444,Average
INT5414,1.14,3.03,69.38,72.58,78.0287,Average
INT5415,1.29,3.57,3.1,87.91,92.05745,Excel
INT5416,3.41,3.81,60.49,79.32,76.831535,Average
INT5417,3.18,1.41,70.83,52.73,62.607605,Average
INT5418,2.49,3.4,96.38,76.07,80.13865,Excel
INT5419,3.87,2.73,78.32,69.28,68.32223,Average
INT5420,3.34,1.42,95.1,70.2,69.93072,Average
INT5421,,1.29,95.1,78.94,69.46137,Average
INT5422,2.95,2.75,97.21,88.52,81.55256,Excel
INT5423,6.92,1.0,68.74,49.24,40.615585,Struggle
INT5424,3.08,5.0,50.16,71.08,76.69472,Average
INT5425,3.37,2.74,96.7,97.16,82.665764,Excel
INT5426,4.21,2.26,56.87,64.3,62.6793,Average
INT5427,6.89,2.45,,49.42,50.762375,Struggle
INT5428,2.68,2.08,52.77,48.77,59.046032,Struggle
INT5429,5.05,3.46,,70.1,66.79971,Average
INT5430,4.93,1.94,81.04,50.87,59.48454,Struggle
INT5431,4.58,3.26,37.58,72.36,66.41821,Average
INT5432,1.19,4.72,51.28,91.0,88.91266,Excel
INT5433,5.31,4.98,73.82,69.63,69.60874,Average
INT5434,1.05,2.9,72.11,85.44,81.002335,Excel
INT5435,4.56,1.78,87.84,65.51,64.46205,Average
INT5436,5.63,1.8,63.98,44.0,43.659443,Struggle
INT5437,,3.19,60.88,79.73,57.091633,Struggle
INT5438,5.63,1.94,6.0,35.93,44.195286,Struggle
INT5439,1.24,5.0,4.51,90.85,89.18829,Excel
INT5440,5.61,1.8,79.96,44.08,47.103363,Struggle
INT5441,3.85,5.0,73.58,86.23,81.27346,Excel
INT5442,2.56,3.23,66.84,63.36,70.22888,Average
INT5443,1.63,1.06,68.72,78.74,71.68067,Average
INT5444,6.71,,68.55,53.07,52.998215,Struggle
INT5445,1.87,1.83,98.62,87.99,83.14386,Excel
INT5446,2.16,1.0,29.52,70.93,67.17614,Average
INT5447,3.59,1.87,90.9,75.78,70.22402,Average
INT5448,4.38,1.25,85.41,57.13,64.445015,Average
INT5449,4.48,3.55,,56.97,67.50987,Average
INT5450,1.9,4.04,5.24,82.45,80.14971,Excel
INT5451,3.11,2.26,8.45,77.33,67.15457,Average
INT5452,,3.55,,69.78,69.244606,Average
INT5453,2.06,4.0,70.27,95.06,89.47325,Excel
INT5454,3.1,3.8,77.76,72.1,77.59115,Average
INT5455,5.65,1.8,62.66,43.56,41.180153,Struggle
INT5456,2.23,3.71,51.77,64.68,76.01882,Average
INT5457,3.61,5.0,91.8,92.47,89.172,Excel
INT5458,,1.0,94.82,58.46,61.622047,Average
INT5459,6.49,2.72,25.63,53.72,55.959084,Struggle
INT5460,6.53,3.99,89.35,58.01,65.17764,Average
INT5461,5.9,1.48,87.06,47.39,51.311745,Struggle
INT5462,2.8,3.27,58.92,83.02,74.11509,Average
INT5463,1.3,,71.09,78.83,84.017815,Excel
INT5464,3.31,1.98,31.46,66.28,63.062027,Average
INT5465,2.34,3.31,88.0,95.02,87.58028,Excel
INT5466,4.23,3.35,91.88,77.92,70.961205,Average
INT5467,5.91,5.0,54.74,69.23,67.62546,Average
INT5468,5.92,3.32,78.15,59.94,64.41003,Average
INT5469,5.6,5.0,88.09,72.89,74.573715,Average
INT5470,3.03,5.0,89.31,88.71,88.19149,Excel
INT5471,4.67,1.0,29.03,41.24,54.100925,Struggle
INT5472,3.28,3.1,76.28,83.57,78.63597,Average
INT5473,1.82,3.25,92.88,86.6,85.60718,Excel
INT5474,5.45,2.08,65.93,38.26,46.761,Struggle
INT5475,1.29,2.83,0.0,84.49,83.84086,Excel
INT5476,3.2,2.13,90.22,55.65,66.0896,Average
INT5477,2.55,3.74,54.47,73.48,78.50131,Average
INT5478,5.46,3.99,92.97,73.28,68.48158,Average
INT5479,5.66,,65.56,76.34,60.312904,Average
INT5480,3.0,2.53,,49.36,63.53325,Average
INT5481,6.15,4.22,61.71,54.8,58.361675,Struggle
INT5482,2.67,3.45,28.6,53.77,75.22509,Average
INT5483,3.32,2.46,,68.53,68.74122,Average
INT5484,5.66,,84.64,75.02,73.530525,Average
INT5485,5.11,3.69,60.7,64.05,64.138626,Average
INT5486,7.0,3.26,96.74,75.73,69.01736,Average
INT5487,2.29,3.41,75.82,86.19,85.73166,Excel
INT5488,4.69,1.11,73.0,42.23,49.51486,Struggle
INT5489,4.33,1.0,71.71,61.62,55.142952,Struggle
INT5490,6.73,1.75,84.63,61.79,58.11066,Struggle
INT5491,2.01,4.59,33.26,80.86,83.32764,Excel
INT5492,5.41,1.0,56.43,44.02,44.001015,Struggle
INT5493,4.4,3.01,55.57,68.98,57.621346,Struggle
INT5494,2.7,2.43,71.42,69.31,68.73049,Average
INT5495,3.59,1.56,53.7,57.65,56.616123,Struggle
INT5496,2.88,5.0,76.47,89.66,87.27562,Excel
INT5497,4.27,4.23,82.37,62.82,71.13944,Average
INT5498,6.22,1.91,6.39,33.05,40.89502,Struggle
INT5499,4.42,2.03,90.02,48.33,59.17515,Struggle
INT5500,4.46,5.0,83.49,81.69,82.62317,Excel
INT5501,4.0,4.64,82.52,84.71,78.99544,Average
INT5502,1.2,3.55,71.04,83.04,83.95526,Excel
INT5503,2.19,2.26,98.1,82.0,78.60639,Average
INT5504,4.45,5.0,63.71,79.56,77.98619,Average
INT5505,2.43,5.0,78.89,77.28,86.18925,Excel
INT5506,2.23,4.18,41.39,89.98,81.88841,Excel
INT5507,3.69,3.06,87.24,84.89,74.63904,Average
INT5508,3.28,4.12,52.39,56.86,64.70056,Average
INT5509,2.96,1.91,52.29,63.09,62.934383,Average
INT5510,3.68,1.8,90.54,56.56,59.640095,Struggle
INT5511,2.12,1.17,71.71,64.68,68.058655,Average
INT5512,6.32,5.0,67.06,64.96,66.06727,Average
INT5513,5.85,5.0,80.38,74.75,72.53243,Average
INT5514,5.07,4.7,85.09,74.91,69.01587,Average
INT5515,1.48,3.66,24.42,73.47,80.366806,Excel
INT5516,5.56,1.0,22.7,41.16,44.767952,Struggle
INT5517,5.72,1.0,97.91,47.89,49.652092,Struggle
INT5518,5.52,3.3,79.48,59.98,58.558548,Struggle
INT5519,1.89,,6.86,75.91,78.82759,Average
INT5520,,5.0,90.07,75.03,82.95977,Excel
INT5521,5.53,2.63,76.26,37.2,49.020645,Struggle
INT5522,4.45,5.0,24.62,80.28,74.66988,Average
INT5523,4.83,1.46,24.83,56.79,57.968964,Struggle
INT5524,3.31,5.0,69.84,77.18,82.17825,Excel
INT5525,3.8,2.94,1.53,74.1,68.75649,Average
INT5526,1.22,1.0,4.32,62.33,67.16598,Average
INT5527,4.56,5.0,,73.53,76.30793,Average
INT5528,1.87,1.84,94.66,95.26,74.50082,Average
INT5529,3.28,2.91,56.09,64.36,62.951237,Average
INT5530,2.28,3.86,81.48,73.85,85.46012,Excel
INT5531,4.22,1.15,38.49,49.45,55.78351,Struggle
INT5532,2.29,3.42,80.29,84.98,81.773445,Excel
INT5533,5.28,4.0,7.96,79.39,80.076584,Excel
INT5534,5.62,2.97,55.08,31.69,48.41894,Struggle
INT5535,1.5,1.05,79.12,66.66,72.309715,Average
INT5536,1.61,4.41,84.15,96.65,91.221725,Excel
INT5537,1.58,1.0,84.01,73.97,69.76996,Average
INT5538,6.41,1.62,81.85,62.65,53.892555,Struggle
INT5539,4.25,2.94,75.01,63.47,68.90958,Average
INT5540,3.57,3.19,37.67,69.43,70.029526,Average
INT5541,1.21,4.26,51.26,75.53,76.68284,Average
INT5542,5.16,1.2,84.51,54.61,55.84422,Struggle
INT5543,6.3,1.0,82.74,37.71,40.148434,Struggle
INT5544,6.31,3.78,,71.44,64.16173,Average
INT5545,4.52,3.78,20.16,67.46,58.90485,Struggle
INT5546,1.6,3.48,60.53,81.76,81.26413,Excel
INT5547,1.29,3.37,63.01,85.92,83.99785,Excel
INT5548,1.09,1.8,9.79,76.46,60.189537,Average
INT5549,2.7,2.69,61.14,63.87,68.82435,Average
INT5550,2.14,3.23,45.37,89.53,83.50698,Excel
INT5551,2.38,1.0,62.6,69.59,63.53508,Average
INT5552,3.61,3.03,55.54,56.37,60.789173,Average
INT5553,6.84,1.8,2.54,44.74,44.21776,Struggle
INT5554,4.51,1.8,94.63,53.43,55.74225,Struggle
INT5555,6.39,,16.21,43.09,48.083942,Struggle
INT5556,5.27,5.0,,80.79,73.86251,Average
INT5557,1.83,4.47,49.08,94.96,90.96269,Excel
INT5558,5.42,3.59,66.2,68.73,66.09645,Average
INT5559,2.6,5.0,35.07,95.55,88.25101,Excel
INT5560,5.18,5.0,80.72,84.35,76.96966,Average
INT5561,2.84,3.91,55.36,75.05,76.93539,Average
INT5562,6.53,1.0,53.72,30.34,40.985165,Struggle
INT5563,2.96,2.19,65.93,86.85,74.22636,Average
INT5564,3.0,3.45,65.97,64.7,76.75237,Average
INT5565,6.45,1.87,8.7,38.51,41.190754,Struggle
INT5566,1.0,1.73,0.89,75.47,73.23979,Average
INT5567,5.36,2.86,64.15,57.54,63.487465,Average
INT5568,,3.09,72.22,57.23,68.615005,Average
INT5569,5.94,1.8,68.39,43.11,44.21802,Struggle
INT5570,6.44,1.81,0.0,58.78,55.5549,Struggle
INT5571,6.95,5.0,80.18,72.66,68.38532,Average
INT5572,1.0,3.08,82.68,80.93,84.75311,Excel
INT5573,6.06,2.51,60.53,64.26,54.111294,Struggle
INT5574,5.05,1.8,30.83,48.54,47.204197,Struggle
INT5575,4.87,3.27,51.06,38.91,47.710835,Struggle
INT5576,1.45,4.1,33.2,75.39,79.23458,Average
INT5577,4.5,2.65,63.25,62.52,62.509144,Average
INT5578,6.7,1.64,53.27,50.88,48.630577,Struggle
INT5579,6.44,3.18,80.13,68.38,60.486057,Average
INT5580,3.77,5.0,99.91,85.77,87.89724,Excel
INT5581,1.0,5.0,0.0,94.31,95.59277,Excel
INT5582,3.38,1.0,91.06,69.31,67.847946,Average
INT5583,6.17,1.8,55.94,37.88,36.291706,Struggle
INT5584,5.15,2.2,44.36,69.59,62.03649,Average
INT5585,3.6,2.24,82.16,58.36,65.629585,Average
INT5586,1.67,2.96,95.14,81.38,83.905014,Excel
INT5587,3.84,1.63,55.7,54.92,58.668037,Struggle
INT5588,4.29,1.59,65.77,61.18,59.334095,Struggle
INT5589,6.44,1.24,54.54,35.2,41.201954,Struggle
INT5590,5.26,1.8,70.37,42.03,44.88942,Struggle
INT5591,2.46,3.43,95.58,81.63,83.095215,Excel
INT5592,4.06,2.44,89.08,74.31,74.198944,Average
INT5593,1.37,2.83,86.15,88.73,87.73003,Excel
INT5594,6.78,2.64,76.65,59.1,53.96986,Struggle
INT5595,,,94.17,60.03,67.58715,Average
INT5596,3.54,1.0,72.47,59.98,57.648922,Struggle
INT5597,3.5,3.12,57.48,50.41,65.71984,Average
INT5598,,5.0,91.88,82.82,81.98588,Excel
INT5599,5.37,,63.98,69.37,65.76299,Average
INT5600,4.79,2.61,52.68,46.65,51.677273,Struggle
INT5601,2.74,,56.3,58.45,71.52833,Average
INT5602,2.8,3.87,80.45,95.26,86.024506,Excel
INT5603,1.76,4.98,47.43,85.88,83.88191,Excel
INT5604,5.17,5.0,32.38,75.76,78.13317,Average
INT5605,1.0,1.86,0.0,74.02,70.728455,Average
INT5606,4.29,2.64,,55.11,61.716335,Average
INT5607,6.42,3.94,96.03,70.83,66.104126,Average
INT5608,6.36,2.74,79.25,62.13,54.407635,Struggle
INT5609,3.42,3.52,,80.46,74.07581,Average
INT5610,3.74,1.21,87.65,77.97,64.4191,Average
INT5611,1.42,3.05,62.89,76.91,75.58182,Average
INT5612,5.21,4.74,65.51,65.53,67.77777,Average
INT5613,5.43,,51.46,46.05,51.02125,Struggle
INT5614,2.56,2.21,50.95,58.04,64.02057,Average
INT5615,3.64,5.0,32.41,85.98,80.1683,Excel
INT5616,6.28,3.04,52.33,53.08,50.76782,Struggle
INT5617,6.65,1.19,55.4,50.3,45.66883,Struggle
INT5618,2.4,5.0,56.31,75.16,85.9817,Excel
INT5619,4.14,4.8,73.16,89.5,77.62634,Average
INT5620,1.75,3.54,86.55,72.63,81.229,Excel
INT5621,1.45,3.51,,82.56,81.1505,Excel
INT5622,6.04,3.37,77.32,73.71,66.91584,Average
INT5623,6.22,2.22,48.42,69.81,64.79202,Average
INT5624,5.87,2.92,,62.19,56.019485,Struggle
INT5625,1.21,1.0,6.24,72.13,71.36277,Average
INT5626,5.82,2.1,57.33,49.12,47.660206,Struggle
INT5627,3.25,4.23,57.69,73.2,73.09368,Average
INT5628,3.4,4.0,73.25,85.67,82.97275,Excel
INT5629,4.66,5.0,89.52,88.75,84.96481,Excel
INT5630,1.32,1.0,85.2,70.49,68.12527,Average
INT5631,5.66,2.51,35.87,52.08,54.161804,Struggle
INT5632,4.25,2.66,75.52,61.13,59.86124,Struggle
INT5633,,5.0,72.2,96.16,84.4316,Excel
INT5634,1.65,2.71,71.19,80.44,78.84811,Average
INT5635,2.19,3.43,77.13,71.44,77.27614,Average
INT5636,1.0,2.7,99.1,72.11,87.1003,Excel
INT5637,4.04,1.26,90.65,68.69,66.476204,Average
INT5638,5.64,1.0,95.19,42.21,48.233265,Struggle
INT5639,1.0,,0.0,86.71,76.86162,Average
INT5640,1.46,2.01,,85.67,69.08992,Average
INT5641,4.14,3.64,54.24,59.52,69.76789,Average
INT5642,6.31,4.32,63.16,54.36,61.9122,Average
INT5643,2.75,5.0,72.09,89.36,88.09055,Excel
INT5644,2.93,2.95,82.1,66.9,70.379845,Average
INT5645,4.3,2.8,75.04,56.27,65.176956,Average
INT5646,2.4,5.0,95.16,95.61,95.50778,Excel
INT5647,1.0,3.24,4.3,99.52,91.11309,Excel
INT5648,5.2,3.28,3.76,69.37,70.43744,Average
INT5649,5.11,2.58,92.65,52.5,66.10394,Average
INT5650,4.67,1.0,74.09,48.48,53.03773,Struggle
INT5651,5.83,1.0,50.35,39.62,41.082935,Struggle
INT5652,4.65,1.0,89.25,56.36,51.75322,Struggle
INT5653,2.2,2.1,30.08,81.06,72.97985,Average
INT5654,2.84,1.0,59.06,69.47,57.305416,Struggle
INT5655,1.98,1.92,83.54,90.2,88.75663,Excel
INT5656,2.25,1.0,93.76,78.37,71.23386,Average
INT5657,5.38,2.38,99.72,64.22,63.10281,Average
INT5658,5.69,2.93,75.9,76.57,59.849865,Struggle
INT5659,6.6,1.0,54.66,32.33,36.488808,Struggle
INT5660,4.3,1.51,0.0,51.85,58.173737,Struggle
INT5661,1.64,1.0,66.18,70.02,66.646675,Average
INT5662,1.21,1.24,55.18,56.14,58.405952,Struggle
INT5663,5.66,3.76,90.77,59.96,69.12818,Average
INT5664,4.27,3.31,64.84,57.64,63.43098,Average
INT5665,4.61,2.78,98.79,74.67,67.5973,Average
INT5666,5.59,3.27,85.13,75.11,65.13468,Average
INT5667,5.49,3.98,58.67,56.34,62.37045,Average
INT5668,5.65,2.73,73.8,37.22,49.30039,Struggle
INT5669,1.0,3.28,73.34,88.02,85.81347,Excel
INT5670,5.62,2.02,74.63,43.76,47.26266,Struggle
INT5671,6.18,1.47,43.35,61.65,58.43248,Struggle
INT5672,2.37,4.54,31.43,75.04,82.48898,Excel
INT5673,5.19,1.8,84.32,56.66,54.02875,Struggle
INT5674,2.71,5.0,74.36,88.17,86.76692,Excel
INT5675,6.62,2.64,89.55,71.37,51.915424,Struggle
INT5676,1.12,5.0,4.1,96.74,93.12102,Excel
INT5677,4.3,2.02,61.53,51.74,58.71604,Struggle
INT5678,2.06,4.15,,71.1,77.633415,Average
INT5679,5.16,4.0,85.16,75.92,76.3092,Average
INT5680,1.82,3.08,69.16,73.91,74.775085,Average
INT5681,2.81,5.0,72.33,90.53,87.28443,Excel
INT5682,3.78,1.84,62.98,44.9,52.673153,Struggle
INT5683,6.69,1.81,57.83,28.42,41.712425,Struggle
INT5684,2.12,4.84,64.37,84.44,81.59344,Excel
INT5685,1.81,2.05,66.4,88.47,80.370255,Excel
INT5686,5.29,3.96,36.86,68.75,66.51618,Average
INT5687,4.25,5.0,82.77,86.69,81.06723,Excel
INT5688,6.71,1.0,63.66,32.09,36.643795,Struggle
INT5689,1.4,1.0,52.55,61.64,60.660122,Average
INT5690,4.44,3.61,68.66,75.86,70.99849,Average
INT5691,2.82,1.8,92.78,67.27,65.070404,Average
INT5692,,3.53,74.92,84.3,73.7037,Average
INT5693,5.11,4.72,98.24,71.5,75.44359,Average
INT5694,4.55,1.0,50.82,48.78,44.231842,Struggle
INT5695,5.84,1.0,0.0,47.11,47.557793,Struggle
INT5696,2.5,,59.67,64.57,68.10179,Average
INT5697,3.84,5.0,52.78,87.28,78.83737,Average
INT5698,3.41,3.63,76.82,82.99,74.92496,Average
INT5699,7.0,3.29,80.2,62.16,60.897438,Average
INT5700,2.28,1.0,87.76,82.19,69.663826,Average
INT5701,2.86,1.0,86.3,65.33,67.5809,Average
INT5702,3.19,1.28,52.17,47.03,57.919,Struggle
INT5703,4.73,1.0,90.13,66.88,55.509743,Struggle
INT5704,2.69,1.0,0.0,53.9,56.10424,Struggle
INT5705,6.87,2.64,46.93,37.17,41.13373,Struggle
INT5706,2.98,2.53,76.88,71.44,68.63217,Average
INT5707,6.28,2.47,80.62,51.91,57.124,Struggle
INT5708,1.26,1.0,17.74,53.58,61.627388,Average
INT5709,5.07,3.16,70.87,69.69,64.14472,Average
INT5710,6.81,2.2,66.78,52.22,55.41429,Struggle
INT5711,1.58,2.91,67.52,54.6,66.03834,Average
INT5712,6.87,4.0,54.57,61.27,63.081493,Average
INT5713,3.33,3.0,57.99,50.86,71.17076,Average
INT5714,6.2,5.0,58.09,65.43,64.33756,Average
INT5715,5.24,1.0,68.66,36.59,43.76266,Struggle
INT5716,2.99,3.53,94.72,91.86,82.82679,Excel
INT5717,,1.8,60.3,55.71,52.734444,Struggle
INT5718,3.18,2.03,45.33,80.19,74.382744,Average
INT5719,,3.25,65.58,76.19,66.994736,Average
INT5720,1.47,4.75,,92.42,89.39183,Excel
INT5721,1.99,1.61,52.51,65.62,69.83671,Average
INT5722,3.54,2.88,59.83,51.64,60.220337,Average
INT5723,5.54,3.87,3.54,63.2,62.594574,Average
INT5724,,2.89,99.65,66.43,72.86031,Average
INT5725,2.17,5.0,78.54,94.84,90.96581,Excel
INT5726,5.05,1.8,56.95,42.47,42.903156,Struggle
INT5727,2.47,1.0,63.61,69.12,63.305176,Average
INT5728,1.37,2.89,58.39,82.28,75.548836,Average
INT5729,1.79,3.37,56.23,62.88,74.47201,Average
INT5730,,3.47,89.86,51.22,67.384926,Average
INT5731,6.04,4.84,74.79,66.59,69.34657,Average
INT5732,2.85,4.94,81.56,82.75,76.219505,Average
INT5733,4.95,2.69,32.65,78.02,68.736916,Average
INT5734,4.41,3.3,9.94,64.25,60.49304,Average
INT5735,4.78,4.63,62.88,61.99,66.80986,Average
INT5736,5.25,1.45,0.46,52.1,56.23116,Struggle
INT5737,4.31,1.03,9.53,59.36,57.214725,Struggle
INT5738,2.4,3.8,21.77,78.9,78.70233,Average
INT5739,1.4,3.96,3.75,72.72,79.33787,Average
INT5740,3.38,3.51,92.61,74.7,72.35442,Average
INT5741,6.07,2.41,56.02,46.63,54.60443,Struggle
INT5742,4.8,1.85,94.87,80.89,64.3045,Average
INT5743,6.16,4.47,53.97,72.32,65.0391,Average
INT5744,6.95,4.47,67.45,57.78,60.450752,Average
INT5745,1.69,3.69,42.32,73.21,77.01862,Average
INT5746,4.99,3.92,77.97,77.55,71.665794,Average
INT5747,5.12,4.36,23.61,59.64,61.112564,Average
INT5748,6.54,1.04,89.95,40.0,54.261707,Struggle
INT5749,6.89,1.0,98.66,40.9,36.97335,Struggle
INT5750,5.03,2.75,59.06,36.59,55.24124,Struggle
INT5751,2.44,1.0,94.76,81.29,72.543915,Average
INT5752,5.4,4.0,77.84,71.7,73.62494,Average
INT5753,1.25,2.05,0.0,79.61,81.35725,Excel
INT5754,6.14,1.0,58.8,52.88,46.269424,Struggle
INT5755,6.94,5.0,53.66,74.39,66.52617,Average
INT5756,3.23,4.0,52.99,78.58,75.957054,Average
INT5757,5.07,2.66,94.16,78.72,66.88499,Average
INT5758,3.74,2.87,83.71,65.06,68.287125,Average
INT5759,3.25,1.0,68.51,52.5,57.91114,Struggle
INT5760,2.66,1.0,59.52,47.99,52.997402,Struggle
INT5761,5.38,2.23,90.83,47.77,55.277676,Struggle
INT5762,6.72,2.97,80.16,46.98,52.225613,Struggle
INT5763,6.72,2.21,68.02,52.79,55.683304,Struggle
INT5764,2.47,1.0,40.98,61.0,62.7507,Average
INT5765,6.54,1.34,,42.8,45.172565,Struggle
INT5766,5.78,1.0,66.95,49.86,47.253204,Struggle
INT5767,2.91,2.53,54.48,76.83,55.05522,Struggle
INT5768,1.7,2.46,95.56,89.25,89.46439,Excel
INT5769,2.44,3.0,69.37,70.19,74.15398,Average
INT5770,6.19,3.6,40.73,44.99,52.78119,Struggle
INT5771,4.87,3.28,60.22,56.21,52.174976,Struggle
INT5772,5.52,2.99,94.87,55.35,56.260063,Struggle
INT5773,2.43,1.0,22.42,57.2,59.527496,Struggle
INT5774,5.67,5.0,44.23,74.68,73.45959,Average
INT5775,1.63,2.92,9.26,100.0,90.64948,Excel
INT5776,3.32,3.39,51.75,67.76,64.28326,Average
INT5777,4.72,5.0,91.44,87.55,84.8632,Excel
INT5778,2.22,2.57,70.53,78.07,71.34988,Average
INT5779,5.46,1.0,82.9,44.08,48.231174,Struggle
INT5780,2.04,,68.62,89.71,75.35767,Average
INT5781,5.26,3.0,54.12,51.84,55.962498,Struggle
INT5782,3.66,2.73,62.71,74.29,66.49835,Average
INT5783,4.5,2.81,51.1,52.08,54.61036,Struggle
INT5784,2.03,3.37,97.39,77.09,86.20997,Excel
INT5785,1.0,2.58,8.29,78.47,76.74793,Average
INT5786,6.59,2.55,91.2,53.26,54.539253,Struggle
INT5787,2.75,1.0,58.46,63.23,58.00797,Struggle
INT5788,5.6,1.0,69.61,50.62,46.70259,Struggle
INT5789,6.78,3.17,70.75,51.39,56.892933,Struggle
INT5790,2.69,4.64,27.36,86.45,86.75657,Excel
INT5791,2.27,3.19,93.29,91.83,85.1332,Excel
INT5792,4.65,4.43,45.6,59.85,64.35155,Average
INT5793,6.77,,68.31,37.7,52.998215,Struggle
INT5794,6.08,2.24,83.12,72.61,59.26981,Struggle
INT5795,4.41,1.43,30.53,46.93,67.46283,Average
INT5796,5.37,3.44,67.36,46.22,64.52398,Average
INT5797,1.93,3.26,86.68,79.78,85.50069,Excel
INT5798,6.7,4.0,30.82,69.62,68.58182,Average
INT5799,7.0,1.0,60.04,36.82,42.38859,Struggle
INT5800,2.07,1.8,90.38,64.94,66.170975,Average
INT5801,2.69,1.98,90.27,78.89,72.741974,Average
INT5802,2.08,1.0,74.88,66.98,65.87811,Average
INT5803,2.2,4.07,76.33,73.62,75.2025,Average
INT5804,5.98,1.0,84.8,60.43,51.936623,Struggle
INT5805,3.76,1.74,75.46,72.2,66.00054,Average
INT5806,1.72,3.05,70.85,58.78,71.89254,Average
INT5807,3.29,1.0,99.74,61.33,62.482403,Average
INT5808,6.42,3.28,57.38,61.22,58.23843,Struggle
INT5809,4.3,2.54,51.73,77.57,69.17113,Average
INT5810,3.04,1.0,94.29,66.31,67.37032,Average
INT5811,2.49,2.25,84.36,61.95,67.18234,Average
INT5812,7.0,1.0,94.05,36.88,40.758244,Struggle
INT5813,5.76,1.43,66.82,60.15,53.560097,Struggle
INT5814,2.48,5.0,63.6,82.85,87.79167,Excel
INT5815,1.07,1.0,92.56,82.42,71.37511,Average
INT5816,1.17,3.52,34.95,89.6,84.44453,Excel
INT5817,1.59,5.0,85.48,88.21,92.958725,Excel
INT5818,4.73,3.74,57.39,81.08,74.663734,Average
INT5819,6.94,2.86,87.79,39.86,47.625862,Struggle
INT5820,4.23,1.8,44.1,59.56,52.286892,Struggle
INT5821,6.21,1.0,63.43,36.14,40.25438,Struggle
INT5822,3.95,4.27,74.73,81.4,74.41279,Average
INT5823,5.49,4.97,59.14,73.51,68.11546,Average
INT5824,5.37,2.3,50.59,56.9,48.99502,Struggle
INT5825,1.88,1.13,81.87,58.45,73.85984,Average
INT5826,2.95,1.89,77.08,67.47,67.44106,Average
INT5827,,2.99,61.01,48.82,67.01679,Average
INT5828,,2.24,87.65,84.95,69.59664,Average
INT5829,3.25,1.83,65.17,56.33,63.973225,Average
INT5830,4.62,1.09,4.82,41.03,45.359634,Struggle
INT5831,6.49,1.92,73.56,63.29,55.09959,Struggle
INT5832,4.14,3.8,83.81,63.8,74.97325,Average
INT5833,6.25,4.41,59.86,65.63,63.375057,Average
INT5834,3.72,2.31,18.7,44.68,58.24943,Struggle
INT5835,6.21,5.0,69.82,73.43,69.88289,Average
INT5836,4.66,3.06,,59.06,59.496162,Struggle
INT5837,6.06,5.0,2.69,80.01,73.750496,Average
INT5838,3.19,2.78,72.39,65.24,66.15495,Average
INT5839,4.69,4.0,85.35,87.59,83.5761,Excel
INT5840,5.19,5.0,34.11,77.43,75.28128,Average
INT5841,3.07,1.31,59.61,76.85,66.57281,Average
INT5842,1.97,4.54,43.92,91.86,89.35304,Excel
INT5843,1.83,3.09,66.78,80.3,77.19707,Average
INT5844,1.0,2.26,1.09,65.55,71.532715,Average
INT5845,5.86,1.98,75.71,38.33,44.622684,Struggle
INT5846,2.29,3.16,88.32,84.04,87.7905,Excel
INT5847,2.04,3.69,80.01,88.88,80.68264,Excel
INT5848,5.12,3.89,51.16,69.06,68.54389,Average
INT5849,2.62,2.4,66.07,63.59,70.96444,Average
INT5850,3.67,4.38,64.91,60.3,70.46412,Average
INT5851,2.09,2.51,37.21,59.35,71.0737,Average
INT5852,6.95,,74.28,62.3,58.553688,Struggle
INT5853,6.31,1.0,77.11,48.2,42.109955,Struggle
INT5854,,2.62,88.31,81.54,78.13516,Average
INT5855,,2.72,69.66,62.36,66.00606,Average
INT5856,5.95,3.77,72.0,54.24,62.37819,Average
INT5857,2.32,3.4,76.75,97.63,86.51119,Excel
INT5858,1.0,2.63,1.08,77.73,74.91467,Average
INT5859,1.5,1.0,4.28,73.6,71.898346,Average
INT5860,4.78,4.58,92.56,72.58,73.9392,Average
INT5861,3.57,2.94,72.75,48.26,65.051254,Average
INT5862,3.72,5.0,50.01,74.31,78.72759,Average
INT5863,1.22,2.35,0.99,88.96,83.376595,Excel
INT5864,3.18,1.03,56.22,57.25,58.700832,Struggle
INT5865,5.1,3.05,62.23,60.94,58.973614,Struggle
INT5866,3.66,1.8,20.77,44.33,47.043053,Struggle
INT5867,5.57,4.0,58.99,70.17,71.38431,Average
INT5868,2.83,4.5,5.67,93.46,82.26917,Excel
INT5869,,5.0,78.98,77.51,84.66739,Excel
INT5870,4.7,3.17,97.8,68.33,68.281166,Average
INT5871,2.07,2.1,,69.9,78.01148,Average
INT5872,2.61,2.74,74.28,53.09,63.622074,Average
INT5873,4.71,2.61,98.87,80.98,65.95317,Average
INT5874,6.34,3.94,91.32,62.31,63.55681,Average
INT5875,3.38,4.44,86.43,71.04,73.904274,Average
INT5876,2.52,2.63,59.45,86.07,72.79786,Average
INT5877,6.13,1.0,88.47,48.51,50.19511,Struggle
INT5878,5.33,1.8,67.38,45.46,43.65999,Struggle
INT5879,4.14,1.8,76.53,53.41,53.56375,Struggle
INT5880,3.76,1.0,80.46,62.66,56.256104,Struggle
INT5881,2.21,1.0,8.34,56.84,64.71608,Average
INT5882,4.97,2.81,86.33,66.18,66.7969,Average
INT5883,3.55,1.26,48.66,66.82,67.480545,Average
INT5884,6.96,1.52,31.67,31.61,34.513096,Struggle
INT5885,3.49,3.8,0.0,82.23,76.355064,Average
INT5886,3.79,3.42,55.93,60.82,63.194046,Average
INT5887,4.45,3.55,64.8,69.73,68.92595,Average
INT5888,6.42,3.2,38.28,48.71,52.299786,Struggle
INT5889,5.49,2.85,56.23,53.04,55.7,Struggle
INT5890,3.25,4.54,70.93,80.3,78.63673,Average
INT5891,5.5,1.0,77.47,50.18,46.386463,Struggle
INT5892,5.01,4.6,64.27,62.93,67.82552,Average
INT5893,4.37,4.0,76.57,87.23,84.55651,Excel
INT5894,2.33,4.95,87.16,79.31,83.38006,Excel
INT5895,4.12,3.71,50.67,52.52,57.406628,Struggle
INT5896,2.23,1.0,95.02,73.04,69.071075,Average
INT5897,6.61,3.52,69.33,57.04,55.591568,Struggle
INT5898,2.57,5.0,93.46,94.69,93.3557,Excel
INT5899,6.92,1.96,51.95,25.95,33.797104,Struggle
INT5900,4.67,1.09,57.28,46.58,50.04322,Struggle
INT5901,5.15,2.1,66.13,54.03,52.854057,Struggle
INT5902,4.29,1.73,67.27,50.36,59.864395,Struggle
INT5903,2.07,3.66,92.39,74.35,77.39892,Average
INT5904,3.69,1.8,50.56,47.83,48.45117,Struggle
INT5905,1.31,2.58,82.06,73.1,76.49242,Average
INT5906,5.03,2.32,56.57,38.6,49.476894,Struggle
INT5907,3.45,2.74,91.16,86.42,78.29655,Average
INT5908,6.05,1.0,88.93,50.24,50.234905,Struggle
INT5909,1.92,1.0,52.41,68.84,56.89091,Struggle
INT5910,1.67,1.0,60.63,66.7,64.88812,Average
INT5911,3.66,2.73,81.72,87.14,64.58197,Average
INT5912,6.23,2.02,0.7,56.71,54.55363,Struggle
INT5913,4.92,4.96,59.5,69.41,66.052765,Average
INT5914,3.57,3.02,81.33,59.28,67.3782,Average
INT5915,4.43,2.35,60.69,86.49,61.627716,Average
INT5916,1.28,3.43,94.55,81.44,83.82514,Excel
INT5917,7.0,3.65,79.66,41.0,51.80906,Struggle
INT5918,5.31,1.3,76.93,62.61,58.87665,Struggle
INT5919,,2.29,99.92,95.01,86.07536,Excel
INT5920,4.66,5.0,6.32,72.79,73.73756,Average
INT5921,1.2,5.0,71.01,90.62,91.0927,Excel
INT5922,6.67,4.51,59.13,74.09,68.42838,Average
INT5923,1.81,1.0,31.91,62.2,61.182686,Average
INT5924,4.54,4.3,17.3,49.47,60.592953,Average
INT5925,2.36,2.66,81.7,57.76,62.541874,Average
INT5926,5.16,5.0,54.79,74.37,73.23835,Average
INT5927,5.89,1.0,68.66,38.74,43.44934,Struggle
INT5928,5.14,5.0,7.52,76.96,80.50499,Excel
INT5929,5.1,1.32,77.38,61.32,55.0651,Struggle
INT5930,6.0,2.27,99.58,55.95,57.19936,Struggle
INT5931,1.03,2.76,61.05,53.88,57.937946,Struggle
INT5932,3.02,3.91,68.79,59.22,76.91548,Average
INT5933,1.99,5.0,56.61,86.47,88.15162,Excel
INT5934,7.0,1.0,80.38,35.99,41.950954,Struggle
INT5935,3.35,4.23,59.3,67.81,71.24198,Average
INT5936,5.39,1.8,74.1,44.85,46.24752,Struggle
INT5937,4.97,3.28,62.29,55.29,61.275993,Average
INT5938,2.14,2.49,54.76,62.63,63.79053,Average
INT5939,2.36,1.01,76.96,68.57,62.116592,Average
INT5940,2.21,4.31,58.56,81.67,80.053085,Excel
INT5941,3.05,1.74,70.28,67.89,74.04486,Average
INT5942,2.42,2.9,71.76,61.66,68.73263,Average
INT5943,1.0,3.16,6.19,94.66,86.86768,Excel
INT5944,6.56,1.37,,44.43,47.617622,Struggle
INT5945,6.56,3.64,86.72,48.19,53.239788,Struggle
INT5946,2.65,4.78,70.01,76.61,80.83829,Excel
INT5947,2.77,1.0,86.77,67.64,66.59238,Average
INT5948,1.0,4.52,1.44,91.16,90.73711,Excel
INT5949,4.62,1.97,52.73,51.77,48.241123,Struggle
INT5950,5.59,3.89,72.8,64.83,67.03138,Average
INT5951,1.7,5.0,87.34,95.12,94.59196,Excel
INT5952,1.77,1.0,79.16,66.0,70.20913,Average
INT5953,6.04,2.14,58.76,52.14,51.601788,Struggle
INT5954,5.04,1.28,67.02,57.19,53.804657,Struggle
INT5955,1.0,1.4,5.22,68.02,71.14635,Average
INT5956,4.36,3.24,63.07,67.68,67.83393,Average
INT5957,2.98,4.84,0.06,77.48,78.42507,Average
INT5958,3.51,1.94,75.74,71.66,67.387085,Average
INT5959,6.08,1.15,92.74,71.0,63.847164,Average
INT5960,5.38,2.04,87.1,45.79,51.29369,Struggle
INT5961,3.31,4.02,91.76,76.47,80.24409,Excel
INT5962,6.91,4.97,94.18,68.02,65.152756,Average
INT5963,3.77,4.1,70.81,68.57,68.011284,Average
INT5964,5.19,2.86,67.3,46.27,62.574177,Average
INT5965,4.08,5.0,52.88,70.2,77.1887,Average
INT5966,6.18,1.45,96.52,51.82,56.670116,Struggle
INT5967,6.02,2.18,15.86,54.06,51.35247,Struggle
INT5968,1.51,3.75,65.82,87.43,84.28849,Excel
INT5969,6.28,1.52,68.91,51.66,50.50728,Struggle
INT5970,6.19,3.68,97.44,77.41,74.9051,Average
INT5971,5.99,2.54,70.98,68.1,54.245495,Struggle
INT5972,2.55,2.62,90.83,66.18,77.35902,Average
INT5973,5.71,2.73,0.0,71.05,63.408974,Average
INT5974,5.61,2.85,64.95,58.18,60.973667,Average
INT5975,2.49,3.6,51.05,80.15,75.02613,Average
INT5976,6.68,5.0,99.9,75.09,74.34735,Average
INT5977,1.49,3.67,0.07,75.41,80.6609,Excel
INT5978,1.78,4.14,96.82,93.35,92.599525,Excel
INT5979,4.27,1.51,89.31,62.18,63.742493,Average
INT5980,4.47,3.24,89.79,59.19,67.914474,Average
INT5981,4.53,3.43,33.87,68.79,57.582825,Struggle
INT5982,1.22,5.0,3.17,95.35,94.92853,Excel
INT5983,6.7,4.37,33.21,67.27,63.65021,Average
INT5984,1.58,2.57,6.77,92.23,84.25285,Excel
INT5985,2.05,2.9,97.97,88.71,89.95726,Excel
INT5986,1.0,1.33,4.84,78.96,74.71216,Average
INT5987,4.39,,64.81,83.02,68.10008,Average
INT5988,6.79,3.08,62.26,48.18,51.622646,Struggle
INT5989,4.59,3.78,99.43,79.34,81.535805,Excel
INT5990,6.23,4.73,53.33,51.78,59.9322,Struggle
INT5991,1.0,1.43,9.78,95.61,83.32687,Excel
INT5992,4.25,2.37,67.77,63.81,57.684513,Struggle
INT5993,4.2,2.86,70.94,91.01,72.711334,Average
INT5994,4.06,4.09,61.52,75.94,70.99382,Average
INT5995,1.35,2.75,23.58,90.15,79.19742,Average
INT5996,4.62,1.8,,37.47,46.25757,Struggle
INT5997,3.65,3.09,97.6,72.42,71.747055,Average
INT5998,5.67,4.67,84.95,73.5,70.3927,Average
INT5999,3.9,4.78,87.75,78.91,83.73077,Excel
INT6000,1.76,2.62,87.88,99.13,89.83827,Excel
INT6001,5.31,1.0,53.03,40.82,44.83188,Struggle
INT6002,1.86,1.0,60.16,57.4,59.712856,Struggle
INT6003,6.27,1.89,74.56,50.16,52.227024,Struggle
INT6004,4.75,1.92,0.0,41.49,50.628082,Struggle
INT6005,1.97,3.9,39.35,98.84,87.264465,Excel
INT6006,6.75,1.0,89.07,47.14,43.157585,Struggle
INT6007,3.95,1.89,22.68,61.64,56.19553,Struggle
INT6008,1.85,1.0,83.02,68.64,70.71551,Average
INT6009,4.71,2.09,27.1,56.53,53.878933,Struggle
INT6010,,,53.15,62.13,63.965485,Average
INT6011,,1.8,70.41,38.38,54.68906,Struggle
INT6012,5.48,3.94,92.05,57.99,63.81799,Average
INT6013,7.0,2.37,57.25,42.2,51.46995,Struggle
INT6014,4.02,5.0,77.73,90.62,83.07507,Excel
INT6015,3.89,1.0,,63.87,57.185555,Struggle
INT6016,5.79,1.18,25.93,55.47,53.785515,Struggle
INT6017,2.16,4.0,37.43,100.0,98.8507,Excel
INT6018,4.17,3.97,95.57,85.2,86.32353,Excel
INT6019,4.59,5.0,75.61,89.76,83.583336,Excel
INT6020,1.3,4.0,57.87,89.4,92.0946,Excel
INT6021,3.67,4.56,4.82,68.98,71.785286,Average
INT6022,5.72,3.59,79.61,64.39,62.245956,Average
INT6023,5.66,3.04,51.35,32.13,42.12947,Struggle
INT6024,1.2,3.56,54.53,67.68,74.1796,Average
INT6025,1.36,5.0,2.36,90.73,94.593506,Excel
INT6026,2.11,2.82,56.81,68.53,72.65302,Average
INT6027,6.38,2.81,62.97,65.37,56.70433,Struggle
INT6028,1.59,5.0,72.71,88.6,89.72443,Excel
INT6029,5.56,1.01,30.43,45.46,45.75068,Struggle
INT6030,,4.0,94.53,100.0,82.01115,Excel
INT6031,4.46,2.64,47.69,68.82,66.93908,Average
INT6032,3.05,1.8,70.11,66.49,63.03642,Average
INT6033,5.61,2.46,76.35,68.87,56.5921,Struggle
INT6034,2.03,2.47,54.49,70.38,62.378025,Average
INT6035,5.33,4.8,73.16,70.1,69.18141,Average
INT6036,2.19,3.99,91.1,84.07,83.485756,Excel
INT6037,5.5,4.13,59.71,51.96,60.67495,Average
INT6038,,,54.56,60.82,64.50612,Average
INT6039,2.14,3.14,66.47,77.37,75.0204,Average
INT6040,6.09,3.36,69.44,54.72,61.38674,Average
INT6041,4.96,3.04,39.74,50.31,56.436428,Struggle
INT6042,1.6,5.0,9.63,89.16,92.84831,Excel
INT6043,3.08,1.0,62.54,44.9,56.092575,Struggle
INT6044,1.99,2.45,,90.91,83.160324,Excel
INT6045,5.22,4.04,69.3,50.76,62.17933,Average
INT6046,5.17,5.0,81.63,67.56,76.80081,Average
INT6047,1.36,3.69,76.82,94.87,87.380974,Excel
INT6048,4.32,3.21,77.45,49.56,61.186287,Average
INT6049,5.43,3.07,62.43,56.53,57.49407,Struggle
INT6050,6.61,3.86,76.08,67.79,59.6522,Struggle
INT6051,4.11,2.03,51.18,74.17,66.17957,Average
INT6052,6.89,2.1,71.59,54.83,55.226414,Struggle
INT6053,3.75,,78.63,74.77,67.43699,Average
INT6054,3.46,3.03,59.1,74.82,68.98484,Average
INT6055,5.59,5.0,62.83,66.96,68.346664,Average
INT6056,3.73,3.05,60.98,76.29,67.42799,Average
INT6057,3.83,3.22,53.53,58.39,64.83289,Average
INT6058,4.35,5.0,67.39,84.66,77.774155,Average
INT6059,5.71,3.54,98.95,62.12,60.9271,Average
INT6060,5.66,2.7,67.69,40.6,50.8228,Struggle
INT6061,3.59,3.25,73.03,65.63,68.26288,Average
INT6062,2.87,2.31,47.05,61.32,65.947556,Average
INT6063,4.07,1.0,82.42,57.72,54.272636,Struggle
INT6064,4.94,1.13,97.49,59.5,61.346447,Average
INT6065,2.92,2.01,92.88,63.04,69.348946,Average
INT6066,5.61,3.55,89.7,75.2,64.23747,Average
INT6067,3.92,1.0,97.58,56.29,57.47907,Struggle
INT6068,3.4,3.41,61.54,54.51,61.133343,Average
INT6069,1.23,1.0,44.0,65.77,66.1234,Average
INT6070,2.38,1.0,94.36,60.87,67.95675,Average
INT6071,6.58,3.67,2.38,47.12,66.88652,Average
INT6072,2.62,3.09,98.87,79.97,79.816895,Average
INT6073,2.5,4.66,55.02,90.85,84.17379,Excel
INT6074,3.99,3.5,38.13,83.81,73.89117,Average
INT6075,2.73,3.5,98.87,94.65,90.877556,Excel
INT6076,1.54,1.8,8.74,65.47,65.93977,Average
INT6077,2.93,1.86,86.98,64.45,72.61695,Average
INT6078,4.63,1.8,51.52,40.57,39.86687,Struggle
INT6079,4.08,,84.74,79.96,73.15891,Average
INT6080,2.86,2.88,0.0,58.6,62.81568,Average
INT6081,3.43,,69.14,72.47,73.18367,Average
INT6082,6.83,1.8,51.06,38.36,38.96185,Struggle
INT6083,3.05,3.57,51.4,51.51,61.20204,Average
INT6084,2.2,3.96,,96.2,86.75057,Excel
INT6085,2.95,5.0,7.85,83.84,84.3463,Excel
INT6086,4.15,4.15,4.31,77.32,75.88332,Average
INT6087,5.7,1.29,52.73,53.03,49.85152,Struggle
INT6088,2.63,5.0,90.24,90.8,90.899345,Excel
INT6089,5.7,3.38,90.49,70.24,64.85272,Average
INT6090,1.31,4.0,3.59,98.58,97.72618,Excel
INT6091,3.53,3.73,65.08,60.17,69.80316,Average
INT6092,6.04,4.18,,70.78,67.3146,Average
INT6093,3.1,4.56,76.27,76.78,77.66842,Average
INT6094,4.01,3.37,97.83,63.88,69.60841,Average
INT6095,2.1,4.0,74.05,86.38,89.592834,Excel
INT6096,5.4,5.0,83.85,86.66,78.04762,Average
INT6097,1.75,1.98,75.49,78.9,77.65236,Average
INT6098,6.28,4.16,97.15,58.74,66.55815,Average
INT6099,2.57,3.69,69.93,72.87,78.328125,Average
INT6100,6.51,4.0,61.49,68.6,69.78515,Average
INT6101,2.93,3.38,66.33,73.2,73.32,Average
INT6102,5.56,1.98,24.22,48.25,52.233376,Struggle
INT6103,2.62,2.17,74.9,79.53,74.3076,Average
INT6104,6.35,1.0,67.71,33.25,37.27607,Struggle
INT6105,2.07,3.91,77.21,90.98,84.014244,Excel
INT6106,2.18,3.11,24.25,64.77,72.52304,Average
INT6107,4.29,2.69,50.27,62.21,63.03141,Average
INT6108,1.24,2.19,64.03,86.33,79.59669,Average
INT6109,2.43,1.0,80.25,56.78,66.56658,Average
INT6110,6.36,2.43,6.9,46.21,49.39545,Struggle
INT6111,,3.39,91.33,53.16,68.84118,Average
INT6112,3.19,1.8,67.07,70.94,63.60729,Average
INT6113,6.6,3.95,14.57,48.42,47.71259,Struggle
INT6114,3.91,4.79,87.03,90.3,85.8154,Excel
INT6115,2.48,4.0,53.73,76.72,82.02411,Excel
INT6116,5.38,3.54,5.72,72.52,65.45398,Average
INT6117,5.01,4.0,56.24,76.48,74.41987,Average
INT6118,6.98,3.96,72.43,47.08,61.70672,Average
INT6119,2.6,1.19,60.56,59.8,59.87694,Struggle
INT6120,5.47,1.0,64.35,53.02,48.518612,Struggle
INT6121,1.74,5.0,82.39,94.58,96.00054,Excel
INT6122,1.54,3.52,1.92,80.7,88.228165,Excel
INT6123,1.0,2.74,0.0,77.53,74.93011,Average
INT6124,7.0,1.0,70.62,48.75,39.94626,Struggle
INT6125,5.41,1.03,58.45,52.93,51.615887,Struggle
INT6126,5.52,4.71,28.2,57.97,65.01103,Average
INT6127,3.79,3.55,0.0,74.65,69.91076,Average
INT6128,2.52,2.32,52.89,57.94,64.78999,Average
INT6129,2.05,5.0,80.93,97.85,92.06258,Excel
INT6130,2.59,1.77,63.25,72.87,70.44157,Average
INT6131,2.93,4.79,9.28,82.87,81.78724,Excel
INT6132,5.93,2.72,69.36,78.71,60.845276,Average
INT6133,4.61,5.0,90.81,85.41,83.85063,Excel
INT6134,1.82,1.0,40.28,62.23,63.344196,Average
INT6135,1.0,1.8,8.46,59.87,65.128845,Average
INT6136,1.17,1.91,75.06,79.05,79.9621,Average
INT6137,3.07,2.53,82.31,74.05,68.29124,Average
INT6138,6.38,3.36,79.98,65.15,60.616474,Average
INT6139,4.54,2.78,64.61,82.97,70.75595,Average
INT6140,6.18,2.25,52.84,33.13,41.533695,Struggle
INT6141,4.29,1.0,36.27,62.63,54.526546,Struggle
INT6142,3.49,1.57,61.93,55.57,59.302086,Struggle
INT6143,1.88,4.38,87.96,99.91,92.7056,Excel
INT6144,6.35,5.0,93.64,75.72,75.60521,Average
INT6145,5.97,1.0,64.07,53.96,49.432186,Struggle
INT6146,2.46,1.22,54.76,58.88,61.96191,Average
INT6147,4.17,2.14,62.67,74.29,60.78215,Average
INT6148,3.57,2.79,55.2,66.55,65.3741,Average
INT6149,4.41,2.22,44.56,59.83,59.716694,Struggle
INT6150,6.76,3.55,76.91,67.84,55.982586,Struggle
INT6151,4.31,3.9,98.68,94.19,85.80981,Excel
INT6152,4.65,3.03,69.97,64.03,62.831074,Average
INT6153,1.41,4.86,40.05,78.63,81.67087,Excel
INT6154,1.56,1.99,58.34,67.41,67.58417,Average
INT6155,1.63,3.14,29.64,75.4,79.48057,Average
INT6156,1.19,4.36,9.11,74.7,83.631004,Excel
INT6157,5.39,3.81,88.11,53.48,63.515945,Average
INT6158,5.55,1.07,53.05,37.07,42.50545,Struggle
INT6159,1.7,1.0,99.87,75.78,75.53543,Average
INT6160,6.5,2.59,76.13,42.73,48.297318,Struggle
INT6161,2.1,3.97,77.21,85.09,88.494606,Excel
INT6162,2.97,3.21,67.88,79.07,71.0744,Average
INT6163,,1.43,84.51,86.08,66.03627,Average
INT6164,3.73,1.55,73.57,68.28,61.786224,Average
INT6165,2.23,3.48,66.45,65.68,77.64728,Average
INT6166,4.24,5.0,63.26,78.41,77.74042,Average
INT6167,3.1,2.7,96.28,78.9,78.46755,Average
INT6168,6.88,4.75,64.55,64.65,59.640823,Struggle
INT6169,1.0,1.0,71.82,77.4,69.84545,Average
INT6170,1.97,2.6,67.52,80.97,73.50159,Average
INT6171,1.29,1.0,54.31,53.81,59.06139,Struggle
INT6172,4.89,1.61,59.3,63.87,56.797836,Struggle
INT6173,1.51,2.41,59.48,95.13,84.00215,Excel
INT6174,6.14,3.77,84.68,80.24,75.916725,Average
INT6175,3.86,5.0,34.5,83.64,81.51323,Excel
INT6176,4.5,1.13,89.1,63.28,61.411503,Average
INT6177,4.42,4.1,85.45,69.25,73.069984,Average
INT6178,2.01,3.6,59.6,71.89,76.88169,Average
INT6179,2.68,3.06,53.88,84.06,74.0807,Average
INT6180,2.69,1.0,87.15,63.46,66.01251,Average
INT6181,4.59,5.0,81.65,83.23,82.127625,Excel
INT6182,2.44,4.0,80.0,93.63,92.79581,Excel
INT6183,1.33,1.8,86.98,80.84,71.219864,Average
INT6184,6.67,1.0,52.84,39.9,37.24229,Struggle
INT6185,1.43,3.16,8.21,74.05,82.38738,Excel
INT6186,5.56,3.54,63.63,63.98,64.12729,Average
INT6187,5.72,3.85,78.59,57.2,67.35618,Average
INT6188,2.91,5.0,62.12,89.33,86.67564,Excel
INT6189,1.98,3.48,91.94,93.1,84.50262,Excel
INT6190,2.1,3.38,74.03,87.11,80.79972,Excel
INT6191,5.55,2.24,,63.96,59.429626,Struggle
INT6192,4.75,1.0,89.7,48.73,54.43993,Struggle
INT6193,5.91,5.0,94.77,82.88,80.35126,Excel
INT6194,6.85,1.51,4.89,62.6,58.946754,Struggle
INT6195,4.95,5.0,9.94,79.76,73.14131,Average
INT6196,2.41,3.95,,79.89,85.37801,Excel
INT6197,2.83,4.64,80.93,82.47,79.1902,Average
INT6198,5.84,1.02,80.47,44.91,47.205307,Struggle
INT6199,2.44,1.53,56.94,83.41,71.51526,Average
INT6200,1.66,3.86,62.44,84.4,83.969505,Excel
INT6201,5.15,2.11,61.98,67.11,50.485474,Struggle
INT6202,3.78,3.88,38.42,83.91,73.53679,Average
INT6203,6.71,,87.54,48.36,53.178772,Struggle
INT6204,5.06,5.0,44.4,85.75,78.6428,Average
INT6205,1.26,3.98,81.69,98.89,94.777054,Excel
INT6206,6.6,1.0,72.63,40.06,44.899006,Struggle
INT6207,2.48,,80.52,91.74,72.47241,Average
INT6208,3.25,1.96,91.11,66.29,69.56555,Average
INT6209,3.53,4.56,4.28,73.24,71.19579,Average
INT6210,1.0,2.15,47.16,73.09,73.494484,Average
INT6211,3.79,3.87,89.37,89.45,78.0827,Average
INT6212,1.71,1.0,4.8,60.66,63.238686,Average
INT6213,3.65,2.79,66.16,64.3,68.28151,Average
INT6214,3.34,4.31,50.68,65.41,71.620316,Average
INT6215,5.63,2.1,89.86,55.62,53.659378,Struggle
INT6216,5.44,2.58,66.4,66.44,63.781097,Average
INT6217,1.71,2.32,67.87,64.96,74.878174,Average
INT6218,2.95,2.87,66.8,74.69,73.05825,Average
INT6219,3.52,3.92,74.94,90.53,78.600266,Average
INT6220,1.59,4.0,85.12,94.2,94.10525,Excel
INT6221,5.75,3.44,,80.22,63.03683,Average
INT6222,5.41,2.24,,57.95,60.658257,Average
INT6223,2.6,3.1,6.74,73.49,73.49256,Average
INT6224,,4.67,1.86,70.86,86.15229,Excel
INT6225,2.08,1.0,64.85,57.92,65.950836,Average
INT6226,4.99,4.0,20.06,79.25,77.35453,Average
INT6227,1.98,1.38,32.08,72.71,70.07635,Average
INT6228,7.0,4.41,83.86,75.36,67.43226,Average
INT6229,6.04,1.8,82.41,46.36,44.987743,Struggle
INT6230,3.79,2.29,52.95,72.53,60.807987,Average
INT6231,4.42,1.41,90.89,60.7,62.044693,Average
INT6232,6.39,1.0,78.3,41.82,41.93913,Struggle
INT6233,,3.68,92.39,76.18,71.37025,Average
INT6234,2.21,2.92,98.73,71.7,71.67127,Average
INT6235,3.55,3.66,97.86,87.0,78.9034,Average
INT6236,6.43,3.02,92.8,67.31,66.63802,Average
INT6237,4.83,1.8,50.55,39.04,39.097023,Struggle
INT6238,4.76,4.53,94.29,82.45,78.666084,Average
INT6239,6.68,4.41,53.75,48.33,52.602592,Struggle
INT6240,6.09,5.0,92.56,68.74,75.65986,Average
INT6241,6.24,2.8,64.01,50.12,57.19552,Struggle
INT6242,1.79,4.22,80.5,86.95,86.38077,Excel
INT6243,3.94,3.81,27.41,55.23,67.97941,Average
INT6244,5.34,1.8,88.56,52.95,50.384785,Struggle
INT6245,5.33,2.17,55.59,57.55,48.87921,Struggle
INT6246,4.31,3.56,70.53,62.16,69.16272,Average
INT6247,2.08,2.36,90.87,78.37,82.71834,Excel
INT6248,5.65,4.49,84.77,66.54,69.86768,Average
INT6249,5.28,2.76,50.3,59.87,67.14751,Average
INT6250,1.22,1.8,40.07,58.4,59.98804,Struggle
INT6251,4.05,2.15,52.1,59.4,60.947536,Average
INT6252,,1.65,83.67,79.67,66.230965,Average
INT6253,2.86,1.0,72.87,64.13,64.15095,Average
INT6254,1.0,1.74,0.0,77.8,75.233345,Average
INT6255,3.33,1.8,22.35,52.33,51.49113,Struggle
INT6256,4.26,5.0,67.76,87.9,74.03135,Average
INT6257,4.75,4.75,98.83,77.77,73.81082,Average
INT6258,5.45,2.15,61.2,44.14,47.93523,Struggle
INT6259,6.42,1.0,78.08,40.22,41.93913,Struggle
INT6260,2.4,3.68,70.02,85.69,78.97001,Average
INT6261,1.26,2.56,64.08,78.16,78.02905,Average
INT6262,6.22,4.95,93.37,75.91,71.46951,Average
INT6263,1.53,5.0,67.04,91.41,91.74192,Excel
INT6264,7.0,5.0,9.02,63.0,64.0424,Average
INT6265,5.95,1.0,77.45,48.39,46.427273,Struggle
INT6266,4.35,3.93,63.92,72.54,73.686775,Average
INT6267,7.0,4.0,63.6,64.67,65.69423,Average
INT6268,1.5,3.12,76.93,85.56,79.164154,Average
INT6269,2.78,1.73,,76.01,68.330864,Average
INT6270,4.92,3.15,90.54,62.08,64.146095,Average
INT6271,2.8,4.13,53.45,63.36,70.66015,Average
INT6272,,2.94,54.73,61.52,56.687305,Struggle
INT6273,1.32,4.0,67.11,92.67,92.0465,Excel
INT6274,3.97,1.52,21.47,66.03,60.758717,Average
INT6275,4.81,3.96,73.79,79.28,70.06911,Average
INT6276,4.64,2.49,69.98,52.02,60.02725,Average
INT6277,2.17,1.8,86.09,64.55,64.90068,Average
INT6278,3.25,3.93,,75.69,79.44692,Average
INT6279,6.23,1.0,51.31,45.43,41.28879,Struggle
INT6280,2.24,3.34,14.04,81.7,73.999405,Average
INT6281,6.12,1.0,96.78,55.56,52.91663,Struggle
INT6282,4.0,3.17,8.01,74.87,67.76283,Average
INT6283,5.55,4.03,73.71,66.69,65.87368,Average
INT6284,5.14,1.0,71.08,54.03,50.591415,Struggle
INT6285,2.72,1.8,64.03,61.85,58.298904,Struggle
INT6286,3.96,3.39,94.75,78.17,73.561035,Average
INT6287,,3.97,66.61,74.39,74.52729,Average
INT6288,4.03,1.49,78.93,71.73,66.03596,Average
INT6289,7.0,1.0,62.0,29.52,33.934753,Struggle
INT6290,4.03,1.8,89.87,57.23,59.44301,Struggle
INT6291,1.44,1.28,88.71,71.86,73.763626,Average
INT6292,3.4,1.0,2.85,59.37,54.07147,Struggle
INT6293,,5.0,84.08,65.39,83.55897,Excel
INT6294,3.23,5.0,53.85,86.45,78.702576,Average
INT6295,5.77,1.83,78.13,47.47,51.446903,Struggle
INT6296,5.99,,80.03,55.01,58.550297,Struggle
INT6297,3.09,3.54,78.72,60.81,70.67166,Average
INT6298,1.16,3.63,15.73,91.61,82.581474,Excel
INT6299,,2.01,83.51,64.29,67.29922,Average
INT6300,3.19,2.62,73.49,75.39,72.63597,Average
INT6301,5.9,3.46,71.92,52.16,61.254356,Average
INT6302,3.6,3.32,93.0,84.1,82.42428,Excel
INT6303,4.29,2.34,8.72,53.05,57.205597,Struggle
INT6304,5.31,1.0,62.57,50.97,46.987717,Struggle
INT6305,3.05,,,75.42,69.41191,Average
INT6306,3.65,3.16,51.77,62.03,61.42452,Average
INT6307,2.82,1.97,33.08,58.53,66.6671,Average
INT6308,2.8,3.2,99.42,62.07,66.38724,Average
INT6309,4.06,3.27,0.0,55.17,68.12324,Average
INT6310,6.29,2.46,83.19,53.5,56.781086,Struggle
INT6311,3.58,5.0,55.91,72.52,78.962135,Average
INT6312,4.12,4.46,80.09,87.34,76.53877,Average
INT6313,4.66,1.0,99.22,52.83,53.7925,Struggle
INT6314,2.3,2.77,0.0,65.22,68.60775,Average
INT6315,2.55,1.57,92.4,63.53,70.9338,Average
INT6316,6.31,3.81,99.88,60.26,65.39896,Average
INT6317,4.92,4.32,79.43,57.77,64.81553,Average
INT6318,4.63,3.72,65.47,68.86,70.3452,Average
INT6319,4.97,1.0,8.84,51.78,54.20144,Struggle
INT6320,1.0,1.38,9.98,90.44,83.227585,Excel
INT6321,4.99,5.0,58.57,77.77,71.892334,Average
INT6322,4.34,5.0,72.63,87.43,81.571304,Excel
INT6323,4.26,4.0,65.96,78.13,78.081856,Average
INT6324,2.76,5.0,64.17,82.58,87.67468,Excel
INT6325,1.91,2.62,,100.0,85.3834,Excel
INT6326,2.33,3.54,71.08,63.81,77.45896,Average
INT6327,6.45,,45.71,35.59,41.783905,Struggle
INT6328,3.56,1.0,80.18,57.0,58.12927,Struggle
INT6329,3.71,5.0,33.52,74.15,80.43036,Excel
INT6330,1.46,4.0,61.49,99.17,91.74496,Excel
INT6331,1.2,1.0,2.59,68.99,68.059006,Average
INT6332,5.29,4.35,70.46,64.09,64.980736,Average
INT6333,4.47,3.79,64.75,70.65,70.585365,Average
INT6334,4.16,5.0,52.7,82.5,78.305756,Average
INT6335,2.04,5.0,76.04,78.94,89.469536,Excel
INT6336,,,90.83,78.94,70.75696,Average
INT6337,1.82,3.98,92.57,76.65,79.2505,Average
INT6338,2.07,2.2,61.77,65.6,71.38799,Average
INT6339,3.54,2.17,79.98,69.51,64.23109,Average
INT6340,2.87,3.33,92.79,75.88,77.65697,Average
INT6341,2.18,1.81,3.99,52.47,70.04984,Average
INT6342,5.07,4.73,96.61,77.96,78.657585,Average
INT6343,5.18,4.81,95.15,74.33,72.70388,Average
INT6344,5.57,5.0,,64.16,70.76745,Average
INT6345,3.66,1.38,62.95,56.36,57.91851,Struggle
INT6346,1.9,3.89,59.02,73.54,81.8553,Excel
INT6347,2.33,2.24,59.8,66.31,65.17948,Average
INT6348,7.0,1.86,95.39,37.95,43.862885,Struggle
INT6349,4.69,3.05,96.56,70.2,69.39871,Average
INT6350,5.35,1.8,52.59,40.25,41.32422,Struggle
INT6351,1.0,1.0,7.24,64.05,68.06989,Average
INT6352,4.36,3.82,78.21,75.82,74.65788,Average
INT6353,1.21,1.0,9.08,61.32,66.627495,Average
INT6354,4.64,5.0,81.58,88.17,82.57852,Excel
INT6355,6.83,2.86,97.37,64.61,63.440903,Average
INT6356,6.83,5.0,19.01,67.63,64.15119,Average
INT6357,4.0,2.03,56.02,42.45,56.198334,Struggle
INT6358,3.39,2.33,51.67,67.93,65.46486,Average
INT6359,6.33,1.4,68.19,43.04,46.372364,Struggle
INT6360,5.41,4.0,66.88,70.09,72.947495,Average
INT6361,,3.24,71.54,75.56,68.051865,Average
INT6362,3.67,,36.06,58.1,61.68196,Average
INT6363,2.27,4.0,87.89,95.57,95.13318,Excel
INT6364,4.19,1.5,43.21,59.35,63.670773,Average
INT6365,3.71,1.87,66.53,45.26,60.903,Average
INT6366,4.99,1.0,91.34,69.52,55.59212,Struggle
INT6367,3.38,5.0,92.49,82.46,88.110405,Excel
INT6368,2.34,2.82,61.64,64.65,68.67764,Average
INT6369,3.62,1.0,65.73,57.99,57.463955,Struggle
INT6370,5.73,1.0,51.86,41.57,40.176167,Struggle
INT6371,4.62,4.95,53.97,55.15,63.99212,Average
INT6372,2.99,3.83,66.29,79.28,79.22277,Average
INT6373,6.83,3.45,72.42,55.07,58.613712,Struggle
INT6374,6.14,1.0,59.35,50.99,49.087803,Struggle
INT6375,1.89,1.0,59.0,56.23,57.64214,Struggle
INT6376,1.35,1.0,2.36,71.88,68.28762,Average
INT6377,5.18,1.8,87.73,51.21,50.961315,Struggle
INT6378,5.95,2.73,66.98,60.74,59.216854,Struggle
INT6379,,2.92,98.96,58.57,58.64309,Struggle
INT6380,6.52,4.6,53.7,68.94,61.099834,Average
INT6381,4.64,1.0,60.83,40.08,49.155914,Struggle
INT6382,4.33,4.2,50.24,73.62,68.351234,Average
INT6383,1.0,3.91,9.08,86.62,79.7572,Average
INT6384,2.26,4.66,66.38,69.41,80.99611,Excel
INT6385,4.06,5.0,60.28,75.47,78.81015,Average
INT6386,4.99,1.0,64.02,45.8,52.365242,Struggle
INT6387,4.42,1.8,71.46,46.86,50.61299,Struggle
INT6388,,3.49,20.99,59.78,65.39408,Average
INT6389,2.27,1.0,48.52,74.89,68.14848,Average
INT6390,4.75,2.67,55.38,38.38,49.132175,Struggle
INT6391,1.8,2.81,76.47,77.3,78.55684,Average
INT6392,3.57,3.84,92.09,65.4,74.65047,Average
INT6393,5.92,4.27,71.16,68.35,68.46523,Average
INT6394,4.83,1.0,86.99,52.12,52.868206,Struggle
INT6395,,1.0,83.58,54.31,56.29013,Struggle
INT6396,3.13,4.53,25.98,71.15,72.96572,Average
INT6397,3.8,1.84,41.99,63.44,59.796783,Struggle
INT6398,2.5,4.7,46.76,89.19,85.806915,Excel
INT6399,3.87,1.0,81.89,53.27,54.61577,Struggle
INT6400,,4.0,77.14,77.25,80.05041,Excel
INT6401,5.48,4.13,73.65,64.44,64.06257,Average
INT6402,5.85,3.18,72.16,62.82,60.742386,Average
INT6403,2.37,1.72,74.91,68.75,73.40608,Average
INT6404,6.12,1.0,71.72,51.79,44.381676,Struggle
INT6405,1.06,4.0,77.07,93.02,92.523315,Excel
INT6406,6.73,4.0,94.4,81.53,78.479095,Average
INT6407,3.22,2.75,81.64,60.9,65.11803,Average
INT6408,2.73,1.0,59.54,63.33,60.470234,Average
INT6409,3.85,1.0,79.87,70.53,55.608387,Struggle
INT6410,6.88,5.0,82.15,75.6,66.177666,Average
INT6411,1.63,3.89,3.09,74.9,83.162186,Excel
INT6412,3.33,4.41,51.34,67.76,67.265205,Average
INT6413,6.28,4.63,99.98,70.3,68.56221,Average
INT6414,3.11,5.0,51.68,73.89,75.27536,Average
INT6415,2.54,2.26,69.76,76.22,69.16413,Average
INT6416,3.8,,,58.41,61.77066,Average
INT6417,3.33,2.87,54.85,79.92,70.95392,Average
INT6418,6.5,4.25,89.68,68.09,66.79562,Average
INT6419,5.64,,71.3,62.94,60.209015,Average
INT6420,4.36,3.98,90.06,65.07,69.81509,Average
INT6421,7.0,4.48,6.8,61.05,62.098526,Average
INT6422,4.15,1.83,62.82,56.79,55.325787,Struggle
INT6423,1.36,1.78,29.36,65.37,69.66105,Average
INT6424,2.69,4.66,80.81,81.45,85.08073,Excel
INT6425,3.97,3.89,61.75,79.66,69.34306,Average
INT6426,1.67,4.53,72.61,79.52,84.25697,Excel
INT6427,6.63,1.88,35.97,44.85,44.161873,Struggle
INT6428,5.72,4.19,5.12,74.31,63.51385,Average
INT6429,3.03,1.0,55.84,61.75,56.411583,Struggle
INT6430,4.06,4.99,74.33,70.75,74.60486,Average
INT6431,5.04,1.96,70.42,56.06,53.99811,Struggle
INT6432,6.38,1.86,0.0,58.22,58.416946,Struggle
INT6433,6.12,4.02,27.81,63.92,61.43301,Average
INT6434,3.87,1.04,51.42,54.12,52.308098,Struggle
INT6435,5.74,1.2,93.85,57.45,59.23879,Struggle
INT6436,4.76,4.44,80.39,76.16,68.36258,Average
INT6437,4.46,2.78,55.1,79.3,68.889824,Average
INT6438,1.43,3.62,76.08,82.96,78.94403,Average
INT6439,2.12,4.53,79.98,84.63,86.344025,Excel
INT6440,4.31,1.57,85.04,61.1,65.82027,Average
INT6441,2.33,4.18,95.4,72.44,81.90772,Excel
INT6442,1.0,2.82,9.76,61.08,75.556305,Average
INT6443,5.63,3.23,66.55,43.78,61.24787,Average
INT6444,1.43,3.57,2.81,89.17,88.89202,Excel
INT6445,4.65,,97.92,58.78,62.280037,Average
INT6446,3.88,3.75,99.04,93.51,90.537315,Excel
INT6447,7.0,3.31,81.91,69.35,64.99997,Average
INT6448,,4.23,59.68,77.54,69.924866,Average
INT6449,1.65,5.0,,88.75,90.067764,Excel
INT6450,4.46,1.63,64.2,68.69,60.84351,Average
INT6451,5.81,3.39,71.7,71.57,62.60882,Average
INT6452,6.69,,0.0,37.14,41.723213,Struggle
INT6453,3.21,1.0,96.69,52.82,61.63362,Average
INT6454,2.66,,55.23,80.45,73.73983,Average
INT6455,6.1,1.8,86.48,44.17,46.17435,Struggle
INT6456,2.27,4.0,25.72,98.72,93.860275,Excel
INT6457,4.79,3.5,54.39,62.01,66.64529,Average
INT6458,3.52,4.81,1.7,78.42,76.66875,Average
INT6459,1.39,2.78,9.53,65.83,74.322945,Average
INT6460,,5.0,80.22,80.42,84.30658,Excel
INT6461,3.0,1.8,34.35,55.51,57.89283,Struggle
INT6462,4.85,5.0,50.21,64.07,70.26624,Average
INT6463,6.78,,98.79,44.82,49.58326,Struggle
INT6464,2.19,5.0,67.48,76.07,80.24477,Excel
INT6465,,1.7,62.91,40.95,53.038387,Struggle
INT6466,,1.8,61.12,57.02,53.10581,Struggle
INT6467,4.22,4.53,57.94,57.98,69.83179,Average
INT6468,1.68,2.48,99.96,71.8,74.76327,Average
INT6469,6.53,2.92,,62.98,57.950195,Struggle
INT6470,5.23,3.55,70.28,50.77,63.596706,Average
INT6471,5.32,2.17,93.57,60.29,62.792778,Average
INT6472,5.52,1.27,82.09,60.68,57.485493,Struggle
INT6473,4.58,1.14,68.43,55.92,58.551712,Struggle
INT6474,6.59,2.31,94.92,55.77,57.393265,Struggle
INT6475,5.78,2.26,87.49,75.38,60.38426,Average
INT6476,6.47,1.0,61.4,40.01,46.72478,Struggle
INT6477,4.1,1.0,9.48,50.9,52.299908,Struggle
INT6478,1.97,3.91,96.12,79.3,86.26114,Excel
INT6479,4.31,2.5,74.82,68.52,64.0898,Average
INT6480,2.1,2.17,86.68,81.92,78.6794,Average
INT6481,4.54,1.49,,71.02,61.222797,Average
INT6482,4.36,3.96,84.52,80.71,75.130035,Average
INT6483,5.04,1.96,55.12,39.84,47.727894,Struggle
INT6484,1.0,4.33,0.0,75.27,93.340485,Excel
INT6485,2.05,1.53,79.75,76.21,74.9671,Average
INT6486,4.38,5.0,,65.89,76.99795,Average
INT6487,6.88,3.87,58.62,80.84,58.814175,Struggle
INT6488,3.42,3.84,35.62,72.59,74.87616,Average
INT6489,3.81,5.0,72.86,88.33,82.151245,Excel
INT6490,5.35,1.21,85.08,52.23,56.674046,Struggle
INT6491,4.28,1.0,76.21,43.41,52.384857,Struggle
INT6492,2.61,1.0,69.11,60.18,63.825764,Average
INT6493,3.52,2.38,53.83,63.6,55.132236,Struggle
INT6494,1.83,1.27,79.82,69.31,71.31583,Average
INT6495,6.74,2.99,,43.52,58.41997,Struggle
INT6496,2.04,1.73,84.29,75.97,78.70441,Average
INT6497,2.89,1.35,69.07,62.19,68.56088,Average
INT6498,1.0,1.29,7.09,59.38,66.45981,Average
INT6499,2.67,1.98,90.82,73.95,73.40629,Average
INT6500,5.8,5.0,97.09,86.07,82.061615,Excel
INT6501,1.89,3.01,69.41,70.01,72.37681,Average
INT6502,1.79,1.86,58.92,89.05,67.99302,Average
INT6503,,3.25,70.54,72.19,67.669,Average
INT6504,1.0,1.0,5.32,75.0,72.08395,Average
INT6505,1.39,1.76,61.92,72.07,69.89855,Average
INT6506,5.51,2.28,2.21,43.52,50.470417,Struggle
INT6507,5.97,,76.52,61.86,62.120247,Average
INT6508,6.5,1.0,60.73,46.56,45.55154,Struggle
INT6509,6.19,1.0,66.99,43.04,42.866932,Struggle
INT6510,5.48,2.27,13.65,53.2,52.756668,Struggle
INT6511,1.0,5.0,51.36,86.19,88.242096,Excel
INT6512,5.27,4.36,53.76,56.65,62.80122,Average
INT6513,5.73,2.5,,57.2,56.68608,Struggle
INT6514,5.32,2.76,83.47,58.05,58.89795,Struggle
INT6515,4.21,3.49,57.08,81.71,75.01907,Average
INT6516,2.53,2.19,47.01,79.81,70.14457,Average
INT6517,5.78,3.72,,62.94,70.12318,Average
INT6518,5.01,2.7,98.56,83.67,74.8041,Average
INT6519,6.53,3.68,95.56,65.11,67.18111,Average
INT6520,2.38,1.8,64.17,55.29,58.881226,Struggle
INT6521,2.54,1.51,51.37,59.32,63.764797,Average
INT6522,2.36,2.15,82.77,85.3,77.712166,Average
INT6523,,5.0,80.14,78.29,84.30658,Excel
INT6524,2.05,3.98,51.37,70.79,77.543175,Average
INT6525,1.0,1.22,56.13,74.51,74.22309,Average
INT6526,7.0,3.33,57.02,60.3,57.49027,Struggle
INT6527,1.41,1.0,4.78,81.86,75.488205,Average
INT6528,6.13,1.72,95.33,66.47,62.23109,Average
INT6529,3.28,2.23,21.33,53.9,60.531693,Average
INT6530,,5.0,69.23,73.27,75.590355,Average
INT6531,4.09,5.0,52.16,69.18,76.076126,Average
INT6532,6.14,5.0,,56.95,67.40344,Average
INT6533,6.61,3.07,87.65,46.81,52.61759,Struggle
INT6534,1.0,3.24,2.23,71.68,76.06345,Average
INT6535,1.02,1.64,74.95,76.7,77.94522,Average
INT6536,2.56,5.0,54.79,78.09,85.06351,Excel
INT6537,5.44,2.53,69.07,65.93,60.93298,Average
INT6538,6.74,2.33,67.97,60.46,57.33423,Struggle
INT6539,3.27,5.0,61.48,65.3,74.43177,Average
INT6540,4.25,4.05,65.99,69.74,67.59286,Average
INT6541,2.21,2.71,87.34,58.24,75.90775,Average
INT6542,6.18,4.4,1.01,62.57,62.801643,Average
INT6543,7.0,2.03,95.61,72.58,62.470383,Average
INT6544,2.97,,69.41,70.99,75.2131,Average
INT6545,4.15,3.41,75.73,69.28,70.04052,Average
INT6546,1.22,3.87,73.37,81.96,83.92312,Excel
INT6547,3.92,3.97,75.29,95.42,80.85394,Excel
INT6548,3.57,1.02,88.47,56.18,66.18168,Average
INT6549,1.98,4.56,91.57,79.75,84.170425,Excel
INT6550,3.19,1.0,56.65,48.28,55.29283,Struggle
INT6551,3.24,1.44,,65.85,65.691475,Average
INT6552,4.34,3.33,,58.7,65.194855,Average
INT6553,4.09,1.0,4.53,44.28,49.447716,Struggle
INT6554,,2.85,7.06,92.29,78.90906,Average
INT6555,5.59,4.0,83.9,77.48,77.72841,Average
INT6556,5.68,1.34,28.94,57.28,50.575127,Struggle
INT6557,3.6,3.36,93.41,86.75,77.8844,Average
INT6558,1.02,4.74,86.71,85.27,91.01589,Excel
INT6559,5.41,3.26,51.08,61.64,58.36189,Struggle
INT6560,6.36,5.0,84.34,64.03,67.19374,Average
INT6561,2.71,,59.62,48.24,66.25328,Average
INT6562,2.94,4.85,46.62,78.82,72.048706,Average
INT6563,2.53,1.99,0.0,87.59,80.91846,Excel
INT6564,4.17,3.84,93.64,71.49,77.58216,Average
INT6565,2.12,4.0,72.8,89.26,89.93456,Excel
INT6566,3.63,5.0,90.42,93.44,91.404785,Excel
INT6567,,3.9,89.15,62.0,73.09669,Average
INT6568,3.93,3.23,70.73,72.64,68.590935,Average
INT6569,3.41,5.0,7.41,95.02,88.388214,Excel
INT6570,3.2,1.2,85.02,67.24,67.72561,Average
INT6571,3.9,2.1,23.54,51.28,58.718575,Struggle
INT6572,1.0,1.0,1.91,73.01,65.8755,Average
INT6573,1.24,3.58,60.52,100.0,86.79281,Excel
INT6574,6.58,5.0,35.29,66.41,67.55806,Average
INT6575,1.34,1.22,65.64,68.15,69.893875,Average
INT6576,5.47,4.0,24.32,75.45,76.147736,Average
INT6577,6.04,1.92,70.88,68.46,54.761066,Struggle
INT6578,2.13,4.0,,84.33,87.9875,Excel
INT6579,2.75,1.8,88.16,56.31,62.02433,Average
INT6580,4.13,2.82,72.82,69.51,66.72787,Average
INT6581,6.16,1.79,86.82,65.08,57.758217,Struggle
INT6582,6.76,4.77,57.79,50.71,54.676777,Struggle
INT6583,5.93,5.0,63.48,68.06,67.67692,Average
INT6584,1.37,5.0,54.99,86.36,88.01236,Excel
INT6585,,1.5,93.26,66.56,66.618805,Average
INT6586,,4.0,64.81,76.63,80.05152,Excel
INT6587,4.22,1.0,,62.35,52.40411,Struggle
INT6588,1.49,1.88,5.53,73.53,74.368866,Average
INT6589,2.44,1.8,73.8,69.27,63.396736,Average
INT6590,5.36,1.0,55.31,44.25,44.903748,Struggle
INT6591,,3.32,94.65,69.44,76.48554,Average
INT6592,2.42,2.22,59.86,79.19,67.76935,Average
INT6593,3.66,2.61,86.85,79.99,75.18316,Average
INT6594,5.84,4.35,86.44,55.29,63.430874,Average
INT6595,,3.41,14.94,63.43,57.65492,Struggle
INT6596,2.65,2.01,31.65,50.32,63.404877,Average
INT6597,1.75,2.52,74.6,67.56,70.3928,Average
INT6598,2.21,4.31,71.0,75.22,81.69027,Excel
INT6599,6.66,2.57,95.93,70.12,66.392746,Average
INT6600,,3.9,67.99,74.37,75.53962,Average
INT6601,4.69,1.61,96.85,73.95,71.01611,Average
INT6602,4.11,5.0,72.97,72.13,79.73692,Average
INT6603,2.75,2.74,98.22,82.82,88.78943,Excel
INT6604,5.66,,20.12,78.82,53.895878,Struggle
INT6605,4.47,1.0,91.47,62.71,57.190384,Struggle
INT6606,1.46,4.01,55.24,76.76,83.58564,Excel
INT6607,1.74,1.41,79.31,86.83,79.4893,Average
INT6608,3.74,2.99,57.14,76.68,66.033035,Average
INT6609,6.2,3.4,64.88,40.17,62.647358,Average
INT6610,2.96,2.09,81.18,80.33,72.50688,Average
INT6611,5.91,1.38,86.31,49.67,50.01696,Struggle
INT6612,5.77,3.9,51.96,49.63,56.074787,Struggle
INT6613,2.78,2.73,76.55,66.98,69.03905,Average
INT6614,1.57,1.8,2.53,62.43,62.825146,Average
INT6615,1.24,1.29,53.94,77.62,75.516594,Average
INT6616,5.33,2.14,75.03,54.51,53.24612,Struggle
INT6617,2.65,1.8,85.69,71.87,62.86922,Average
INT6618,3.5,2.1,52.66,61.54,58.350502,Struggle
INT6619,3.63,1.0,3.08,55.13,56.577015,Struggle
INT6620,5.35,5.0,24.73,77.51,72.33321,Average
INT6621,2.1,2.32,58.03,84.92,73.021576,Average
INT6622,3.38,4.06,34.44,82.49,72.04768,Average
INT6623,4.25,3.49,91.66,70.7,71.44851,Average
INT6624,,5.0,25.22,79.21,79.15048,Average
INT6625,5.52,3.73,70.19,55.31,63.84525,Average
INT6626,1.68,2.3,59.97,71.87,77.16588,Average
INT6627,5.4,1.0,93.8,61.92,55.621944,Struggle
INT6628,4.86,4.73,85.25,70.69,72.03914,Average
INT6629,4.73,,51.27,64.2,56.87499,Struggle
INT6630,5.35,3.69,7.21,47.05,58.152256,Struggle
INT6631,3.71,1.0,64.56,48.7,57.06902,Struggle
INT6632,1.95,5.0,1.96,78.41,92.43551,Excel
INT6633,4.88,4.56,,67.85,67.93928,Average
INT6634,3.87,1.0,83.19,54.98,53.42654,Struggle
INT6635,5.27,1.58,,65.84,51.842216,Struggle
INT6636,3.04,3.86,97.6,77.85,80.75787,Excel
INT6637,6.42,5.0,82.94,74.65,70.31178,Average
INT6638,5.02,2.1,50.28,39.71,43.72077,Struggle
INT6639,1.39,2.19,67.95,75.29,76.61349,Average
INT6640,4.05,4.0,75.66,84.93,82.64517,Excel
INT6641,5.9,4.39,74.96,68.85,65.4476,Average
INT6642,5.49,3.76,80.17,56.75,66.3753,Average
INT6643,3.56,2.38,98.03,90.85,79.61455,Average
INT6644,6.85,2.77,2.3,56.47,54.354885,Struggle
INT6645,2.54,4.59,18.82,65.54,76.89113,Average
INT6646,2.96,5.0,8.06,81.14,84.03207,Excel
INT6647,6.39,4.59,91.66,75.35,70.072495,Average
INT6648,6.5,3.23,91.22,50.38,53.54727,Struggle
INT6649,5.39,1.0,63.77,44.2,48.43328,Struggle
INT6650,6.59,1.0,86.53,48.49,42.380684,Struggle
INT6651,1.95,2.72,83.6,63.36,85.792816,Excel
INT6652,6.63,2.68,3.71,40.94,57.94795,Struggle
INT6653,2.45,3.38,,66.71,72.274506,Average
INT6654,2.28,4.56,94.43,100.0,90.85815,Excel
INT6655,2.17,5.0,83.89,90.13,93.123,Excel
INT6656,3.2,3.85,24.37,65.8,68.28418,Average
INT6657,2.81,4.86,85.24,78.81,83.599884,Excel
INT6658,2.84,,,56.66,69.504845,Average
INT6659,2.23,1.0,94.34,73.42,70.87429,Average
INT6660,2.32,1.8,61.14,45.8,57.16168,Struggle
INT6661,4.73,3.02,64.96,80.21,65.58581,Average
INT6662,3.29,1.38,57.67,51.9,62.257847,Average
INT6663,2.76,5.0,,91.14,88.41025,Excel
INT6664,5.46,2.57,82.86,68.85,60.846416,Average
INT6665,6.26,3.52,22.62,41.39,51.333477,Struggle
INT6666,5.53,1.43,73.75,44.78,49.842182,Struggle
INT6667,,2.51,1.12,79.48,71.83847,Average
INT6668,5.63,,9.61,82.86,62.817833,Average
INT6669,1.7,2.87,74.85,90.29,79.14659,Average
INT6670,1.45,1.0,56.42,62.58,60.9412,Average
INT6671,2.99,3.15,50.37,64.93,65.3072,Average
INT6672,5.8,1.24,56.25,45.84,47.542614,Struggle
INT6673,2.58,4.8,0.0,99.27,81.002396,Excel
INT6674,1.15,3.0,88.2,98.9,92.10199,Excel
INT6675,2.06,3.26,98.36,92.71,92.47674,Excel
INT6676,5.75,,51.79,44.42,48.069344,Struggle
INT6677,4.86,4.27,84.01,65.96,73.03586,Average
INT6678,2.64,2.17,52.21,64.76,67.2405,Average
INT6679,4.04,1.0,89.1,50.52,59.582554,Struggle
INT6680,4.5,1.58,69.05,62.09,58.48083,Struggle
INT6681,5.05,3.72,54.79,71.86,68.59021,Average
INT6682,2.55,,78.4,78.05,70.41072,Average
INT6683,6.19,,64.01,38.41,59.63402,Struggle
INT6684,3.27,5.0,82.98,90.5,86.4063,Excel
INT6685,5.35,1.0,82.91,52.22,49.42321,Struggle
INT6686,1.0,1.0,9.56,71.25,68.805214,Average
INT6687,2.98,1.99,,71.39,67.2176,Average
INT6688,2.68,4.91,69.33,75.6,80.34346,Excel
INT6689,3.93,2.18,14.22,65.32,56.951252,Struggle
INT6690,1.93,4.57,90.23,86.92,87.40541,Excel
INT6691,5.65,3.67,78.92,65.51,61.197983,Average
INT6692,2.71,2.07,51.86,60.09,58.799706,Struggle
INT6693,4.73,5.0,92.15,81.09,83.84989,Excel
INT6694,5.75,2.5,52.57,40.27,47.465458,Struggle
INT6695,4.83,2.13,58.54,69.72,56.69805,Struggle
INT6696,5.04,1.66,55.1,57.1,53.99139,Struggle
INT6697,5.06,3.53,53.9,59.04,62.905758,Average
INT6698,3.55,4.53,51.28,67.41,69.8686,Average
INT6699,6.3,5.0,12.75,54.03,60.012024,Average
INT6700,3.12,2.92,72.12,52.13,62.621414,Average
INT6701,4.79,5.0,62.64,73.12,75.615746,Average
INT6702,5.62,1.8,28.25,36.21,38.815136,Struggle
INT6703,2.99,3.19,82.94,62.33,67.23836,Average
INT6704,3.05,4.11,1.5,69.87,72.24508,Average
INT6705,4.24,3.76,50.95,71.52,68.144165,Average
INT6706,5.94,1.0,70.92,35.73,46.10691,Struggle
INT6707,6.34,3.68,65.52,68.2,63.88274,Average
INT6708,4.34,4.0,3.58,79.11,83.06246,Excel
INT6709,5.16,2.42,0.0,63.14,58.665306,Struggle
INT6710,6.13,1.92,83.45,55.8,55.578915,Struggle
INT6711,1.81,4.77,80.82,93.61,91.036224,Excel
INT6712,2.48,2.11,96.86,77.65,74.68162,Average
INT6713,5.36,4.57,47.79,60.37,67.99691,Average
INT6714,5.75,4.0,73.63,70.18,70.230255,Average
INT6715,5.8,4.0,,68.51,73.03143,Average
INT6716,3.61,3.71,87.77,91.03,79.06503,Average
INT6717,1.63,2.85,57.04,68.61,73.473335,Average
INT6718,3.47,1.73,74.56,63.2,69.02129,Average
INT6719,2.18,2.99,71.07,67.7,74.895615,Average
INT6720,2.6,1.77,82.92,72.33,70.560074,Average
INT6721,5.62,2.06,95.88,60.15,63.33763,Average
INT6722,1.92,4.1,65.06,80.31,79.28957,Average
INT6723,6.23,3.28,58.39,58.72,57.406113,Struggle
INT6724,3.92,4.85,63.09,74.01,73.60833,Average
INT6725,4.59,2.94,90.58,76.34,69.73118,Average
INT6726,1.57,4.0,75.91,88.43,88.56878,Excel
INT6727,2.72,1.8,72.65,52.2,60.16704,Average
INT6728,1.76,1.0,85.53,66.04,69.01587,Average
INT6729,6.69,4.96,80.1,69.67,59.92819,Struggle
INT6730,6.08,1.13,59.6,69.77,59.807533,Struggle
INT6731,3.67,4.91,56.87,77.98,72.42177,Average
INT6732,1.95,2.01,73.3,53.27,69.291115,Average
INT6733,6.27,1.82,77.14,45.27,47.975807,Struggle
INT6734,3.38,5.0,1.56,82.49,81.48427,Excel
INT6735,1.73,5.0,80.63,96.78,93.28946,Excel
INT6736,4.14,4.0,82.35,82.17,83.22047,Excel
INT6737,7.0,3.8,98.57,56.96,57.263386,Struggle
INT6738,1.18,4.78,0.29,84.11,91.446365,Excel
INT6739,2.04,2.33,69.01,91.69,77.79868,Average
INT6740,6.27,2.95,84.57,62.72,64.10792,Average
INT6741,1.8,1.07,82.97,79.39,70.41388,Average
INT6742,1.77,4.0,50.69,91.77,83.231674,Excel
INT6743,4.67,,44.6,71.84,64.813675,Average
INT6744,5.94,2.64,87.15,74.84,54.274254,Struggle
INT6745,4.23,,74.95,59.15,66.26785,Average
INT6746,6.58,4.7,52.36,55.06,58.7365,Struggle
INT6747,4.79,4.17,72.54,72.05,67.72497,Average
INT6748,1.91,1.8,99.17,75.57,72.069824,Average
INT6749,6.59,3.18,64.64,62.55,60.79979,Average
INT6750,3.84,3.33,54.61,56.32,69.78117,Average
INT6751,2.92,2.23,,81.5,68.635284,Average
INT6752,3.92,4.25,17.64,69.44,61.704273,Average
INT6753,,1.8,67.45,56.9,53.10488,Struggle
INT6754,1.54,2.69,23.87,78.73,79.96245,Average
INT6755,1.44,3.53,2.0,89.88,89.274185,Excel
INT6756,3.62,2.54,68.86,71.09,65.078445,Average
INT6757,5.97,,81.57,52.9,63.644108,Average
INT6758,4.04,3.6,88.95,88.29,79.046745,Average
INT6759,7.0,2.08,55.97,54.59,44.51517,Struggle
INT6760,2.43,2.02,68.77,67.91,67.714874,Average
INT6761,,2.85,78.39,56.97,63.30206,Average
INT6762,2.46,5.0,72.48,92.76,88.12103,Excel
INT6763,1.75,1.0,93.54,67.04,67.56388,Average
INT6764,2.35,4.71,93.94,77.07,79.24435,Average
INT6765,5.96,4.01,67.19,72.42,69.5243,Average
INT6766,6.75,1.0,54.59,33.51,37.13183,Struggle
INT6767,6.41,1.11,58.38,45.36,44.55231,Struggle
INT6768,2.0,1.0,68.35,60.61,65.795235,Average
INT6769,5.88,4.84,78.21,71.94,68.54277,Average
INT6770,2.52,3.06,82.84,73.46,79.41302,Average
INT6771,1.84,4.22,66.57,93.93,85.14081,Excel
INT6772,,3.58,51.88,78.63,69.85219,Average
INT6773,,4.39,71.0,74.65,72.34207,Average
INT6774,2.0,1.9,82.6,86.77,78.55526,Average
INT6775,3.9,3.0,36.91,68.25,64.429474,Average
INT6776,2.77,3.34,78.98,72.52,80.7869,Excel
INT6777,5.84,,77.09,69.73,61.197987,Average
INT6778,,5.0,8.46,94.07,88.66169,Excel
INT6779,7.0,1.67,67.52,44.94,47.74303,Struggle
INT6780,1.24,2.06,38.67,74.16,79.02753,Average
INT6781,3.07,1.0,79.93,65.18,62.139637,Average
INT6782,4.24,1.0,76.22,65.92,56.409863,Struggle
INT6783,3.63,2.89,,54.71,63.416634,Average
INT6784,2.96,3.79,52.02,62.62,69.162415,Average
INT6785,5.61,2.78,78.18,57.12,58.2047,Struggle
INT6786,6.5,1.35,56.08,51.02,48.32876,Struggle
INT6787,6.72,1.45,65.76,45.28,50.248093,Struggle
INT6788,5.78,3.25,83.08,69.15,62.277634,Average
INT6789,5.86,3.51,57.87,67.28,61.187183,Average
INT6790,4.71,4.0,65.44,83.82,77.945755,Average
INT6791,5.83,2.33,85.15,60.79,54.0293,Struggle
INT6792,3.12,2.77,82.54,53.42,63.32224,Average
INT6793,2.92,2.88,54.55,80.61,75.03476,Average
INT6794,2.63,5.0,78.86,80.5,86.27475,Excel
INT6795,3.65,1.34,57.36,57.09,59.608776,Struggle
INT6796,2.88,2.39,62.61,59.95,69.38796,Average
INT6797,6.59,1.0,72.96,38.0,41.57035,Struggle
INT6798,2.42,1.8,55.47,54.13,55.606346,Struggle
INT6799,,1.8,99.68,63.8,61.033016,Average
INT6800,3.92,5.0,58.27,73.11,76.929985,Average
INT6801,1.02,2.16,89.07,82.46,74.58125,Average
INT6802,1.36,2.8,54.12,94.14,84.11079,Excel
INT6803,2.59,5.0,60.38,96.28,90.15199,Excel
INT6804,3.7,3.97,0.0,76.11,75.47067,Average
INT6805,3.51,2.53,93.7,91.34,70.864685,Average
INT6806,6.27,4.0,97.88,84.51,81.54081,Excel
INT6807,,3.56,58.64,48.88,64.430405,Average
INT6808,3.99,3.8,73.97,88.8,74.61623,Average
INT6809,2.8,3.69,53.0,77.47,82.11944,Excel
INT6810,2.8,1.0,49.0,55.48,61.529537,Average
INT6811,5.54,1.73,40.59,69.7,61.021027,Average
INT6812,1.36,4.55,0.0,81.01,85.82692,Excel
INT6813,1.16,3.62,2.42,100.0,93.96471,Excel
INT6814,5.52,2.29,51.86,50.73,50.082882,Struggle
INT6815,4.15,4.14,51.62,75.61,72.20892,Average
INT6816,1.79,2.65,,49.4,63.13216,Average
INT6817,1.92,2.13,55.22,70.09,70.9286,Average
INT6818,6.69,2.05,53.94,28.18,36.61063,Struggle
INT6819,6.46,2.09,62.56,48.88,47.468826,Struggle
INT6820,5.01,3.27,86.1,78.73,70.08596,Average
INT6821,3.43,1.63,35.47,48.48,53.785366,Struggle
INT6822,4.43,2.91,75.56,65.27,65.21326,Average
INT6823,7.0,3.42,95.76,49.9,56.29527,Struggle
INT6824,6.37,1.8,52.48,33.25,30.123726,Struggle
INT6825,2.73,2.84,90.55,76.85,76.73659,Average
INT6826,5.73,1.12,25.05,36.43,41.149075,Struggle
INT6827,2.62,4.95,56.34,78.81,76.78446,Average
INT6828,2.43,1.8,55.97,47.44,56.6578,Struggle
INT6829,5.45,2.23,99.71,53.07,62.43725,Average
INT6830,3.72,4.0,59.01,69.85,74.46733,Average
INT6831,6.12,2.37,94.84,65.88,61.927666,Average
INT6832,1.1,1.0,99.55,65.68,67.8341,Average
INT6833,4.1,4.89,69.19,64.94,74.45128,Average
INT6834,6.14,2.35,81.55,73.26,63.483852,Average
INT6835,6.38,1.89,88.95,73.05,52.279312,Struggle
INT6836,2.39,1.0,69.63,64.06,63.950954,Average
INT6837,,1.37,58.09,74.76,61.129776,Average
INT6838,4.7,4.49,71.69,70.91,69.29125,Average
INT6839,1.84,1.95,88.59,67.57,82.73575,Excel
INT6840,6.94,4.0,63.16,73.77,65.74228,Average
INT6841,6.18,5.0,61.53,71.4,68.17217,Average
INT6842,1.76,2.4,58.75,83.24,74.391205,Average
INT6843,2.09,3.3,96.03,100.0,93.971886,Excel
INT6844,1.82,2.98,52.2,79.88,68.10153,Average
INT6845,6.75,2.53,4.44,59.3,59.3711,Struggle
INT6846,2.43,3.51,52.32,77.17,73.66203,Average
INT6847,3.46,4.03,91.9,85.55,81.47472,Excel
INT6848,3.92,3.45,95.27,77.07,75.73639,Average
INT6849,4.48,3.91,64.87,59.41,73.63359,Average
INT6850,1.03,1.5,30.81,70.62,71.94976,Average
INT6851,2.25,3.59,74.03,95.33,78.18147,Average
INT6852,6.25,1.0,64.92,37.22,38.27301,Struggle
INT6853,6.34,3.6,70.86,60.93,59.25894,Struggle
INT6854,5.49,3.82,52.68,77.27,65.16339,Average
INT6855,,3.62,4.14,82.59,76.821945,Average
INT6856,2.82,4.0,67.85,90.51,83.88448,Excel
INT6857,4.98,2.75,89.13,76.45,73.263405,Average
INT6858,2.66,1.0,54.42,57.53,57.063087,Struggle
INT6859,6.88,4.0,66.31,64.57,62.85137,Average
INT6860,4.39,1.94,83.22,54.05,55.775936,Struggle
INT6861,1.62,3.58,88.27,81.55,86.82967,Excel
INT6862,6.62,3.05,79.62,44.99,54.566025,Struggle
INT6863,7.0,1.0,61.97,44.19,33.934753,Struggle
INT6864,1.34,1.73,50.01,65.42,69.36119,Average
INT6865,4.0,1.52,90.14,65.1,65.67645,Average
INT6866,2.49,4.33,91.13,79.54,82.0918,Excel
INT6867,,5.0,84.88,88.91,82.93052,Excel
INT6868,2.08,,32.46,60.78,73.6245,Average
INT6869,4.81,1.0,79.26,51.06,51.746273,Struggle
INT6870,6.53,1.67,91.05,65.58,59.029194,Struggle
INT6871,3.68,3.48,69.48,76.71,73.95477,Average
INT6872,1.27,4.4,59.9,95.56,90.85573,Excel
INT6873,4.32,1.0,79.38,43.31,52.625645,Struggle
INT6874,3.47,2.41,66.71,93.49,80.23832,Excel
INT6875,6.51,2.88,17.83,46.13,49.271942,Struggle
INT6876,3.42,1.49,79.85,72.12,69.68699,Average
INT6877,1.91,1.0,82.16,62.54,67.999115,Average
INT6878,2.56,2.53,80.12,72.87,70.18326,Average
INT6879,5.11,2.71,82.5,53.78,59.48633,Struggle
INT6880,2.69,2.82,81.57,71.03,67.826385,Average
INT6881,6.02,,56.52,49.2,55.256332,Struggle
INT6882,2.25,4.05,38.31,82.15,84.975204,Excel
INT6883,2.43,3.78,,83.83,82.95016,Excel
INT6884,3.51,1.36,50.88,65.54,61.076996,Average
INT6885,7.0,1.16,81.74,61.98,59.607727,Struggle
INT6886,6.11,3.51,,58.05,61.330303,Average
INT6887,2.13,4.69,61.96,92.66,87.34323,Excel
INT6888,3.44,2.24,1.57,73.2,69.23533,Average
INT6889,2.24,2.82,76.7,71.54,78.057365,Average
INT6890,4.04,1.72,63.03,49.84,57.483692,Struggle
INT6891,3.49,3.25,,77.3,67.70564,Average
INT6892,6.5,2.89,95.48,57.6,59.654205,Struggle
INT6893,6.34,,71.33,34.5,52.61706,Struggle
INT6894,3.06,5.0,81.49,82.03,83.29134,Excel
INT6895,4.26,4.62,51.77,68.06,68.59024,Average
INT6896,6.03,4.45,53.89,57.12,60.16303,Average
INT6897,5.35,1.0,54.07,36.72,41.55087,Struggle
INT6898,1.0,1.0,2.33,83.93,64.90806,Average
INT6899,2.91,2.74,29.62,88.99,74.23677,Average
INT6900,3.74,4.0,61.38,77.78,79.66269,Average
INT6901,2.66,1.0,87.37,74.6,66.27335,Average
INT6902,2.36,1.8,58.5,60.96,56.51481,Struggle
INT6903,1.36,3.6,4.91,72.15,83.28559,Excel
INT6904,5.03,2.22,71.55,59.63,56.478844,Struggle
INT6905,2.35,4.53,37.16,84.1,85.41461,Excel
INT6906,1.19,5.0,79.27,100.0,96.3707,Excel
INT6907,2.51,1.0,66.89,65.44,62.26528,Average
INT6908,5.38,1.0,69.65,40.41,46.637985,Struggle
INT6909,5.91,4.39,93.14,76.72,70.559746,Average
INT6910,3.81,2.75,94.23,57.03,67.00469,Average
INT6911,3.53,5.0,91.39,93.46,90.085075,Excel
INT6912,6.86,3.46,93.24,69.52,64.19257,Average
INT6913,,3.77,78.49,96.43,75.09872,Average
INT6914,2.26,2.6,,63.38,78.60681,Average
INT6915,3.15,1.96,77.86,58.46,69.073494,Average
INT6916,1.92,3.75,89.28,79.09,80.36193,Excel
INT6917,3.31,2.6,77.55,67.59,68.5317,Average
INT6918,5.97,2.13,55.55,41.53,46.920918,Struggle
INT6919,4.5,4.0,90.48,82.11,81.96571,Excel
INT6920,3.84,5.0,88.03,91.65,88.157936,Excel
INT6921,6.44,1.65,91.02,66.08,58.580536,Struggle
INT6922,1.04,1.0,8.72,65.64,70.39017,Average
INT6923,2.3,1.94,30.3,79.75,68.78678,Average
INT6924,3.98,4.71,64.79,74.0,76.47363,Average
INT6925,4.72,1.7,46.33,61.84,58.905674,Struggle
INT6926,1.04,2.7,7.12,92.05,87.854065,Excel
INT6927,3.3,1.8,69.27,60.09,60.068546,Average
INT6928,5.18,3.67,59.11,48.92,61.077965,Average
INT6929,5.35,1.8,24.24,42.1,40.904366,Struggle
INT6930,4.78,3.98,61.99,73.4,73.73397,Average
INT6931,3.0,3.29,92.74,81.14,78.312614,Average
INT6932,1.83,3.06,51.15,69.03,70.2248,Average
INT6933,3.81,1.8,78.29,59.88,58.660686,Struggle
INT6934,1.46,1.96,51.8,53.66,63.631523,Average
INT6935,6.49,2.47,54.26,38.53,45.267315,Struggle
INT6936,3.7,,85.25,69.29,71.839165,Average
INT6937,2.59,1.79,,67.1,67.25184,Average
INT6938,5.11,1.04,90.7,53.43,55.947147,Struggle
INT6939,3.66,5.0,73.71,83.36,82.58139,Excel
INT6940,3.17,2.86,61.58,77.39,62.553066,Average
INT6941,5.92,1.92,58.34,61.21,51.554844,Struggle
INT6942,6.04,1.0,62.49,38.81,43.79611,Struggle
INT6943,5.15,1.0,56.73,47.53,46.65967,Struggle
INT6944,1.52,4.52,5.8,80.82,87.64717,Excel
INT6945,4.25,1.8,61.43,44.36,46.179073,Struggle
INT6946,5.55,2.28,57.78,37.43,49.507015,Struggle
INT6947,1.38,4.0,81.16,94.03,94.23614,Excel
INT6948,2.47,2.76,53.85,82.85,74.070015,Average
INT6949,6.15,2.92,52.25,32.92,45.861282,Struggle
INT6950,1.05,3.2,0.89,70.84,77.381134,Average
INT6951,5.44,4.63,50.01,73.21,66.83964,Average
INT6952,,2.13,84.85,59.31,70.075836,Average
INT6953,3.75,5.0,51.47,76.93,78.03407,Average
INT6954,1.0,4.0,6.94,92.96,93.23611,Excel
INT6955,5.44,2.91,37.12,68.88,57.78771,Struggle
INT6956,3.28,1.88,90.55,77.94,67.89591,Average
INT6957,4.62,3.25,75.09,54.33,61.732388,Average
INT6958,5.33,2.61,84.93,49.9,58.75633,Struggle
INT6959,5.7,5.0,72.64,73.83,73.969894,Average
INT6960,6.38,3.65,,68.87,59.723995,Struggle
INT6961,3.91,1.43,98.52,78.57,76.15212,Average
INT6962,3.44,4.86,78.28,82.93,81.36024,Excel
INT6963,6.46,3.76,56.55,55.07,54.222855,Struggle
INT6964,4.38,3.45,70.3,69.63,72.06567,Average
INT6965,2.69,4.11,37.2,86.8,82.67723,Excel
INT6966,1.55,4.54,60.7,85.66,86.51337,Excel
INT6967,5.82,1.14,96.67,67.47,63.986866,Average
INT6968,3.62,1.8,94.05,67.63,58.569202,Struggle
INT6969,4.7,5.0,59.96,69.72,75.99839,Average
INT6970,3.45,4.49,67.61,64.93,72.33087,Average
INT6971,1.82,1.98,53.56,69.55,69.02479,Average
INT6972,4.92,4.0,60.43,76.0,71.45456,Average
INT6973,1.57,3.59,79.58,90.3,79.872375,Average
INT6974,3.11,4.55,84.99,91.54,84.80558,Excel
INT6975,4.0,1.0,0.0,59.91,54.283676,Struggle
INT6976,3.87,1.6,85.32,83.35,66.82837,Average
INT6977,5.26,3.58,85.33,53.81,65.12609,Average
INT6978,6.45,4.41,60.75,76.06,61.690357,Average
INT6979,5.67,2.2,67.32,40.01,52.971546,Struggle
INT6980,1.0,3.42,1.66,97.6,94.25564,Excel
INT6981,2.52,2.16,51.09,79.01,74.46219,Average
INT6982,4.04,2.22,64.41,62.42,64.27204,Average
INT6983,6.4,3.82,19.3,61.72,55.704628,Struggle
INT6984,5.84,4.2,82.56,74.4,66.57148,Average
INT6985,6.33,1.0,55.04,43.17,40.721046,Struggle
INT6986,2.49,1.0,92.29,56.44,66.88183,Average
INT6987,3.46,1.0,82.33,68.19,59.250298,Struggle
INT6988,3.35,1.0,51.44,53.82,49.7127,Struggle
INT6989,2.27,3.56,85.74,93.92,84.11015,Excel
INT6990,1.03,4.67,,100.0,87.3871,Excel
INT6991,6.43,1.0,,41.53,40.488174,Struggle
INT6992,2.52,2.69,51.53,65.14,65.36809,Average
INT6993,2.64,4.79,92.9,86.37,86.45802,Excel
INT6994,1.81,1.17,86.62,63.84,67.59656,Average
INT6995,6.42,,68.92,45.57,54.067585,Struggle
INT6996,4.79,3.07,66.43,51.68,59.768528,Struggle
INT6997,4.96,1.14,73.99,59.64,57.64964,Struggle
INT6998,6.07,2.64,71.83,65.06,51.0392,Struggle
INT6999,3.42,2.81,62.6,81.52,72.0035,Average
INT7000,4.78,1.35,,39.31,53.39044,Struggle
INT7001,1.33,5.0,2.5,96.45,96.11584,Excel
INT7002,2.56,3.51,21.73,74.61,73.99652,Average
INT7003,6.05,4.36,65.22,80.51,73.794525,Average
INT7004,5.11,1.8,4.27,57.04,50.480404,Struggle
INT7005,3.47,5.0,49.04,90.44,87.61879,Excel
INT7006,3.04,4.0,56.61,75.37,81.04904,Excel
INT7007,4.2,1.75,95.11,71.55,71.34144,Average
INT7008,1.0,1.52,0.0,82.75,79.6286,Average
INT7009,2.25,2.73,96.21,99.09,90.209305,Excel
INT7010,2.44,4.66,84.16,86.39,87.209145,Excel
INT7011,2.43,5.0,29.11,90.34,89.35543,Excel
INT7012,5.97,4.99,5.9,65.76,64.829834,Average
INT7013,3.0,3.24,9.57,75.6,78.86515,Average
INT7014,1.99,,80.36,61.06,75.6803,Average
INT7015,4.1,1.0,96.32,64.84,62.330086,Average
INT7016,6.47,3.88,35.27,70.75,57.209694,Struggle
INT7017,2.67,1.28,85.15,72.17,68.86899,Average
INT7018,1.51,2.97,98.05,74.61,96.17991,Excel
INT7019,3.02,3.63,57.62,75.84,77.63524,Average
INT7020,5.4,4.74,54.52,74.36,64.88707,Average
INT7021,4.23,2.94,3.26,59.18,57.699947,Struggle
INT7022,5.75,3.79,7.65,55.87,61.38332,Average
INT7023,6.96,2.68,35.7,48.07,49.79411,Struggle
INT7024,5.39,1.89,66.7,38.15,50.378094,Struggle
INT7025,5.09,5.0,51.36,71.21,72.43146,Average
INT7026,4.24,1.0,98.57,64.93,64.362915,Average
INT7027,1.04,5.0,3.5,98.86,98.68819,Excel
INT7028,6.45,5.0,19.45,55.02,62.51122,Average
INT7029,3.51,3.45,99.98,89.87,85.20218,Excel
INT7030,2.14,1.0,80.25,68.38,68.61276,Average
INT7031,5.46,3.87,61.12,65.19,63.327698,Average
INT7032,2.46,1.0,53.33,65.05,61.174213,Average
INT7033,4.09,1.36,69.47,60.54,60.44086,Average
INT7034,4.94,3.39,83.48,79.9,76.188286,Average
INT7035,3.43,1.0,55.32,65.23,52.12983,Struggle
INT7036,6.24,5.0,45.15,72.3,69.02143,Average
INT7037,2.15,1.8,72.13,59.28,70.028625,Average
INT7038,3.95,1.0,,53.84,56.19462,Struggle
INT7039,3.86,4.71,65.01,77.59,77.12381,Average
INT7040,5.18,2.35,98.36,77.4,77.98035,Average
INT7041,5.73,1.04,40.01,59.52,53.145035,Struggle
INT7042,3.83,2.89,60.67,71.63,66.21354,Average
INT7043,4.42,2.66,76.81,55.18,61.55446,Average
INT7044,1.69,1.87,83.55,93.05,92.21622,Excel
INT7045,6.17,1.0,86.25,38.31,42.65912,Struggle
INT7046,3.68,1.29,63.92,75.91,66.730064,Average
INT7047,5.47,4.88,51.84,54.6,61.325417,Average
INT7048,1.15,3.66,8.59,93.0,85.09913,Excel
INT7049,1.86,1.1,88.7,83.76,80.543076,Excel
INT7050,3.91,1.0,95.24,55.83,57.876755,Struggle
INT7051,6.17,4.89,48.19,56.11,60.196556,Average
INT7052,3.98,1.8,52.62,46.44,48.011208,Struggle
INT7053,6.85,,29.88,45.3,48.227512,Struggle
INT7054,3.46,2.72,53.71,45.45,52.7823,Struggle
INT7055,4.09,4.65,87.43,75.28,74.20167,Average
INT7056,,1.0,53.18,56.71,51.43875,Struggle
INT7057,6.23,4.48,59.29,56.36,58.74295,Struggle
INT7058,2.73,2.73,70.85,91.12,78.288284,Average
INT7059,,2.88,52.4,68.62,61.949013,Average
INT7060,6.56,1.0,70.32,32.93,37.584515,Struggle
INT7061,6.3,1.8,73.17,45.74,42.936047,Struggle
INT7062,3.74,3.49,85.66,78.41,73.409065,Average
INT7063,5.2,3.58,68.46,76.84,66.66698,Average
INT7064,6.02,2.73,77.39,43.43,56.855762,Struggle
INT7065,1.36,4.05,65.17,91.5,88.10561,Excel
INT7066,4.22,4.05,67.68,68.38,67.037704,Average
INT7067,1.28,2.98,1.27,81.71,85.00454,Excel
INT7068,3.71,4.63,74.52,82.68,82.102165,Excel
INT7069,2.04,2.99,86.15,86.26,88.45824,Excel
INT7070,1.81,3.4,78.03,88.23,87.37608,Excel
INT7071,2.81,1.42,0.0,67.94,67.62558,Average
INT7072,3.64,4.82,35.98,73.11,71.35544,Average
INT7073,5.1,1.46,74.55,68.02,51.63737,Struggle
INT7074,1.64,1.29,83.5,78.28,81.270134,Excel
INT7075,4.34,4.88,29.05,65.88,67.081566,Average
INT7076,1.87,1.0,69.3,65.35,67.439384,Average
INT7077,4.83,1.0,81.24,48.98,51.790226,Struggle
INT7078,4.7,1.5,51.44,54.1,47.29155,Struggle
INT7079,4.69,5.0,43.24,77.04,80.63981,Excel
INT7080,5.4,2.66,79.94,76.51,64.51702,Average
INT7081,2.78,4.43,98.37,76.05,80.26351,Excel
INT7082,5.35,2.57,93.85,68.1,66.77731,Average
INT7083,3.67,1.0,64.04,53.45,58.221813,Struggle
INT7084,3.49,5.0,37.06,86.73,86.74285,Excel
INT7085,5.32,3.07,30.94,60.19,59.549114,Struggle
INT7086,1.0,2.12,5.66,86.65,87.16871,Excel
INT7087,4.76,3.18,88.74,75.54,70.20392,Average
INT7088,4.44,3.63,56.17,44.1,63.925045,Average
INT7089,2.36,2.92,24.87,66.22,67.68498,Average
INT7090,1.7,4.64,97.2,100.0,98.26493,Excel
INT7091,,1.0,91.19,64.21,63.411465,Average
INT7092,6.85,4.53,89.09,66.89,65.31987,Average
INT7093,4.68,2.85,93.23,84.35,72.03388,Average
INT7094,2.19,3.8,87.48,73.89,82.98628,Excel
INT7095,2.97,2.45,56.03,81.55,71.33369,Average
INT7096,4.96,5.0,75.83,83.89,81.36492,Excel
INT7097,5.62,3.79,36.47,68.0,65.29471,Average
INT7098,1.5,2.73,1.42,65.28,69.73267,Average
INT7099,,2.14,91.7,76.91,70.7705,Average
INT7100,,1.0,73.21,40.84,53.863728,Struggle
INT7101,1.0,5.0,7.05,87.11,94.816345,Excel
INT7102,2.31,5.0,63.75,82.25,86.3731,Excel
INT7103,6.28,1.53,61.43,58.97,55.05715,Struggle
INT7104,4.68,2.21,94.37,68.25,64.89867,Average
INT7105,2.67,2.11,82.37,55.47,63.848396,Average
INT7106,1.63,3.01,78.02,86.56,80.820854,Excel
INT7107,1.66,1.91,0.0,94.01,87.487434,Excel
INT7108,2.23,,82.51,91.92,79.68223,Average
INT7109,6.11,3.72,87.74,73.22,68.2867,Average
INT7110,3.34,4.0,77.72,81.08,86.74683,Excel
INT7111,5.55,5.0,0.0,80.88,74.41183,Average
INT7112,6.94,5.0,98.84,62.99,64.13385,Average
INT7113,3.92,3.51,99.77,72.39,80.92064,Excel
INT7114,2.6,4.41,83.47,100.0,87.56506,Excel
INT7115,4.48,3.4,72.64,76.8,71.378746,Average
INT7116,6.94,2.39,70.22,46.05,53.984264,Struggle
INT7117,5.71,2.93,92.98,50.61,56.872192,Struggle
INT7118,1.84,1.16,95.46,74.47,75.961494,Average
INT7119,5.42,3.97,74.22,65.44,67.30219,Average
INT7120,4.1,1.9,91.54,59.55,65.113,Average
INT7121,5.99,1.0,70.33,44.05,45.366802,Struggle
INT7122,1.44,2.11,57.95,76.94,76.27215,Average
INT7123,4.48,1.48,66.7,54.62,57.960167,Struggle
INT7124,6.41,4.0,58.92,72.52,66.1722,Average
INT7125,3.18,1.0,61.64,64.53,58.845474,Struggle
INT7126,4.13,3.1,73.91,69.31,69.68881,Average
INT7127,1.06,2.39,78.27,70.75,71.88881,Average
INT7128,2.99,2.1,80.19,70.95,67.51958,Average
INT7129,3.24,3.44,96.79,79.74,83.31216,Excel
INT7130,7.0,4.0,83.07,73.51,72.65786,Average
INT7131,2.35,3.88,89.31,87.09,85.64361,Excel
INT7132,,2.69,79.09,59.07,62.87612,Average
INT7133,4.87,2.46,91.68,73.27,71.54524,Average
INT7134,1.89,1.0,4.92,60.44,60.052784,Average
INT7135,,4.0,39.38,78.58,86.33662,Excel
INT7136,5.56,3.81,96.32,88.52,81.94961,Excel
INT7137,6.69,3.05,84.67,62.26,62.51148,Average
INT7138,4.86,3.6,83.58,74.98,72.48212,Average
INT7139,5.44,,,74.61,68.98712,Average
INT7140,1.52,2.88,68.83,88.2,77.829346,Average
INT7141,6.57,2.8,77.78,59.44,52.83822,Struggle
INT7142,1.8,5.0,56.03,92.25,89.22823,Excel
INT7143,5.47,1.39,72.74,62.17,52.249268,Struggle
INT7144,3.07,3.35,72.77,83.35,75.24429,Average
INT7145,6.83,5.0,76.92,69.27,67.90733,Average
INT7146,,1.68,81.73,74.15,62.589943,Average
INT7147,5.77,5.0,97.87,74.59,79.501366,Average
INT7148,2.28,1.0,82.61,72.3,67.608505,Average
INT7149,3.18,4.09,94.19,73.61,81.531815,Excel
INT7150,4.75,1.0,77.82,51.54,50.412148,Struggle
INT7151,5.75,2.82,81.35,60.04,57.564148,Struggle
INT7152,2.1,4.42,32.65,69.91,75.972336,Average
INT7153,6.31,5.0,56.66,70.78,66.84564,Average
INT7154,6.35,1.44,42.12,62.2,56.442596,Struggle
INT7155,2.22,4.95,,83.35,78.65137,Average
INT7156,5.59,3.94,0.0,57.04,55.960438,Struggle
INT7157,4.22,3.33,48.37,83.23,79.59345,Average
INT7158,3.5,1.46,,74.21,64.59975,Average
INT7159,3.14,3.59,98.62,83.93,84.90164,Excel
INT7160,4.5,1.98,57.38,47.51,51.290413,Struggle
INT7161,5.1,4.79,69.74,58.24,66.56103,Average
INT7162,3.46,4.34,83.25,77.29,77.83781,Average
INT7163,4.28,3.16,30.74,67.32,60.59294,Average
INT7164,5.56,5.0,63.35,73.12,72.297775,Average
INT7165,4.78,4.0,90.69,76.93,81.954346,Excel
INT7166,1.0,3.88,99.02,100.0,99.98417,Excel
INT7167,6.27,4.47,88.69,72.47,69.54797,Average
INT7168,4.22,4.69,76.18,86.49,80.479034,Excel
INT7169,2.93,4.0,,91.7,85.3742,Excel
INT7170,2.2,2.88,76.98,62.66,71.22144,Average
INT7171,3.6,2.51,9.67,61.27,64.97808,Average
INT7172,6.45,1.75,75.14,47.68,51.010853,Struggle
INT7173,3.59,1.0,9.8,46.91,55.09404,Struggle
INT7174,5.36,2.55,95.19,56.21,62.549854,Average
INT7175,1.51,1.0,87.73,67.25,68.56187,Average
INT7176,3.48,3.68,84.05,77.23,79.7137,Average
INT7177,6.6,2.5,97.5,58.33,63.23811,Average
INT7178,5.69,3.05,64.22,49.74,54.431416,Struggle
INT7179,,3.85,54.06,84.03,75.807846,Average
INT7180,3.71,4.13,91.31,84.94,81.67143,Excel
INT7181,2.13,5.0,99.92,97.49,97.13651,Excel
INT7182,3.4,3.37,78.92,77.82,75.57041,Average
INT7183,5.23,2.65,52.94,55.57,51.47657,Struggle
INT7184,5.63,3.02,89.02,50.9,57.608242,Struggle
INT7185,2.8,1.69,29.55,55.56,63.36367,Average
INT7186,6.05,3.45,40.81,42.11,53.98514,Struggle
INT7187,4.69,2.44,63.88,60.42,63.74641,Average
INT7188,3.62,4.77,95.75,95.26,90.5951,Excel
INT7189,3.82,1.0,72.57,44.11,55.620594,Struggle
INT7190,4.26,1.59,72.62,59.71,64.42064,Average
INT7191,3.9,1.8,64.95,45.65,51.750187,Struggle
INT7192,4.06,1.87,69.37,71.62,61.963993,Average
INT7193,,3.21,97.36,67.24,67.79896,Average
INT7194,1.79,3.63,22.58,69.58,78.09726,Average
INT7195,6.21,3.19,78.93,43.65,57.18954,Struggle
INT7196,4.49,2.42,69.43,56.86,67.63074,Average
INT7197,1.57,1.0,88.71,65.37,64.94315,Average
INT7198,5.85,4.73,0.0,58.22,58.88498,Struggle
INT7199,6.33,1.0,41.0,36.65,43.82793,Struggle
INT7200,6.86,3.96,84.95,69.55,67.85518,Average
INT7201,2.83,3.07,70.35,69.39,71.17232,Average
INT7202,2.0,4.7,52.93,76.53,83.73439,Excel
INT7203,3.85,1.67,0.0,70.53,65.660355,Average
INT7204,1.75,1.53,75.16,72.76,74.59676,Average
INT7205,6.27,1.0,50.57,29.57,36.434013,Struggle
INT7206,2.33,3.9,80.63,83.47,84.01663,Excel
INT7207,2.08,2.06,95.99,83.87,80.25045,Excel
INT7208,,1.0,55.55,65.73,50.99456,Struggle
INT7209,2.98,5.0,41.11,83.78,84.8477,Excel
INT7210,5.31,3.33,86.43,71.44,69.9558,Average
INT7211,3.99,3.8,53.54,76.94,72.73961,Average
INT7212,,1.0,51.13,60.13,57.927864,Struggle
INT7213,2.88,5.0,73.21,76.23,83.34222,Excel
INT7214,,1.8,89.56,57.86,57.651817,Struggle
INT7215,1.39,3.58,58.04,79.91,82.06318,Excel
INT7216,4.29,,91.83,66.34,68.58261,Average
INT7217,4.45,,82.83,49.86,62.323463,Average
INT7218,5.77,5.0,40.91,73.42,71.65262,Average
INT7219,6.79,2.46,,55.45,56.941177,Struggle
INT7220,6.34,3.22,98.28,56.7,59.548985,Struggle
INT7221,6.33,1.0,40.8,28.48,43.82793,Struggle
INT7222,2.12,4.75,74.98,76.17,84.63287,Excel
INT7223,,5.0,81.22,99.0,83.642914,Excel
INT7224,3.02,1.39,31.87,75.69,67.473175,Average
INT7225,5.9,5.0,52.18,64.36,66.23242,Average
INT7226,7.0,1.35,14.3,35.48,37.84818,Struggle
INT7227,6.6,2.27,66.23,55.67,56.755928,Struggle
INT7228,2.05,3.99,1.77,88.15,86.60793,Excel
INT7229,7.0,3.9,90.19,59.78,59.611126,Struggle
INT7230,3.06,2.96,74.11,64.48,71.98465,Average
INT7231,1.54,4.13,4.35,80.55,81.67554,Excel
INT7232,3.52,1.45,5.57,72.83,62.471294,Average
INT7233,1.65,3.71,4.88,81.21,85.04034,Excel
INT7234,3.95,3.84,56.7,75.8,73.06828,Average
INT7235,2.98,4.88,66.15,83.5,80.811584,Excel
INT7236,3.38,3.45,40.25,72.02,74.78115,Average
INT7237,4.22,1.0,96.99,55.96,59.224033,Struggle
INT7238,6.65,3.42,69.79,53.88,56.215157,Struggle
INT7239,5.28,4.9,42.16,78.49,73.79178,Average
INT7240,3.63,4.61,62.28,81.57,73.48913,Average
INT7241,5.95,1.8,7.92,37.76,41.4991,Struggle
INT7242,6.68,2.94,,58.99,58.16867,Struggle
INT7243,1.56,1.25,54.09,69.65,67.384384,Average
INT7244,4.45,2.7,98.21,64.97,71.553535,Average
INT7245,2.7,,56.54,67.08,68.24459,Average
INT7246,1.42,1.42,9.27,84.92,83.54738,Excel
INT7247,5.47,1.0,99.97,51.78,51.568073,Struggle
INT7248,6.15,4.92,56.92,63.31,62.782345,Average
INT7249,1.9,2.28,71.2,93.45,80.38204,Excel
INT7250,6.28,5.0,89.02,83.62,75.75933,Average
INT7251,6.52,1.8,51.61,37.49,32.04588,Struggle
INT7252,6.98,3.18,84.49,65.97,65.689095,Average
INT7253,2.64,3.51,,66.28,75.56437,Average
INT7254,,2.14,61.83,48.35,52.948383,Struggle
INT7255,2.66,3.06,58.0,73.81,75.87733,Average
INT7256,3.84,3.13,66.3,87.55,72.18052,Average
INT7257,1.53,1.89,0.0,52.78,60.86516,Average
INT7258,1.0,5.0,0.0,93.94,95.59277,Excel
INT7259,5.43,3.24,79.38,74.3,65.71337,Average
INT7260,4.09,3.8,67.31,76.75,72.69351,Average
INT7261,2.99,3.84,41.07,83.39,79.020035,Average
INT7262,1.64,4.16,35.08,70.06,80.52461,Excel
INT7263,4.84,5.0,87.41,74.41,80.43317,Excel
INT7264,1.34,4.15,4.88,79.15,79.03791,Average
INT7265,5.88,5.0,68.21,69.17,68.4544,Average
INT7266,1.79,1.51,58.58,59.79,65.16512,Average
INT7267,2.5,1.17,0.38,71.46,70.24954,Average
INT7268,,1.21,88.93,73.35,64.752785,Average
INT7269,3.77,1.0,65.62,54.81,54.7697,Struggle
INT7270,3.09,4.3,51.29,62.02,65.80462,Average
INT7271,3.07,1.97,60.72,63.75,65.91561,Average
INT7272,6.65,4.0,84.12,66.91,71.528076,Average
INT7273,5.12,4.69,99.45,75.12,77.82151,Average
INT7274,1.54,3.25,5.78,72.46,78.208954,Average
INT7275,3.36,1.0,65.31,55.07,57.809116,Struggle
INT7276,6.71,2.43,53.1,44.46,51.857994,Struggle
INT7277,2.93,,65.82,75.66,73.78661,Average
INT7278,1.95,5.0,70.3,83.3,86.98571,Excel
INT7279,5.15,1.0,96.04,51.66,57.18014,Struggle
INT7280,4.39,2.69,54.03,47.88,47.99717,Struggle
INT7281,4.24,4.12,88.86,67.64,73.67625,Average
INT7282,1.12,2.24,69.78,78.25,71.907135,Average
INT7283,1.51,1.0,90.56,77.23,69.68617,Average
INT7284,5.11,3.97,75.67,75.08,71.58969,Average
INT7285,2.17,2.1,51.96,64.05,70.849144,Average
INT7286,4.48,2.81,97.31,78.87,74.42147,Average
INT7287,4.35,5.0,54.14,68.8,75.81772,Average
INT7288,2.34,1.8,79.88,66.43,63.45189,Average
INT7289,6.74,2.87,93.88,71.98,64.76736,Average
INT7290,6.54,3.99,53.99,48.7,54.26704,Struggle
INT7291,5.4,3.59,77.69,58.33,59.93541,Struggle
INT7292,1.0,5.0,91.21,92.54,96.34211,Excel
INT7293,2.07,1.0,99.32,73.07,71.88871,Average
INT7294,3.69,5.0,47.07,87.67,82.70141,Excel
INT7295,2.15,4.04,63.92,80.63,80.51012,Excel
INT7296,6.89,1.44,53.89,61.87,52.150196,Struggle
INT7297,1.78,4.0,85.29,97.48,97.31939,Excel
INT7298,3.7,5.0,85.0,79.64,85.572205,Excel
INT7299,3.61,5.0,63.44,82.66,80.60147,Excel
INT7300,5.25,3.81,54.37,66.75,69.57502,Average
INT7301,1.78,1.0,55.42,71.59,56.841072,Struggle
INT7302,3.34,2.99,82.03,71.87,73.450294,Average
INT7303,2.25,2.05,97.69,64.37,70.3772,Average
INT7304,5.99,2.96,73.29,38.18,50.601295,Struggle
INT7305,1.26,3.32,6.89,100.0,91.234505,Excel
INT7306,6.29,1.8,96.9,40.54,44.775528,Struggle
INT7307,5.54,1.8,95.15,49.3,51.23247,Struggle
INT7308,2.75,3.98,95.49,90.24,88.81995,Excel
INT7309,5.99,2.6,94.92,47.14,55.02321,Struggle
INT7310,1.58,1.93,1.07,79.71,77.30474,Average
INT7311,6.89,4.94,4.34,63.91,65.05375,Average
INT7312,4.38,3.18,,64.69,65.89482,Average
INT7313,2.68,3.91,24.97,77.13,78.00517,Average
INT7314,3.18,1.02,,69.15,63.142414,Average
INT7315,1.63,2.84,51.18,73.72,71.81064,Average
INT7316,7.0,3.7,55.84,52.99,58.496155,Struggle
INT7317,1.16,2.79,8.21,89.97,81.70238,Excel
INT7318,4.97,2.43,83.19,65.93,64.7687,Average
INT7319,4.08,5.0,65.6,79.06,80.305626,Excel
INT7320,6.82,2.41,89.67,57.14,56.33642,Struggle
INT7321,2.62,1.54,51.32,73.03,67.08851,Average
INT7322,,1.0,57.11,44.19,53.102802,Struggle
INT7323,3.51,4.25,94.23,76.25,81.40747,Excel
INT7324,5.24,1.0,66.93,43.84,47.146095,Struggle
INT7325,1.87,3.82,84.94,85.86,88.567665,Excel
INT7326,2.02,5.0,64.53,89.1,88.56477,Excel
INT7327,2.08,1.2,75.0,80.14,75.705055,Average
INT7328,5.53,1.08,90.81,56.69,57.64237,Struggle
INT7329,,3.14,57.84,79.2,65.96728,Average
INT7330,4.5,2.88,98.86,65.37,63.898098,Average
INT7331,,4.73,,80.81,76.69564,Average
INT7332,6.25,3.24,76.7,59.68,59.74596,Struggle
INT7333,6.75,,95.8,49.65,55.036293,Struggle
INT7334,4.03,5.0,97.28,90.34,88.844246,Excel
INT7335,2.99,1.8,61.61,56.53,57.68672,Struggle
INT7336,2.15,,19.26,88.44,80.71208,Excel
INT7337,1.13,1.0,4.36,60.83,66.849144,Average
INT7338,2.61,1.05,12.95,55.25,59.13261,Struggle
INT7339,4.68,2.6,74.26,53.32,55.869694,Struggle
INT7340,4.48,1.8,,49.26,49.133457,Struggle
INT7341,6.87,3.73,78.01,59.43,63.451668,Average
INT7342,3.15,1.77,59.4,78.59,74.70277,Average
INT7343,4.76,4.97,74.35,70.31,69.16578,Average
INT7344,3.44,1.03,96.06,65.97,69.149315,Average
INT7345,4.18,1.0,48.74,70.93,62.630558,Average
INT7346,2.32,3.44,86.07,85.17,84.6569,Excel
INT7347,3.24,1.76,66.81,66.98,67.852516,Average
INT7348,3.68,2.79,59.42,76.39,64.423416,Average
INT7349,5.7,3.34,62.78,66.64,59.73656,Struggle
INT7350,6.83,1.8,76.66,39.98,42.077457,Struggle
INT7351,3.34,,5.7,79.14,74.69042,Average
INT7352,1.0,5.0,0.72,90.5,94.88834,Excel
INT7353,3.55,2.62,60.99,80.34,69.34379,Average
INT7354,3.78,3.22,58.65,59.4,61.761356,Average
INT7355,2.47,1.07,58.23,66.58,63.74971,Average
INT7356,5.36,4.17,87.52,60.13,66.16399,Average
INT7357,6.87,2.92,83.63,46.51,50.801834,Struggle
INT7358,6.56,1.8,50.6,34.04,31.037477,Struggle
INT7359,2.41,4.0,52.94,77.22,80.9119,Excel
INT7360,6.06,5.0,82.31,66.59,71.57862,Average
INT7361,5.27,2.26,41.96,59.98,59.074554,Struggle
INT7362,4.22,1.8,57.31,50.89,49.130245,Struggle
INT7363,4.18,5.0,52.22,79.6,77.701996,Average
INT7364,6.15,3.36,57.97,35.01,53.053795,Struggle
INT7365,3.88,3.98,97.88,91.04,90.34771,Excel
INT7366,3.54,4.0,86.38,88.43,86.18766,Excel
INT7367,3.73,3.71,76.39,81.61,77.4258,Average
INT7368,4.14,3.97,97.08,91.02,86.923195,Excel
INT7369,2.38,2.6,51.69,80.66,68.84902,Average
INT7370,6.33,,86.28,49.28,56.21954,Struggle
INT7371,5.46,2.62,64.13,51.15,62.31519,Average
INT7372,,2.1,79.45,57.22,61.956383,Average
INT7373,1.66,1.0,18.36,56.36,62.57273,Average
INT7374,4.2,1.73,70.22,75.01,65.72911,Average
INT7375,1.96,1.87,51.66,59.96,69.46708,Average
INT7376,1.66,2.26,60.83,91.7,76.97221,Average
INT7377,4.3,4.04,53.74,52.67,62.208054,Average
INT7378,3.19,2.72,34.02,67.18,74.14096,Average
INT7379,4.98,4.0,,86.41,76.02435,Average
INT7380,1.36,1.0,68.9,67.13,67.28724,Average
INT7381,3.24,3.69,91.58,78.47,79.91237,Average
INT7382,2.54,,82.82,87.83,78.16482,Average
INT7383,7.0,3.48,9.61,41.3,46.115177,Struggle
INT7384,4.28,1.0,61.84,63.02,47.03814,Struggle
INT7385,,2.2,96.11,63.61,70.543655,Average
INT7386,2.54,3.89,52.71,77.8,81.00535,Excel
INT7387,1.16,1.49,,85.32,76.60054,Average
INT7388,7.0,1.9,81.06,58.49,59.356216,Struggle
INT7389,2.4,4.92,50.17,83.13,78.210655,Average
INT7390,3.96,3.54,62.02,52.47,66.567566,Average
INT7391,5.24,3.81,71.53,72.6,69.03895,Average
INT7392,1.0,5.0,7.86,100.0,95.01776,Excel
INT7393,6.25,2.51,91.84,73.47,63.11983,Average
INT7394,3.76,3.93,97.07,82.08,85.007256,Excel
INT7395,2.72,2.43,0.0,70.82,70.58408,Average
INT7396,1.81,5.0,69.36,98.33,93.87754,Excel
INT7397,2.33,2.32,50.94,64.72,64.36853,Average
INT7398,6.23,4.35,97.15,72.1,71.03599,Average
INT7399,4.8,,66.47,41.64,66.15392,Average
INT7400,2.21,5.0,70.21,93.92,88.97162,Excel
INT7401,1.4,1.82,95.39,93.29,87.485756,Excel
INT7402,5.24,4.81,76.33,68.01,67.71612,Average
INT7403,3.96,2.06,78.31,46.08,62.06215,Average
INT7404,3.34,2.05,58.81,77.27,64.59565,Average
INT7405,3.51,3.9,74.93,77.86,77.17157,Average
INT7406,,3.49,95.91,90.1,75.44454,Average
INT7407,4.69,1.97,77.94,59.55,61.52408,Average
INT7408,7.0,4.56,1.5,52.28,61.537285,Average
INT7409,1.82,,51.56,53.07,62.207996,Average
INT7410,4.88,3.69,66.82,57.43,63.574505,Average
INT7411,3.24,1.8,78.63,60.29,63.9519,Average
INT7412,3.6,1.0,52.13,55.17,54.300793,Struggle
INT7413,2.51,1.0,80.49,67.76,66.03792,Average
INT7414,5.95,1.0,76.17,52.2,47.046535,Struggle
INT7415,3.93,1.11,89.17,54.41,63.60363,Average
INT7416,3.98,3.68,51.44,72.42,65.85846,Average
INT7417,2.85,2.92,89.04,82.87,74.78,Average
INT7418,2.07,1.59,76.04,76.2,80.159134,Excel
INT7419,1.23,2.94,68.53,79.47,79.90565,Average
INT7420,5.77,3.31,98.27,71.83,70.96952,Average
INT7421,2.55,4.49,58.01,87.88,81.417076,Excel
INT7422,5.53,,22.51,53.54,55.621147,Struggle
INT7423,3.53,1.98,36.88,56.76,55.527924,Struggle
INT7424,3.15,5.0,76.37,92.53,83.85923,Excel
INT7425,3.89,1.0,77.61,59.16,55.95255,Struggle
INT7426,3.53,1.0,54.47,50.4,51.098705,Struggle
INT7427,1.14,1.0,83.06,67.82,68.411575,Average
INT7428,2.86,1.8,53.69,53.58,53.167923,Struggle
INT7429,4.88,4.76,88.47,81.27,71.15013,Average
INT7430,4.7,1.92,54.53,48.2,46.779793,Struggle
INT7431,2.6,2.69,64.86,85.2,71.93909,Average
INT7432,4.24,4.0,82.51,92.07,85.52413,Excel
INT7433,2.38,2.4,56.84,73.06,67.11548,Average
INT7434,2.06,1.8,83.88,56.04,66.296455,Average
INT7435,1.25,2.13,3.77,58.54,84.60697,Excel
INT7436,6.13,1.93,66.75,53.07,53.516796,Struggle
INT7437,2.37,1.0,70.37,77.13,64.17935,Average
INT7438,2.77,,88.71,83.54,80.31665,Excel
INT7439,2.74,3.56,82.24,74.77,79.04848,Average
INT7440,1.99,5.0,93.52,100.0,95.79772,Excel
INT7441,4.79,3.94,85.46,64.16,69.50781,Average
INT7442,1.47,2.77,75.97,85.21,76.35339,Average
INT7443,2.01,2.59,98.99,97.96,95.34913,Excel
INT7444,5.18,1.0,84.74,53.9,53.17902,Struggle
INT7445,3.2,1.0,55.1,63.31,54.996414,Struggle
INT7446,5.73,1.8,,43.48,40.89005,Struggle
INT7447,4.66,1.36,66.92,60.42,58.14856,Struggle
INT7448,2.82,2.05,64.79,70.49,69.9709,Average
INT7449,5.25,3.88,12.8,49.12,53.62235,Struggle
INT7450,1.48,3.49,59.84,67.1,76.20179,Average
INT7451,4.15,3.93,,82.29,75.56149,Average
INT7452,3.68,1.0,29.13,54.94,54.652126,Struggle
INT7453,2.57,2.16,64.88,83.96,71.33509,Average
INT7454,4.97,1.2,61.24,54.52,52.44576,Struggle
INT7455,5.76,3.07,58.45,46.67,52.877663,Struggle
INT7456,6.7,3.91,62.74,61.43,59.33484,Struggle
INT7457,5.03,5.0,75.21,80.67,78.15957,Average
INT7458,2.99,3.36,,64.58,69.77717,Average
INT7459,2.08,1.0,68.11,60.73,64.673386,Average
INT7460,2.39,2.35,93.23,79.91,80.68995,Excel
INT7461,4.13,1.8,65.92,51.66,50.484455,Struggle
INT7462,3.26,2.72,54.71,53.28,53.82043,Struggle
INT7463,6.93,3.27,65.14,60.5,52.951515,Struggle
INT7464,2.94,2.07,85.77,55.62,62.038372,Average
INT7465,3.61,4.46,5.16,68.8,71.80746,Average
INT7466,3.08,4.24,59.4,72.11,69.78819,Average
INT7467,5.77,,55.59,43.9,54.96336,Struggle
INT7468,4.9,,83.04,45.0,59.716812,Struggle
INT7469,4.26,3.94,83.82,89.17,81.264565,Excel
INT7470,2.88,3.27,68.31,63.15,71.92652,Average
INT7471,5.77,3.91,92.14,78.51,69.615204,Average
INT7472,1.0,2.1,1.0,86.08,73.04628,Average
INT7473,6.58,1.0,60.28,54.14,45.127243,Struggle
INT7474,3.97,1.55,52.25,68.63,62.675045,Average
INT7475,3.87,3.97,24.58,57.14,65.51033,Average
INT7476,4.38,2.69,51.21,52.39,63.203415,Average
INT7477,4.69,4.04,36.28,58.97,65.85445,Average
INT7478,1.09,5.0,6.34,93.03,95.26407,Excel
INT7479,6.33,2.76,87.61,66.8,57.385098,Struggle
INT7480,4.0,2.38,64.67,60.71,62.618034,Average
INT7481,3.45,3.16,55.56,71.54,67.77842,Average
INT7482,1.95,3.57,52.05,89.67,79.4011,Average
INT7483,3.18,2.8,37.27,76.49,78.22657,Average
INT7484,3.96,1.0,81.3,57.85,57.463467,Struggle
INT7485,3.8,2.47,89.67,91.25,75.13646,Average
INT7486,,3.01,77.3,54.74,67.32298,Average
INT7487,3.9,1.82,79.04,65.61,59.148415,Struggle
INT7488,6.94,2.1,0.0,62.0,42.996815,Struggle
INT7489,4.14,4.0,,74.24,81.40402,Excel
INT7490,6.31,3.73,57.59,82.19,70.26063,Average
INT7491,2.08,5.0,3.27,99.93,96.154205,Excel
INT7492,,1.83,73.69,58.32,60.10515,Average
INT7493,2.63,3.69,61.78,90.0,80.57581,Excel
INT7494,4.46,1.0,63.2,45.18,53.580357,Struggle
INT7495,6.43,1.06,56.4,37.23,38.43269,Struggle
INT7496,1.35,,90.97,86.13,85.98299,Excel
INT7497,1.08,1.92,,75.95,74.22036,Average
INT7498,,1.42,67.39,57.61,60.15099,Average
INT7499,2.12,1.92,99.07,82.12,83.9254,Excel
INT7500,4.86,4.0,5.33,89.0,82.63743,Excel
INT7501,4.4,2.76,0.07,62.91,61.09307,Average
INT7502,6.39,1.0,57.11,42.88,38.885784,Struggle
INT7503,1.81,5.0,94.56,99.44,94.825264,Excel
INT7504,1.97,1.0,66.44,59.53,65.32053,Average
INT7505,4.5,3.24,50.63,60.37,55.539898,Struggle
INT7506,6.73,2.73,,57.38,57.271114,Struggle
INT7507,3.3,3.82,75.46,72.96,78.030975,Average
INT7508,2.84,3.58,55.41,73.05,76.34959,Average
INT7509,4.46,3.29,76.88,47.28,59.429947,Struggle
INT7510,7.0,4.0,90.97,71.93,73.52953,Average
INT7511,6.35,2.36,68.88,42.55,54.369366,Struggle
INT7512,7.0,1.6,44.49,49.58,50.604286,Struggle
INT7513,1.55,2.1,8.8,67.0,78.58302,Average
INT7514,2.07,,96.15,89.71,85.62205,Excel
INT7515,5.09,5.0,52.44,63.52,71.56722,Average
INT7516,5.64,3.76,72.25,72.67,68.484314,Average
INT7517,2.93,1.96,27.25,76.32,67.30805,Average
INT7518,2.55,2.96,94.69,84.08,82.856995,Excel
INT7519,5.95,5.0,54.8,70.24,67.62546,Average
INT7520,1.1,1.91,70.57,80.35,76.25711,Average
INT7521,3.41,4.04,70.34,69.77,72.56665,Average
INT7522,3.94,4.98,94.42,75.21,76.06088,Average
INT7523,4.69,3.44,60.77,55.75,66.16447,Average
INT7524,5.67,4.15,82.24,79.3,65.76817,Average
INT7525,2.84,1.54,56.72,50.48,62.42356,Average
INT7526,,3.02,97.7,74.19,73.41697,Average
INT7527,4.73,3.69,45.82,70.76,70.36559,Average
INT7528,4.34,2.62,57.88,84.64,72.004585,Average
INT7529,4.9,3.54,71.69,73.35,62.96448,Average
INT7530,2.81,1.03,67.11,69.39,64.68021,Average
INT7531,1.86,1.57,60.63,77.47,74.72344,Average
INT7532,1.46,4.18,80.2,74.73,82.5685,Excel
INT7533,2.41,2.67,97.73,79.71,79.5351,Average
INT7534,4.33,5.0,67.99,84.96,77.94488,Average
INT7535,6.41,5.0,94.16,77.5,72.61374,Average
INT7536,5.0,3.58,57.44,67.85,66.08124,Average
INT7537,5.33,1.0,76.49,51.93,49.158726,Struggle
INT7538,2.84,3.4,67.52,85.58,75.732864,Average
INT7539,3.88,2.79,68.99,84.4,69.58968,Average
INT7540,3.32,1.44,73.14,65.57,66.336624,Average
INT7541,2.07,4.67,,83.48,83.80784,Excel
INT7542,1.0,3.92,51.71,93.62,90.39466,Excel
INT7543,4.1,3.05,,67.2,65.50853,Average
INT7544,7.0,,76.16,69.31,59.143368,Struggle
INT7545,2.09,1.82,51.5,63.89,64.02273,Average
INT7546,1.36,3.66,8.88,91.58,86.60776,Excel
INT7547,5.29,,67.3,66.49,65.081116,Average
INT7548,2.37,2.78,,73.37,71.91811,Average
INT7549,6.29,3.43,4.09,77.51,66.26424,Average
INT7550,4.89,3.98,85.49,68.63,72.056656,Average
INT7551,7.0,2.45,85.85,54.76,52.721138,Struggle
INT7552,3.07,2.23,,52.57,65.33443,Average
INT7553,4.64,1.57,88.51,64.5,61.499195,Average
INT7554,3.77,3.74,50.98,73.38,69.773796,Average
INT7555,5.23,5.0,47.53,79.41,76.45389,Average
INT7556,3.53,3.61,27.59,52.26,66.02032,Average
INT7557,2.29,2.22,86.48,72.45,70.79891,Average
INT7558,4.14,1.0,76.36,49.56,54.72754,Struggle
INT7559,3.82,5.0,71.86,72.43,78.17563,Average
INT7560,5.61,,84.53,80.62,76.2097,Average
INT7561,,2.56,51.82,55.88,66.13386,Average
INT7562,4.66,3.27,61.17,61.2,59.91539,Struggle
INT7563,1.88,1.21,80.82,84.34,78.56717,Average
INT7564,5.78,1.15,67.71,50.4,52.348244,Struggle
INT7565,3.62,1.92,69.06,78.61,67.320526,Average
INT7566,6.26,3.21,62.94,59.09,52.882053,Struggle
INT7567,6.24,2.65,75.94,66.34,46.73669,Struggle
INT7568,1.05,2.6,81.12,99.66,76.00582,Average
INT7569,5.54,4.94,46.85,70.09,70.33293,Average
INT7570,1.38,2.12,9.58,100.0,85.76096,Excel
INT7571,3.45,,76.17,92.35,74.76579,Average
INT7572,4.43,5.0,51.79,81.07,75.6472,Average
INT7573,2.31,3.13,61.15,77.2,71.752655,Average
INT7574,5.13,2.24,45.13,41.49,59.38451,Struggle
INT7575,1.0,1.84,8.68,87.39,82.42012,Excel
INT7576,1.85,3.95,5.55,87.51,85.12997,Excel
INT7577,,2.71,98.81,56.72,64.938545,Average
INT7578,4.93,1.0,65.93,37.04,43.4361,Struggle
INT7579,6.49,1.0,53.91,36.33,40.985165,Struggle
INT7580,5.56,3.72,50.95,62.58,61.653183,Average
INT7581,5.48,2.8,0.0,71.51,67.25658,Average
INT7582,3.0,2.28,67.66,73.71,69.03471,Average
INT7583,1.33,1.22,0.02,59.93,67.67407,Average
INT7584,2.04,2.93,96.66,96.56,92.61279,Excel
INT7585,4.1,2.08,65.79,52.27,59.575584,Struggle
INT7586,4.66,3.66,84.61,54.83,70.08138,Average
INT7587,3.99,4.41,53.32,80.75,71.029816,Average
INT7588,5.54,1.24,87.05,69.27,62.34046,Average
INT7589,4.61,2.25,0.0,71.53,71.45312,Average
INT7590,1.43,5.0,93.21,89.79,95.33963,Excel
INT7591,2.05,1.88,99.73,75.25,70.93489,Average
INT7592,5.79,,59.13,65.81,58.668667,Struggle
INT7593,5.83,1.0,65.24,45.31,45.953457,Struggle
INT7594,6.12,1.8,81.81,48.95,44.99137,Struggle
INT7595,1.23,3.13,86.65,97.5,93.70897,Excel
INT7596,6.95,4.63,76.73,59.58,63.081047,Average
INT7597,2.14,1.53,53.7,57.19,64.98745,Average
INT7598,1.0,3.06,0.0,69.18,73.98696,Average
INT7599,7.0,3.35,98.04,73.16,71.50052,Average
INT7600,2.55,5.0,42.04,85.57,91.41799,Excel
INT7601,4.91,3.11,61.24,47.28,53.425613,Struggle
INT7602,1.58,2.63,50.97,79.99,69.67497,Average
INT7603,4.57,1.0,61.86,47.1,48.49293,Struggle
INT7604,6.04,1.03,85.0,63.6,59.730946,Struggle
INT7605,2.63,1.0,95.58,55.03,64.76555,Average
INT7606,5.24,2.37,54.68,55.32,49.97478,Struggle
INT7607,1.94,2.1,77.66,63.57,76.880806,Average
INT7608,4.41,3.7,84.78,62.01,71.07384,Average
INT7609,3.1,2.49,63.82,64.3,69.74017,Average
INT7610,1.98,4.38,57.63,78.84,82.415634,Excel
INT7611,2.65,1.8,85.76,58.31,62.86922,Average
INT7612,2.19,4.05,91.89,75.73,78.637665,Average
INT7613,6.65,4.83,72.62,69.09,67.83863,Average
INT7614,3.62,1.48,0.0,65.05,66.89279,Average
INT7615,2.45,1.86,65.09,80.51,69.97998,Average
INT7616,3.64,2.28,5.02,61.07,62.607952,Average
INT7617,3.21,2.49,59.37,66.2,70.48796,Average
INT7618,5.16,4.86,67.94,58.27,66.544334,Average
INT7619,,4.6,51.79,65.02,67.454605,Average
INT7620,3.79,3.04,64.15,52.58,64.77603,Average
INT7621,6.08,1.8,82.61,41.08,44.987743,Struggle
INT7622,4.61,4.23,82.4,73.86,68.399216,Average
INT7623,1.7,,53.68,86.96,83.103096,Excel
INT7624,4.96,5.0,64.37,81.54,74.86501,Average
INT7625,4.48,1.94,78.48,67.04,62.362213,Average
INT7626,4.82,1.87,65.93,63.85,55.597977,Struggle
INT7627,,1.58,70.9,55.6,61.76219,Average
INT7628,3.25,3.02,85.64,73.5,77.805435,Average
INT7629,6.09,4.34,0.0,50.29,58.985527,Struggle
INT7630,5.04,2.5,63.82,72.2,62.867313,Average
INT7631,3.85,5.0,57.12,69.82,77.301704,Average
INT7632,5.11,4.59,56.38,61.09,65.99255,Average
INT7633,3.32,1.0,97.95,81.95,62.75937,Average
INT7634,7.0,1.56,68.83,53.86,52.06225,Struggle
INT7635,5.36,2.62,76.35,57.71,55.623642,Struggle
INT7636,1.35,1.83,8.19,86.76,82.36146,Excel
INT7637,2.83,1.87,7.57,45.22,62.136528,Average
INT7638,4.41,1.0,40.68,46.26,51.83637,Struggle
INT7639,,1.0,91.61,82.49,64.29999,Average
INT7640,1.0,2.29,3.66,99.38,90.84343,Excel
INT7641,3.62,2.91,68.65,55.51,61.34684,Average
INT7642,3.33,2.89,39.56,73.18,70.179016,Average
INT7643,3.26,2.18,87.84,66.99,67.872734,Average
INT7644,2.21,1.0,26.56,58.61,60.70534,Average
INT7645,1.71,,17.78,88.23,79.258606,Average
INT7646,5.18,5.0,62.88,72.47,71.711266,Average
INT7647,3.84,1.0,69.37,46.06,55.412468,Struggle
INT7648,2.2,4.68,52.61,82.93,80.3668,Excel
INT7649,2.72,,73.93,66.7,69.12709,Average
INT7650,4.56,5.0,87.0,84.88,82.88664,Excel
INT7651,1.21,1.21,40.0,70.38,70.09038,Average
INT7652,2.36,1.8,53.59,57.01,56.75845,Struggle
INT7653,1.43,2.27,72.01,77.38,76.37247,Average
INT7654,6.11,3.34,48.12,74.94,53.505234,Struggle
INT7655,5.71,1.57,52.9,39.39,46.625904,Struggle
INT7656,5.51,5.0,52.99,66.33,69.30734,Average
INT7657,5.04,1.8,44.2,38.27,45.442863,Struggle
INT7658,5.03,3.68,37.51,77.56,66.42722,Average
INT7659,4.04,2.92,96.74,56.08,61.500668,Average
INT7660,4.81,5.0,79.07,78.31,81.03065,Excel
INT7661,1.0,2.76,6.02,82.46,79.03894,Average
INT7662,4.25,4.39,85.24,67.85,73.34801,Average
INT7663,,5.0,,77.48,79.20728,Average
INT7664,3.65,4.76,56.61,83.55,76.36492,Average
INT7665,3.56,4.4,61.86,78.72,73.37666,Average
INT7666,2.34,2.31,82.14,62.37,68.146935,Average
INT7667,4.75,2.02,1.85,52.7,51.365246,Struggle
INT7668,5.37,2.92,63.63,55.14,61.371483,Average
INT7669,6.55,3.86,60.42,54.24,57.552677,Struggle
INT7670,3.03,3.08,20.39,72.14,71.55507,Average
INT7671,5.3,1.0,60.19,45.32,52.221565,Struggle
INT7672,4.14,4.64,8.62,75.02,84.25661,Excel
INT7673,6.22,1.85,48.25,72.19,67.84273,Average
INT7674,4.03,1.8,,53.95,50.984913,Struggle
INT7675,3.96,3.08,95.82,77.49,75.11016,Average
INT7676,4.1,1.27,52.92,56.57,56.231926,Struggle
INT7677,5.91,2.73,58.37,66.92,57.43152,Struggle
INT7678,6.32,1.8,70.72,36.29,40.64625,Struggle
INT7679,1.38,2.51,68.62,84.12,77.805695,Average
INT7680,1.8,1.0,70.9,75.31,71.46431,Average
INT7681,6.79,2.83,60.32,54.54,51.382607,Struggle
INT7682,4.04,2.09,57.48,69.45,61.056843,Average
INT7683,4.34,2.82,3.63,76.7,77.176315,Average
INT7684,4.35,2.28,96.4,61.64,68.375694,Average
INT7685,1.07,4.96,69.6,76.87,85.46537,Excel
INT7686,5.79,5.0,52.17,68.8,65.54495,Average
INT7687,5.86,1.0,27.75,48.62,45.723186,Struggle
INT7688,2.4,4.0,64.56,84.95,88.20976,Excel
INT7689,3.07,3.61,62.25,79.59,75.76408,Average
INT7690,6.53,5.0,66.21,62.82,67.49168,Average
INT7691,1.57,1.93,86.19,78.37,80.92798,Excel
INT7692,6.2,1.0,90.94,55.79,44.90443,Struggle
INT7693,2.91,2.62,50.8,93.67,69.92162,Average
INT7694,4.61,3.24,27.52,60.65,59.74752,Struggle
INT7695,6.87,,65.52,37.19,50.914722,Struggle
INT7696,5.16,4.2,56.22,57.73,67.279724,Average
INT7697,3.03,1.8,96.67,64.54,66.91279,Average
INT7698,4.85,5.0,81.91,80.31,79.76276,Average
INT7699,2.64,2.57,51.35,67.18,68.50927,Average
INT7700,2.27,5.0,83.12,96.42,90.88685,Excel
INT7701,6.5,2.14,72.36,58.46,55.221325,Struggle
INT7702,5.42,3.05,98.63,51.81,63.072323,Average
INT7703,4.55,1.52,90.95,65.87,62.786484,Average
INT7704,3.49,3.1,23.56,80.83,69.1434,Average
INT7705,1.54,1.67,6.06,83.4,80.96084,Excel
INT7706,1.26,,3.65,100.0,89.43978,Excel
INT7707,,,59.35,72.06,66.67125,Average
INT7708,5.33,1.0,84.94,45.23,49.219627,Struggle
INT7709,4.19,5.0,77.37,82.26,80.7788,Excel
INT7710,6.18,1.8,27.84,35.21,33.316063,Struggle
INT7711,1.48,1.0,,72.76,64.92643,Average
INT7712,2.78,4.74,81.75,81.05,83.879585,Excel
INT7713,2.63,4.0,57.2,84.89,86.409065,Excel
INT7714,3.92,2.15,67.45,63.42,58.689384,Struggle
INT7715,1.49,,40.42,75.11,74.60599,Average
INT7716,6.43,2.21,56.94,39.54,44.467216,Struggle
INT7717,2.38,2.17,92.64,74.6,77.41594,Average
INT7718,6.53,2.11,51.37,37.96,42.35256,Struggle
INT7719,3.54,1.0,55.14,48.68,53.794212,Struggle
INT7720,6.87,5.0,55.81,51.43,59.736217,Struggle
INT7721,3.93,4.0,76.41,81.57,84.17717,Excel
INT7722,,1.23,81.01,47.95,60.865242,Average
INT7723,1.0,1.8,5.03,65.5,59.49966,Struggle
INT7724,5.23,2.35,64.43,74.85,63.857803,Average
INT7725,6.18,1.97,90.47,64.78,54.36743,Struggle
INT7726,1.59,4.0,53.41,92.94,90.46978,Excel
INT7727,1.29,2.46,37.04,65.27,77.32803,Average
INT7728,3.79,1.0,51.96,45.36,50.977577,Struggle
INT7729,6.92,4.77,16.65,48.63,52.949055,Struggle
INT7730,4.08,2.46,39.16,73.54,69.99406,Average
INT7731,3.97,3.72,59.74,62.76,66.06431,Average
INT7732,2.19,5.0,63.42,75.05,83.83868,Excel
INT7733,1.12,1.0,4.65,74.09,73.4877,Average
INT7734,5.65,,0.0,52.03,60.490356,Average
INT7735,1.74,1.63,89.01,93.38,88.0372,Excel
INT7736,4.64,1.73,83.75,67.59,63.498238,Average
INT7737,6.58,2.72,66.32,55.47,56.092514,Struggle
INT7738,2.74,2.6,41.7,73.09,79.021126,Average
INT7739,4.79,1.33,72.22,53.0,58.232494,Struggle
INT7740,1.9,3.01,56.42,71.64,71.01134,Average
INT7741,4.44,1.64,95.36,67.5,72.99765,Average
INT7742,2.02,1.0,78.48,63.34,68.810356,Average
INT7743,5.38,3.47,94.01,72.06,65.238174,Average
INT7744,3.09,4.18,91.19,94.33,83.47795,Excel
INT7745,3.34,2.22,53.99,54.36,58.11754,Struggle
INT7746,4.73,1.98,60.36,46.03,56.227787,Struggle
INT7747,2.29,5.0,57.26,91.08,85.99851,Excel
INT7748,5.42,1.85,64.33,58.75,58.674526,Struggle
INT7749,2.43,2.31,93.12,61.49,71.410515,Average
INT7750,4.71,4.08,76.4,59.81,72.075294,Average
INT7751,2.13,5.0,55.21,80.36,86.31181,Excel
INT7752,5.53,1.0,56.78,43.5,46.71748,Struggle
INT7753,1.69,4.9,90.68,85.48,89.07083,Excel
INT7754,3.61,3.46,96.46,73.29,80.935875,Excel
INT7755,2.21,1.0,59.97,51.81,58.000633,Struggle
INT7756,5.4,3.92,50.56,42.76,54.84707,Struggle
INT7757,2.41,3.7,66.55,80.76,79.4594,Average
INT7758,6.45,4.25,51.52,51.93,57.06081,Struggle
INT7759,6.83,1.0,91.4,44.88,43.429726,Struggle
INT7760,2.49,1.8,74.58,62.58,60.94393,Average
INT7761,4.37,4.36,82.09,68.23,70.07,Average
INT7762,1.61,5.0,70.57,87.83,90.14187,Excel
INT7763,2.92,4.0,46.32,65.92,77.93173,Average
INT7764,5.03,2.38,37.91,57.36,59.114525,Struggle
INT7765,4.63,1.48,88.53,55.22,59.940983,Struggle
INT7766,4.59,2.05,84.78,58.37,60.132713,Average
INT7767,,1.0,68.04,57.39,55.227753,Struggle
INT7768,3.27,5.0,31.82,74.83,81.49327,Excel
INT7769,2.05,3.4,50.06,71.22,73.12265,Average
INT7770,5.02,4.0,53.18,66.92,71.290764,Average
INT7771,3.88,3.63,81.16,72.6,73.14982,Average
INT7772,5.08,4.0,75.73,72.21,74.16556,Average
INT7773,2.23,1.14,71.74,64.55,69.73925,Average
INT7774,3.44,1.54,91.38,63.21,67.92773,Average
INT7775,2.9,5.0,75.19,90.03,84.7523,Excel
INT7776,1.59,4.67,9.98,92.88,90.88835,Excel
INT7777,2.94,5.0,58.06,79.18,82.756836,Excel
INT7778,5.52,1.85,,42.9,45.48042,Struggle
INT7779,6.0,1.0,78.81,53.55,47.849033,Struggle
INT7780,4.47,3.77,54.62,73.47,71.761475,Average
INT7781,3.26,1.0,82.44,50.02,55.253757,Struggle
INT7782,1.64,4.07,4.94,85.22,82.16175,Excel
INT7783,6.2,2.52,90.57,57.8,58.09473,Struggle
INT7784,1.0,1.0,1.78,65.42,65.8755,Average
INT7785,6.79,3.54,80.02,42.7,52.644367,Struggle
INT7786,3.57,,63.14,58.12,65.2775,Average
INT7787,2.62,1.0,52.83,48.7,54.738358,Struggle
INT7788,6.88,3.33,78.01,58.51,58.73187,Struggle
INT7789,1.07,3.57,5.13,74.1,86.00253,Excel
INT7790,4.51,1.0,3.52,56.91,52.338573,Struggle
INT7791,3.97,4.39,79.68,85.68,70.74118,Average
INT7792,1.88,3.67,94.95,81.64,80.970314,Excel
INT7793,3.44,1.57,59.9,62.6,60.78346,Average
INT7794,4.92,5.0,54.91,69.58,73.12405,Average
INT7795,5.63,2.64,84.53,83.7,70.06514,Average
INT7796,1.0,2.7,8.14,71.95,73.89372,Average
INT7797,6.9,3.59,92.52,54.09,56.242943,Struggle
INT7798,1.61,3.24,44.01,81.58,81.24599,Excel
INT7799,1.96,3.87,91.66,73.22,81.06517,Excel
INT7800,2.24,4.89,85.03,87.1,84.50587,Excel
INT7801,1.5,5.0,7.77,90.38,94.87038,Excel
INT7802,2.0,3.77,57.07,98.31,77.22752,Average
INT7803,6.56,3.66,58.97,43.45,50.965435,Struggle
INT7804,2.42,1.8,61.83,56.67,56.014694,Struggle
INT7805,1.88,5.0,69.73,94.96,94.464424,Excel
INT7806,2.0,3.63,65.73,69.88,75.03101,Average
INT7807,5.57,1.0,8.92,48.72,47.32661,Struggle
INT7808,5.83,2.83,58.46,59.32,56.037533,Struggle
INT7809,2.62,1.0,64.69,59.14,63.80729,Average
INT7810,1.39,2.87,0.0,70.03,70.66114,Average
INT7811,2.1,5.0,73.65,93.37,88.6253,Excel
INT7812,1.37,1.0,88.43,73.59,67.84452,Average
INT7813,1.43,1.0,72.22,72.01,70.87673,Average
INT7814,3.32,2.88,91.02,64.23,69.041466,Average
INT7815,,5.0,70.82,80.83,80.9014,Excel
INT7816,4.51,2.29,86.52,52.42,62.694664,Average
INT7817,,1.89,64.39,72.59,63.10694,Average
INT7818,,3.31,29.15,47.87,61.05719,Average
INT7819,6.67,5.0,56.52,68.1,65.37498,Average
INT7820,4.16,1.72,82.44,56.18,60.94604,Average
INT7821,2.8,4.07,90.08,84.19,81.79893,Excel
INT7822,3.17,2.74,80.81,61.81,56.202896,Struggle
INT7823,3.5,2.71,57.84,72.33,64.93886,Average
INT7824,4.97,2.52,92.66,64.36,69.295494,Average
INT7825,3.78,2.26,81.36,51.46,64.5619,Average
INT7826,5.66,4.66,57.44,66.82,67.68644,Average
INT7827,7.0,3.47,88.71,48.15,56.42776,Struggle
INT7828,3.44,1.8,64.89,58.05,58.756977,Struggle
INT7829,4.59,3.23,53.73,48.88,60.737617,Average
INT7830,1.54,1.61,58.83,81.3,70.39079,Average
INT7831,1.95,1.0,54.64,62.64,58.995636,Struggle
INT7832,3.72,2.53,62.17,49.24,59.52665,Struggle
INT7833,2.67,1.0,0.0,55.23,56.10424,Struggle
INT7834,5.92,1.89,55.52,59.47,46.515682,Struggle
INT7835,1.92,2.51,,84.57,84.87688,Excel
INT7836,3.55,1.0,85.93,58.39,59.549294,Struggle
INT7837,4.49,2.81,51.21,37.5,48.626904,Struggle
INT7838,5.06,3.52,67.07,60.56,67.80762,Average
INT7839,3.75,5.0,0.0,83.54,83.630875,Excel
INT7840,5.97,4.66,56.45,59.8,62.192013,Average
INT7841,4.4,4.0,90.05,79.7,82.85812,Excel
INT7842,4.09,1.0,69.67,60.77,55.25132,Struggle
INT7843,1.38,4.0,67.71,100.0,95.95595,Excel
INT7844,4.15,,85.29,66.68,69.01306,Average
INT7845,5.48,2.96,,67.83,65.50659,Average
INT7846,5.14,2.81,84.54,52.76,56.913845,Struggle
INT7847,5.68,1.89,7.53,49.72,47.1895,Struggle
INT7848,4.44,1.42,30.08,54.51,54.976578,Struggle
INT7849,1.39,1.0,85.49,77.52,72.14162,Average
INT7850,1.02,5.0,7.08,99.96,97.72568,Excel
INT7851,2.63,3.79,82.06,88.8,80.76667,Excel
INT7852,5.12,3.97,73.87,78.72,71.36096,Average
INT7853,5.49,4.25,83.75,66.7,69.43262,Average
INT7854,3.24,1.0,88.69,79.03,61.163834,Average
INT7855,3.78,1.16,98.32,58.15,66.521,Average
INT7856,3.68,4.79,1.03,98.89,84.554985,Excel
INT7857,3.1,4.81,54.83,73.03,74.30913,Average
INT7858,2.71,2.8,84.74,88.81,81.619995,Excel
INT7859,1.86,2.43,,80.24,75.59516,Average
INT7860,2.66,2.19,56.03,71.13,71.43853,Average
INT7861,1.25,5.0,32.88,92.2,87.14993,Excel
INT7862,1.89,1.0,91.01,63.89,68.48731,Average
INT7863,1.0,1.17,2.54,79.87,75.30796,Average
INT7864,5.0,2.41,80.72,52.04,65.92108,Average
INT7865,3.06,3.97,0.0,79.19,74.73737,Average
INT7866,7.0,2.85,51.3,31.21,37.316498,Struggle
INT7867,1.73,1.0,66.36,60.7,65.91758,Average
INT7868,3.15,1.0,71.03,66.93,66.97029,Average
INT7869,3.58,3.86,74.29,72.59,76.74079,Average
INT7870,1.0,3.43,8.62,84.52,81.860344,Excel
INT7871,5.63,1.0,55.44,36.99,43.58504,Struggle
INT7872,1.41,4.63,8.93,99.12,93.613205,Excel
INT7873,6.46,5.0,68.4,71.97,67.80827,Average
INT7874,6.51,1.0,99.5,55.45,53.48338,Struggle
INT7875,4.26,5.0,93.09,79.9,83.62707,Excel
INT7876,4.75,2.31,34.06,64.25,59.26595,Struggle
INT7877,5.31,1.75,99.98,55.11,70.97351,Average
INT7878,3.5,1.05,75.7,60.89,63.23807,Average
INT7879,4.64,2.76,,57.52,61.59292,Average
INT7880,1.03,1.68,1.94,82.01,76.4329,Average
INT7881,1.7,1.96,61.31,67.54,78.65579,Average
INT7882,3.83,3.23,81.82,80.96,70.33086,Average
INT7883,4.59,2.73,96.87,71.48,78.50066,Average
INT7884,,3.42,89.31,63.72,67.70129,Average
INT7885,1.23,1.0,63.66,59.46,67.21223,Average
INT7886,5.77,2.13,64.84,52.18,52.09797,Struggle
INT7887,1.92,3.07,8.37,60.63,76.48528,Average
INT7888,3.64,1.11,64.29,63.71,56.983383,Struggle
INT7889,3.1,2.12,54.63,75.29,59.04606,Struggle
INT7890,2.99,3.88,74.97,84.17,76.55279,Average
INT7891,2.02,2.22,85.42,72.67,73.61512,Average
INT7892,4.39,2.78,87.56,75.08,72.03828,Average
INT7893,6.01,3.77,52.98,74.03,67.3289,Average
INT7894,3.66,2.5,67.0,73.07,71.003296,Average
INT7895,3.75,1.0,64.41,46.12,57.06902,Struggle
INT7896,6.48,2.72,55.22,53.94,52.478558,Struggle
INT7897,5.16,1.22,68.12,44.56,53.359833,Struggle
INT7898,4.3,4.29,32.42,80.09,73.300415,Average
INT7899,2.83,4.67,58.16,73.15,79.01336,Average
INT7900,6.63,2.34,94.17,54.34,57.163956,Struggle
INT7901,4.95,2.03,72.74,51.11,56.094734,Struggle
INT7902,2.58,1.52,87.33,75.47,71.81195,Average
INT7903,2.14,5.0,57.3,84.64,85.2615,Excel
INT7904,5.53,1.0,,42.63,44.53102,Struggle
INT7905,1.0,2.7,1.3,71.33,74.73794,Average
INT7906,6.64,,59.61,64.36,53.757473,Struggle
INT7907,1.34,3.38,24.89,72.72,72.28529,Average
INT7908,5.78,2.51,65.48,48.33,57.28413,Struggle
INT7909,2.9,2.31,77.62,79.45,71.284584,Average
INT7910,3.92,1.85,99.4,70.65,72.86446,Average
INT7911,6.68,,89.67,46.29,53.424606,Struggle
INT7912,3.73,1.0,30.24,44.46,54.652126,Struggle
INT7913,4.66,2.44,78.79,72.78,73.96011,Average
INT7914,1.03,3.68,9.76,99.49,90.93873,Excel
INT7915,1.04,1.0,8.68,73.26,70.39017,Average
INT7916,2.29,1.0,65.65,67.52,62.539,Average
INT7917,5.07,3.28,44.42,56.92,62.175446,Average
INT7918,1.79,3.23,83.46,96.07,94.72288,Excel
INT7919,1.22,,,68.84,80.43493,Excel
INT7920,,5.0,56.66,80.36,78.24708,Average
INT7921,5.09,1.0,33.24,36.89,47.171326,Struggle
INT7922,5.54,5.0,84.43,80.94,79.05036,Average
INT7923,2.14,2.24,60.61,87.72,78.13631,Average
INT7924,1.25,5.0,70.46,81.56,87.552574,Excel
INT7925,6.55,2.27,98.99,60.56,57.17444,Struggle
INT7926,2.16,3.13,60.8,85.63,81.39173,Excel
INT7927,6.57,,70.83,41.5,51.020954,Struggle
INT7928,6.55,1.8,68.93,31.84,38.63061,Struggle
INT7929,5.21,2.38,96.51,64.45,69.19624,Average
INT7930,1.68,2.41,64.27,92.14,80.54495,Excel
INT7931,6.01,2.02,73.54,64.36,48.510315,Struggle
INT7932,5.35,2.07,59.36,59.57,55.615242,Struggle
INT7933,5.01,4.09,76.06,71.96,67.22307,Average
INT7934,3.28,2.32,92.87,62.67,67.8572,Average
INT7935,2.35,4.0,65.2,88.24,89.516136,Excel
INT7936,1.24,3.15,90.54,94.46,94.37182,Excel
INT7937,4.36,3.43,95.57,80.31,73.8928,Average
INT7938,4.43,3.66,18.36,55.34,55.90771,Struggle
INT7939,3.3,4.66,87.82,90.74,82.902504,Excel
INT7940,3.64,4.0,62.77,82.25,79.69993,Average
INT7941,2.82,5.0,58.77,67.54,81.13344,Excel
INT7942,5.03,2.29,,60.46,60.940826,Average
INT7943,6.36,4.27,85.28,66.88,65.171715,Average
INT7944,1.72,2.3,69.74,76.23,75.24411,Average
INT7945,2.93,3.38,,58.27,68.78377,Average
INT7946,,3.03,95.44,77.56,75.89854,Average
INT7947,4.98,4.23,,60.98,68.006256,Average
INT7948,5.15,4.9,,63.7,68.720856,Average
INT7949,6.83,1.71,74.84,50.27,51.64329,Struggle
INT7950,2.35,1.85,17.92,58.38,62.70666,Average
INT7951,6.54,2.04,66.96,59.25,59.625343,Struggle
INT7952,1.62,2.13,51.07,77.65,77.013725,Average
INT7953,4.78,1.0,75.86,44.1,52.487473,Struggle
INT7954,1.11,2.27,60.41,66.58,66.54417,Average
INT7955,5.98,4.0,88.84,74.94,77.26102,Average
INT7956,3.72,3.82,64.94,74.65,74.07308,Average
INT7957,5.36,1.0,39.8,51.95,49.756603,Struggle
INT7958,5.57,2.75,63.58,67.53,62.136024,Average
INT7959,1.51,1.8,49.91,59.83,59.820683,Struggle
INT7960,,4.0,8.93,98.36,89.21217,Excel
INT7961,6.22,1.0,81.65,49.23,45.877163,Struggle
INT7962,3.18,1.0,71.28,48.38,59.30585,Struggle
INT7963,1.52,2.54,1.55,72.67,76.506805,Average
INT7964,3.85,1.0,23.53,59.95,54.850746,Struggle
INT7965,4.18,4.76,73.56,63.97,75.15317,Average
INT7966,1.15,3.99,0.0,89.86,90.44384,Excel
INT7967,2.33,,45.02,89.15,72.18151,Average
INT7968,1.0,4.2,5.42,80.54,80.642555,Excel
INT7969,3.39,3.52,8.17,69.5,74.15447,Average
INT7970,6.63,2.39,69.93,52.94,50.750717,Struggle
INT7971,,1.0,76.44,32.33,51.528786,Struggle
INT7972,4.73,,89.37,71.77,68.904205,Average
INT7973,1.59,1.8,87.65,66.86,66.22758,Average
INT7974,6.22,3.74,96.09,73.86,70.9825,Average
INT7975,4.11,,60.7,66.63,66.8188,Average
INT7976,2.29,1.59,91.37,74.31,75.01227,Average
INT7977,7.0,4.76,95.28,64.56,64.919106,Average
INT7978,,1.8,38.2,46.85,52.225086,Struggle
INT7979,5.24,3.55,65.69,54.85,62.58684,Average
INT7980,,5.0,97.6,79.65,81.42106,Excel
INT7981,2.04,1.85,81.38,75.98,75.72499,Average
INT7982,2.4,1.0,69.03,61.46,63.712624,Average
INT7983,4.87,1.9,89.59,74.29,63.797523,Average
INT7984,2.09,1.0,65.22,56.94,64.66766,Average
INT7985,3.21,5.0,58.82,70.06,79.8048,Average
INT7986,5.61,4.52,77.2,63.15,65.202934,Average
INT7987,5.82,1.81,78.31,53.34,50.590477,Struggle
INT7988,4.01,3.41,91.29,83.94,75.85529,Average
INT7989,6.06,2.83,72.85,65.86,55.116554,Struggle
INT7990,6.52,,59.79,41.0,52.316,Struggle
INT7991,4.52,3.78,65.57,50.88,67.712265,Average
INT7992,2.36,4.28,78.77,87.76,81.936554,Excel
INT7993,2.66,1.87,60.42,46.94,57.111805,Struggle
INT7994,3.19,2.18,69.27,76.14,69.041374,Average
INT7995,1.47,4.71,60.73,96.06,91.68855,Excel
INT7996,2.21,4.29,60.8,70.98,78.07791,Average
INT7997,2.07,4.84,90.51,92.93,89.077644,Excel
INT7998,4.21,3.7,64.14,75.69,71.165764,Average
INT7999,6.85,2.77,51.72,58.1,54.21413,Struggle
INT8000,1.53,3.29,55.5,86.14,82.03017,Excel
INT8001,5.7,3.38,87.29,68.09,64.927734,Average
INT8002,4.65,4.21,63.1,56.07,68.06222,Average
INT8003,1.38,1.89,82.71,79.58,78.80304,Average
INT8004,6.77,3.67,84.96,63.68,57.98165,Struggle
INT8005,4.13,3.51,67.26,77.31,72.9647,Average
INT8006,2.88,3.69,73.75,64.76,76.223885,Average
INT8007,5.9,3.17,,51.81,57.66683,Struggle
INT8008,2.66,4.0,76.95,96.71,92.574776,Excel
INT8009,5.65,3.11,66.0,65.42,59.51103,Struggle
INT8010,1.0,1.8,6.46,67.57,66.999695,Average
INT8011,5.9,5.0,68.28,61.12,68.80651,Average
INT8012,3.5,4.76,83.48,89.94,84.000404,Excel
INT8013,5.2,4.0,84.87,80.39,78.99657,Average
INT8014,2.09,2.98,96.2,87.59,94.70329,Excel
INT8015,4.91,1.8,94.09,58.14,56.728706,Struggle
INT8016,5.27,5.0,1.9,74.0,72.42547,Average
INT8017,4.12,3.9,72.76,67.6,75.15403,Average
INT8018,4.45,5.0,50.82,80.0,77.541245,Average
INT8019,3.31,3.92,95.83,63.54,72.59281,Average
INT8020,6.3,1.8,40.9,37.13,37.38323,Struggle
INT8021,3.88,4.5,72.22,63.41,77.08937,Average
INT8022,,2.88,94.97,53.68,64.84464,Average
INT8023,5.44,4.66,67.92,63.79,65.27419,Average
INT8024,3.86,5.0,1.14,84.96,88.31137,Excel
INT8025,1.95,3.56,95.23,89.35,85.789345,Excel
INT8026,3.04,4.0,90.11,89.93,89.99255,Excel
INT8027,5.71,2.61,62.17,53.19,53.354004,Struggle
INT8028,2.82,3.89,,81.44,76.70892,Average
INT8029,3.74,3.37,67.65,75.39,68.73202,Average
INT8030,6.16,5.0,95.64,76.04,77.306885,Average
INT8031,3.51,2.03,77.2,81.71,68.866234,Average
INT8032,4.73,4.3,88.7,75.08,70.548874,Average
INT8033,2.26,2.8,74.22,79.15,74.58256,Average
INT8034,1.84,1.0,50.51,59.19,58.862896,Struggle
INT8035,5.97,5.0,84.87,74.77,77.12944,Average
INT8036,1.87,4.6,37.52,99.46,95.82158,Excel
INT8037,2.96,3.66,44.68,78.87,74.91028,Average
INT8038,5.9,5.0,80.33,69.77,72.884544,Average
INT8039,3.27,3.75,74.04,76.75,77.23304,Average
INT8040,6.47,3.45,97.22,69.67,64.47007,Average
INT8041,6.89,2.99,51.16,51.84,51.90468,Struggle
INT8042,2.72,3.53,85.61,88.5,84.8943,Excel
INT8043,1.0,1.0,5.45,77.06,72.08395,Average
INT8044,4.81,2.84,85.69,47.32,59.765396,Struggle
INT8045,3.4,2.38,83.76,82.71,83.17661,Excel
INT8046,1.52,5.0,50.51,79.32,84.05348,Excel
INT8047,5.64,,64.27,75.89,63.270157,Average
INT8048,1.22,1.35,0.51,66.05,71.86377,Average
INT8049,6.47,1.8,58.35,37.0,37.49566,Struggle
INT8050,1.5,3.74,53.17,99.02,90.159775,Excel
INT8051,1.37,1.0,61.98,59.8,61.0711,Average
INT8052,1.79,4.0,73.74,90.93,90.906586,Excel
INT8053,6.57,4.09,62.35,61.97,59.282772,Struggle
INT8054,5.21,1.83,79.01,66.62,57.343838,Struggle
INT8055,6.19,1.0,86.03,49.26,46.17179,Struggle
INT8056,3.32,5.0,66.55,72.52,79.81811,Average
INT8057,3.04,4.0,80.15,85.04,86.36929,Excel
INT8058,,1.7,91.24,72.53,68.10061,Average
INT8059,3.41,1.0,54.71,62.83,53.511147,Struggle
INT8060,3.89,1.77,85.53,64.33,66.8559,Average
INT8061,4.99,2.13,43.86,43.68,50.360966,Struggle
INT8062,2.53,3.57,56.13,89.34,76.72407,Average
INT8063,6.38,5.0,,69.21,68.126,Average
INT8064,2.11,5.0,61.31,88.98,87.51998,Excel
INT8065,6.83,4.14,91.07,62.29,60.021587,Average
INT8066,1.0,3.8,0.0,81.07,86.44905,Excel
INT8067,4.03,3.41,16.99,46.08,52.75314,Struggle
INT8068,3.27,3.47,76.05,83.03,78.510056,Average
INT8069,3.48,2.6,79.45,74.28,72.29469,Average
INT8070,,5.0,86.49,86.63,80.19612,Excel
INT8071,3.31,4.0,38.42,79.13,86.527306,Excel
INT8072,3.75,5.0,0.77,89.9,88.87025,Excel
INT8073,5.81,2.48,97.66,82.28,63.24033,Average
INT8074,5.06,5.0,45.87,72.27,78.02319,Average
INT8075,5.74,1.05,62.75,42.38,49.099236,Struggle
INT8076,2.4,5.0,76.24,89.4,89.05032,Excel
INT8077,4.41,3.23,53.47,59.32,58.336956,Struggle
INT8078,4.01,1.0,66.31,59.14,54.744812,Struggle
INT8079,3.37,2.03,54.37,43.03,55.775074,Struggle
INT8080,3.46,3.51,64.93,82.18,75.50363,Average
INT8081,2.59,3.91,61.45,64.28,82.34447,Excel
INT8082,2.07,1.87,81.8,78.29,71.65997,Average
INT8083,2.45,1.73,64.22,83.91,76.364105,Average
INT8084,1.2,5.0,82.66,99.47,98.6174,Excel
INT8085,5.26,2.3,32.13,75.24,62.100243,Average
INT8086,5.39,1.0,89.26,62.82,53.206486,Struggle
INT8087,6.27,2.35,55.54,48.05,50.045124,Struggle
INT8088,5.3,2.76,94.76,57.2,65.808014,Average
INT8089,1.54,2.29,92.02,83.41,84.05601,Excel
INT8090,6.48,1.0,46.16,47.05,46.327576,Struggle
INT8091,5.91,3.88,53.37,69.42,64.31647,Average
INT8092,3.32,3.1,60.43,71.45,69.07485,Average
INT8093,4.8,1.0,92.97,55.81,55.60639,Struggle
INT8094,7.0,3.21,56.1,42.62,54.736217,Struggle
INT8095,4.46,4.79,57.8,62.74,66.87105,Average
INT8096,6.89,1.13,,53.77,50.846764,Struggle
INT8097,1.6,2.74,25.86,58.55,72.20229,Average
INT8098,2.58,5.0,61.1,95.35,91.30411,Excel
INT8099,3.83,2.9,52.6,64.31,64.44187,Average
INT8100,4.92,1.0,68.63,46.11,45.635326,Struggle
INT8101,5.56,1.11,57.03,37.14,38.138573,Struggle
INT8102,7.0,4.12,38.18,55.05,54.34585,Struggle
INT8103,3.03,1.0,31.71,51.35,56.799213,Struggle
INT8104,1.0,1.97,5.05,63.56,73.14509,Average
INT8105,5.83,2.32,55.14,42.76,49.268333,Struggle
INT8106,4.45,2.49,81.03,72.79,70.51962,Average
INT8107,1.73,2.25,71.82,63.21,71.72363,Average
INT8108,4.45,2.05,46.8,56.43,59.996082,Struggle
INT8109,5.62,1.0,0.25,48.85,48.383926,Struggle
INT8110,6.02,3.24,51.52,37.11,49.039543,Struggle
INT8111,4.5,2.82,92.38,70.83,70.31474,Average
INT8112,2.72,1.8,1.16,53.65,53.57905,Struggle
INT8113,6.59,1.0,84.05,35.56,37.791626,Struggle
INT8114,4.66,1.08,97.38,68.51,67.07772,Average
INT8115,3.47,1.8,57.18,65.2,55.459255,Struggle
INT8116,2.79,1.0,69.86,54.71,62.838486,Average
INT8117,5.36,1.7,63.41,56.93,52.81915,Struggle
INT8118,2.34,4.46,9.43,99.62,88.89797,Excel
INT8119,1.7,2.9,63.28,87.46,79.408195,Average
INT8120,4.12,5.0,55.21,84.86,78.700874,Average
INT8121,2.33,4.29,71.31,88.54,80.78423,Excel
INT8122,5.14,2.89,92.25,82.81,67.13322,Average
INT8123,1.26,3.85,85.68,88.34,91.12275,Excel
INT8124,4.81,,37.19,66.42,59.790657,Struggle
INT8125,2.3,1.46,79.98,69.56,73.4634,Average
INT8126,1.27,1.0,6.48,67.81,69.52687,Average
INT8127,1.57,1.75,0.95,75.26,74.9972,Average
INT8128,6.21,5.0,90.38,75.49,74.63154,Average
INT8129,6.23,1.87,56.14,52.52,47.529133,Struggle
INT8130,2.82,3.69,0.0,87.84,83.535,Excel
INT8131,6.08,1.0,,57.09,47.40505,Struggle
INT8132,4.4,2.53,67.1,57.13,63.268227,Average
INT8133,7.0,3.44,73.87,53.74,56.09054,Struggle
INT8134,2.77,1.02,99.85,80.19,77.06654,Average
INT8135,4.72,4.07,70.42,58.34,66.47229,Average
INT8136,1.38,3.0,9.21,80.87,81.89206,Excel
INT8137,3.11,5.0,80.68,86.81,83.46019,Excel
INT8138,7.0,3.53,61.81,68.65,51.97838,Struggle
INT8139,4.66,1.0,55.28,47.92,54.75924,Struggle
INT8140,2.23,4.0,0.0,85.17,86.04455,Excel
INT8141,,1.0,51.14,67.02,57.927864,Struggle
INT8142,5.16,1.24,71.56,49.29,51.450584,Struggle
INT8143,4.93,3.71,71.34,73.9,66.277435,Average
INT8144,3.66,1.22,6.28,54.91,52.660564,Struggle
INT8145,7.0,1.0,89.2,42.59,42.145504,Struggle
INT8146,1.27,1.0,5.03,76.1,72.868065,Average
INT8147,2.58,5.0,95.77,93.11,93.08539,Excel
INT8148,6.81,3.91,42.95,52.27,53.04133,Struggle
INT8149,2.63,1.52,51.38,71.31,67.08851,Average
INT8150,2.98,5.0,74.31,90.04,85.38198,Excel
INT8151,3.72,4.73,,75.15,77.42572,Average
INT8152,6.01,5.0,72.5,68.03,70.378006,Average
INT8153,1.21,3.53,35.15,69.49,77.23189,Average
INT8154,6.57,1.0,0.33,45.3,44.07759,Struggle
INT8155,5.9,1.0,,46.3,46.26853,Struggle
INT8156,2.28,2.53,21.28,72.93,73.06346,Average
INT8157,,4.66,55.21,63.71,76.18884,Average
INT8158,3.4,1.8,86.27,52.41,59.727375,Struggle
INT8159,3.16,2.06,61.85,58.04,64.09482,Average
INT8160,6.09,3.12,5.96,68.27,51.506176,Struggle
INT8161,7.0,1.68,74.97,64.66,54.136364,Struggle
INT8162,1.42,1.93,90.14,88.7,85.24254,Excel
INT8163,3.85,4.05,41.33,81.86,76.185265,Average
INT8164,4.36,3.93,63.82,76.78,73.686775,Average
INT8165,3.4,3.53,9.03,84.36,75.49945,Average
INT8166,2.96,2.56,57.39,66.71,69.19902,Average
INT8167,1.42,4.73,3.23,99.23,95.70068,Excel
INT8168,,4.08,70.3,71.89,68.29383,Average
INT8169,3.8,1.0,92.07,60.81,59.25939,Struggle
INT8170,2.21,2.97,53.09,57.72,65.87148,Average
INT8171,6.33,4.57,66.0,59.05,63.937885,Average
INT8172,5.94,5.0,57.12,66.4,66.52412,Average
INT8173,3.63,2.51,97.46,62.89,71.48719,Average
INT8174,,2.93,3.14,60.2,64.60385,Average
INT8175,4.63,3.53,61.75,75.38,67.56347,Average
INT8176,2.5,4.46,83.48,93.88,88.39961,Excel
INT8177,2.31,1.0,67.54,75.66,61.551357,Average
INT8178,4.89,3.31,61.68,52.97,56.270206,Struggle
INT8179,1.71,2.64,4.92,87.87,73.12278,Average
INT8180,1.6,3.12,50.56,60.83,70.94788,Average
INT8181,1.31,2.51,1.72,98.12,80.51225,Excel
INT8182,1.68,1.23,94.97,63.46,73.75508,Average
INT8183,1.66,1.0,95.15,70.29,67.146034,Average
INT8184,7.0,3.43,56.39,34.23,43.19753,Struggle
INT8185,2.65,1.0,28.87,61.93,57.23754,Struggle
INT8186,2.37,3.05,70.4,59.22,68.15952,Average
INT8187,2.44,1.0,89.03,58.65,72.1931,Average
INT8188,6.78,2.02,80.59,68.51,56.550144,Struggle
INT8189,3.64,,75.69,57.75,64.64688,Average
INT8190,2.99,5.0,53.68,86.37,81.45499,Excel
INT8191,6.63,1.0,54.81,49.15,43.092396,Struggle
INT8192,3.63,5.0,73.88,73.52,83.02865,Excel
INT8193,3.05,1.0,99.6,71.19,68.75201,Average
INT8194,2.64,1.0,54.42,64.32,55.819103,Struggle
INT8195,3.26,2.3,38.3,70.91,70.78138,Average
INT8196,2.97,2.24,0.0,71.68,76.71274,Average
INT8197,4.94,4.87,77.0,71.87,70.76914,Average
INT8198,2.86,5.0,78.69,84.09,86.879265,Excel
INT8199,,2.68,42.02,75.69,72.3616,Average
INT8200,1.29,2.6,92.61,85.39,85.976585,Excel
INT8201,2.62,4.0,69.49,95.38,89.85889,Excel
INT8202,3.05,3.29,38.19,72.3,71.545944,Average
INT8203,,3.96,,67.1,73.78078,Average
INT8204,2.8,2.28,0.0,87.84,82.54183,Excel
INT8205,4.8,1.0,62.97,44.98,52.657883,Struggle
INT8206,2.43,1.28,90.83,67.51,69.98426,Average
INT8207,1.35,3.09,63.28,82.98,80.86969,Excel
INT8208,1.4,1.89,50.54,82.11,67.637405,Average
INT8209,2.91,1.2,57.74,71.43,66.462,Average
INT8210,2.2,3.94,99.28,95.03,93.196144,Excel
INT8211,2.52,1.13,65.99,69.42,66.577415,Average
INT8212,5.68,1.8,55.44,41.85,39.97227,Struggle
INT8213,1.0,1.0,2.79,60.11,64.90806,Average
INT8214,3.94,1.29,65.52,67.3,63.62008,Average
INT8215,3.56,2.75,51.88,70.3,69.22716,Average
INT8216,4.19,,75.57,56.23,62.28035,Average
INT8217,4.04,,60.69,68.88,66.58215,Average
INT8218,2.63,1.8,51.69,53.39,55.32482,Struggle
INT8219,3.02,1.2,35.28,55.75,62.04863,Average
INT8220,5.47,4.61,71.49,68.63,66.53525,Average
INT8221,6.32,,79.9,51.06,55.683353,Struggle
INT8222,1.87,1.69,53.1,77.97,73.70647,Average
INT8223,1.72,5.0,69.94,92.79,91.146484,Excel
INT8224,6.66,5.0,20.91,68.76,65.96799,Average
INT8225,3.49,1.49,62.02,58.23,60.38482,Average
INT8226,4.55,3.75,57.53,63.62,67.90068,Average
INT8227,3.24,2.94,57.9,86.87,74.91825,Average
INT8228,1.92,2.1,,90.82,83.779,Excel
INT8229,4.53,5.0,57.94,74.69,71.57161,Average
INT8230,3.88,2.71,64.29,49.84,63.313625,Average
INT8231,2.6,1.0,29.05,55.03,57.23754,Struggle
INT8232,3.74,3.16,40.49,73.89,67.6493,Average
INT8233,5.87,4.76,73.05,65.86,64.60093,Average
INT8234,5.03,3.08,66.51,59.9,61.372013,Average
INT8235,2.07,2.22,89.3,64.13,74.626,Average
INT8236,4.38,4.67,54.7,64.13,71.76013,Average
INT8237,4.75,3.0,98.74,55.97,64.935814,Average
INT8238,5.66,1.8,27.41,36.82,39.428455,Struggle
INT8239,5.21,1.0,88.65,54.44,54.894928,Struggle
INT8240,1.71,2.06,68.41,68.58,76.34482,Average
INT8241,5.76,3.17,93.26,68.88,64.80708,Average
INT8242,4.64,1.0,,46.0,50.772167,Struggle
INT8243,1.22,1.88,1.59,58.01,74.04847,Average
INT8244,3.49,1.0,66.77,48.42,61.805557,Average
INT8245,2.76,2.96,99.66,73.95,77.42828,Average
INT8246,5.47,4.44,99.28,78.88,77.31416,Average
INT8247,2.42,1.0,59.49,58.02,57.342823,Struggle
INT8248,4.28,2.24,43.86,73.79,62.92385,Average
INT8249,6.36,2.28,76.78,44.28,56.63731,Struggle
INT8250,6.01,1.0,57.72,41.84,45.83673,Struggle
INT8251,6.33,1.0,58.39,35.92,40.92528,Struggle
INT8252,7.0,1.0,99.46,47.35,47.266438,Struggle
INT8253,1.0,4.49,1.96,89.5,87.385704,Excel
INT8254,4.5,4.45,2.38,54.63,64.06628,Average
INT8255,3.12,4.12,38.69,79.67,75.24746,Average
INT8256,5.76,3.0,32.44,42.15,48.633873,Struggle
INT8257,2.31,1.0,40.07,64.41,59.88082,Struggle
INT8258,7.0,1.0,66.78,40.7,37.255302,Struggle
INT8259,4.27,2.06,72.75,78.55,71.48922,Average
INT8260,5.47,1.22,58.32,50.71,50.33868,Struggle
INT8261,1.28,1.0,7.24,70.96,68.14933,Average
INT8262,2.22,3.01,53.52,66.61,67.74428,Average
INT8263,5.8,2.92,94.49,52.63,60.119686,Average
INT8264,1.38,5.0,9.73,90.33,91.517685,Excel
INT8265,5.41,2.99,87.85,65.45,68.1856,Average
INT8266,1.23,3.15,1.53,89.4,85.87553,Excel
INT8267,5.07,4.43,6.45,70.46,62.631493,Average
INT8268,3.21,2.06,64.56,73.15,73.06816,Average
INT8269,4.55,1.0,0.0,50.68,50.793552,Struggle
INT8270,5.48,,92.23,71.61,65.90361,Average
INT8271,2.89,3.22,64.31,59.46,70.21509,Average
INT8272,1.38,4.26,62.11,76.72,82.37499,Excel
INT8273,1.23,2.52,59.92,83.94,80.64856,Excel
INT8274,4.47,4.93,59.76,75.81,73.11104,Average
INT8275,3.83,5.0,11.27,72.22,75.28312,Average
INT8276,5.56,2.69,54.72,59.44,51.584267,Struggle
INT8277,4.44,2.4,81.01,57.63,70.30006,Average
INT8278,,2.18,75.67,66.62,66.26449,Average
INT8279,3.34,,55.7,48.72,68.83657,Average
INT8280,1.46,3.68,2.69,88.13,89.99215,Excel
INT8281,3.26,3.81,44.06,86.08,74.442726,Average
INT8282,6.73,1.86,60.86,43.92,53.42949,Struggle
INT8283,6.34,2.95,39.42,33.42,44.176064,Struggle
INT8284,3.21,2.7,74.61,67.27,66.27308,Average
INT8285,,5.0,54.58,76.38,76.99726,Average
INT8286,5.95,4.01,97.88,67.48,72.78957,Average
INT8287,3.26,1.0,0.0,52.15,50.474033,Struggle
INT8288,,3.9,5.91,91.65,76.52359,Average
INT8289,1.04,5.0,91.14,100.0,94.76942,Excel
INT8290,3.73,1.0,43.86,54.72,56.276604,Struggle
INT8291,6.8,4.0,79.84,67.25,69.449104,Average
INT8292,5.53,2.6,63.86,56.9,57.135574,Struggle
INT8293,1.29,1.49,86.67,76.36,79.41291,Average
INT8294,2.41,1.0,86.15,81.87,72.564186,Average
INT8295,5.81,5.0,37.85,71.99,72.30387,Average
INT8296,6.19,3.44,62.05,61.91,58.114773,Struggle
INT8297,5.06,1.0,62.69,43.05,46.127243,Struggle
INT8298,4.38,,69.14,80.11,67.28281,Average
INT8299,1.6,1.0,6.1,65.8,69.271736,Average
INT8300,,3.78,66.88,64.72,69.74008,Average
INT8301,6.17,,59.52,70.47,63.394367,Average
INT8302,2.84,1.8,53.29,65.85,62.20108,Average
INT8303,5.63,1.0,40.65,42.29,49.940388,Struggle
INT8304,1.99,3.48,61.68,86.41,82.60575,Excel
INT8305,1.06,1.68,1.54,83.07,82.307846,Excel
INT8306,2.03,3.42,94.54,88.3,85.87607,Excel
INT8307,1.68,,70.5,79.08,78.711334,Average
INT8308,3.26,4.71,51.35,75.0,74.519005,Average
INT8309,,3.72,84.75,75.96,75.109764,Average
INT8310,3.6,1.15,56.22,63.15,60.950447,Average
INT8311,4.14,2.25,25.35,52.72,63.082363,Average
INT8312,3.02,5.0,79.75,86.52,84.68256,Excel
INT8313,1.44,1.0,7.94,85.31,72.73582,Average
INT8314,4.96,1.0,68.94,46.59,47.345135,Struggle
INT8315,3.47,2.74,87.49,87.97,81.38731,Excel
INT8316,3.18,3.99,42.9,80.01,80.149185,Excel
INT8317,,1.8,83.84,40.59,57.70595,Struggle
INT8318,5.97,5.0,75.86,80.68,73.62196,Average
INT8319,5.75,,62.42,55.97,58.04643,Struggle
INT8320,4.28,1.8,42.92,55.8,52.286892,Struggle
INT8321,1.93,2.75,58.56,70.54,68.292076,Average
INT8322,5.26,3.57,71.09,79.15,68.58405,Average
INT8323,2.47,5.0,36.51,89.0,88.37062,Excel
INT8324,3.99,3.56,53.22,54.17,68.39893,Average
INT8325,1.75,1.83,99.4,77.9,77.44836,Average
INT8326,5.63,3.03,52.04,49.07,47.015896,Struggle
INT8327,1.46,3.19,97.32,92.77,91.99848,Excel
INT8328,5.94,1.0,33.7,34.77,43.797718,Struggle
INT8329,5.82,1.8,34.9,36.94,40.97138,Struggle
INT8330,3.55,4.52,56.7,74.42,71.28164,Average
INT8331,5.69,5.0,91.78,81.14,79.671394,Average
INT8332,4.7,4.6,94.02,73.59,76.49079,Average
INT8333,6.08,1.46,,58.0,55.63357,Struggle
INT8334,3.58,1.0,59.33,65.84,57.3681,Struggle
INT8335,5.77,2.35,56.36,50.9,52.069767,Struggle
INT8336,3.38,5.0,79.41,86.31,84.07929,Excel
INT8337,6.93,3.87,75.32,69.58,62.09397,Average
INT8338,4.18,1.8,84.74,62.89,54.89568,Struggle
INT8339,3.59,2.34,65.26,58.49,68.87868,Average
INT8340,5.54,3.98,70.12,59.18,61.241722,Average
INT8341,5.65,4.25,51.07,50.87,61.444687,Average
INT8342,4.64,2.67,55.79,70.74,54.946274,Struggle
INT8343,2.33,5.0,71.16,89.08,88.91171,Excel
INT8344,3.92,2.07,95.99,82.9,68.21189,Average
INT8345,6.55,2.82,82.09,53.7,51.15198,Struggle
INT8346,5.19,5.0,69.93,77.39,75.41348,Average
INT8347,5.42,2.0,63.18,65.76,58.3546,Struggle
INT8348,1.0,2.11,7.85,97.88,89.8592,Excel
INT8349,3.5,3.83,50.81,79.49,73.83206,Average
INT8350,4.48,1.07,66.35,47.19,55.28121,Struggle
INT8351,6.04,2.87,97.18,50.7,58.595398,Struggle
INT8352,1.16,3.56,2.37,99.84,94.432816,Excel
INT8353,6.05,4.89,48.8,68.46,64.16198,Average
INT8354,4.38,4.0,60.18,77.3,78.358734,Average
INT8355,2.34,2.85,91.67,64.76,70.332565,Average
INT8356,3.05,3.31,60.21,69.39,63.173374,Average
INT8357,2.45,1.8,62.41,60.51,60.040203,Average
INT8358,4.5,3.82,59.59,60.06,68.805534,Average
INT8359,1.73,3.22,57.91,57.74,73.98391,Average
INT8360,1.77,,7.5,66.35,74.244194,Average
INT8361,5.4,,6.03,36.08,64.055916,Average
INT8362,2.2,3.32,48.62,82.55,83.74263,Excel
INT8363,2.82,1.44,97.72,75.88,74.50945,Average
INT8364,3.27,1.0,61.53,51.44,52.82524,Struggle
INT8365,3.6,3.89,50.3,50.21,66.61968,Average
INT8366,5.9,1.8,79.94,47.24,45.64647,Struggle
INT8367,,5.0,75.39,91.2,84.12863,Excel
INT8368,6.15,1.28,73.88,49.22,48.547894,Struggle
INT8369,4.43,3.94,53.09,53.72,66.97716,Average
INT8370,2.04,5.0,72.72,88.59,89.7154,Excel
INT8371,1.51,2.59,,77.3,76.24735,Average
INT8372,,2.84,0.65,73.98,78.31542,Average
INT8373,3.85,2.54,61.12,69.18,66.07501,Average
INT8374,5.19,5.0,40.25,79.52,78.80503,Average
INT8375,4.11,1.8,67.66,46.71,51.50181,Struggle
INT8376,3.69,5.0,65.44,88.55,82.16019,Excel
INT8377,1.64,5.0,98.94,98.82,99.72699,Excel
INT8378,1.96,2.36,96.64,81.45,83.34498,Excel
INT8379,4.27,4.45,78.73,75.19,72.02503,Average
INT8380,3.68,5.0,69.05,82.7,82.39665,Excel
INT8381,4.3,1.03,,58.95,56.590347,Struggle
INT8382,2.4,1.8,67.8,67.21,62.4996,Average
INT8383,5.02,3.85,72.26,78.51,70.381516,Average
INT8384,6.01,1.14,97.95,65.03,62.297516,Average
INT8385,2.41,2.31,80.43,69.09,69.16656,Average
INT8386,4.3,3.85,60.65,70.96,70.460526,Average
INT8387,7.0,2.1,84.47,52.1,52.403458,Struggle
INT8388,3.41,1.0,26.44,53.22,53.96885,Struggle
INT8389,5.03,2.94,66.97,71.05,64.15699,Average
INT8390,1.34,4.73,61.38,80.14,83.054825,Excel
INT8391,4.67,3.26,6.18,42.16,53.350594,Struggle
INT8392,1.67,3.83,50.23,88.55,85.57413,Excel
INT8393,6.42,1.7,94.04,43.55,54.666645,Struggle
INT8394,4.84,2.63,64.8,55.04,62.65983,Average
INT8395,6.1,1.0,54.32,32.88,41.968872,Struggle
INT8396,5.26,2.41,,54.7,62.771336,Average
INT8397,4.61,1.5,77.8,62.33,59.277237,Struggle
INT8398,3.75,2.21,99.65,74.56,74.82686,Average
INT8399,6.4,4.11,18.38,63.62,54.472626,Struggle
INT8400,6.39,1.8,4.94,31.56,34.99361,Struggle
INT8401,4.1,,32.56,73.82,67.53746,Average
INT8402,6.56,4.89,42.25,61.18,59.663807,Struggle
INT8403,4.9,4.74,64.72,76.94,70.382385,Average
INT8404,4.25,4.96,65.13,70.37,75.78793,Average
INT8405,4.17,2.02,31.38,53.74,58.180264,Struggle
INT8406,2.11,1.0,65.71,58.27,63.015675,Average
INT8407,1.49,3.53,2.89,100.0,89.25784,Excel
INT8408,2.83,5.0,52.1,82.59,79.113335,Average
INT8409,4.14,2.18,27.44,54.67,59.018963,Struggle
INT8410,3.13,4.27,90.43,81.86,84.11508,Excel
INT8411,3.57,2.76,91.7,73.06,68.53874,Average
INT8412,7.0,4.0,55.58,61.03,64.16234,Average
INT8413,3.18,5.0,65.26,96.88,88.41339,Excel
INT8414,3.61,,84.67,92.76,72.81612,Average
INT8415,1.94,3.47,63.63,84.93,80.780754,Excel
INT8416,1.52,5.0,9.38,98.0,93.733955,Excel
INT8417,5.17,2.67,4.86,46.43,51.872875,Struggle
INT8418,4.01,3.32,57.5,69.93,71.13681,Average
INT8419,5.15,3.64,64.56,64.28,67.81848,Average
INT8420,1.63,4.65,79.0,100.0,94.32567,Excel
INT8421,4.36,2.29,91.3,76.98,74.378204,Average
INT8422,2.82,2.94,68.18,55.36,69.56689,Average
INT8423,2.22,1.39,67.4,75.77,71.731834,Average
INT8424,1.0,4.55,8.26,85.41,84.35368,Excel
INT8425,1.76,2.68,82.23,64.92,68.87394,Average
INT8426,3.36,3.38,87.58,70.75,79.009476,Average
INT8427,1.55,4.99,3.22,84.7,87.47363,Excel
INT8428,7.0,4.1,79.32,53.78,56.789463,Struggle
INT8429,2.45,2.3,69.47,69.72,71.46982,Average
INT8430,1.45,1.8,85.82,65.65,67.78404,Average
INT8431,2.41,5.0,58.23,85.56,86.8976,Excel
INT8432,4.53,3.8,28.69,72.16,66.20021,Average
INT8433,1.65,1.8,71.3,60.96,61.579784,Average
INT8434,6.53,4.86,,72.34,66.42084,Average
INT8435,6.52,2.96,78.67,66.27,61.03246,Average
INT8436,2.66,1.84,98.27,64.95,70.18121,Average
INT8437,3.81,2.28,27.99,60.68,64.99727,Average
INT8438,1.49,1.43,6.98,85.58,82.05537,Excel
INT8439,4.77,1.81,70.95,63.1,59.43021,Struggle
INT8440,3.03,3.11,58.84,77.96,68.4677,Average
INT8441,2.69,2.5,90.6,77.88,78.578865,Average
INT8442,2.7,1.0,,64.98,62.190395,Average
INT8443,4.43,5.0,61.19,82.26,78.03285,Average
INT8444,3.24,1.77,82.08,57.74,63.070206,Average
INT8445,1.9,5.0,97.45,89.46,94.16145,Excel
INT8446,5.4,1.37,69.18,50.72,50.913445,Struggle
INT8447,4.21,1.32,57.24,62.9,58.22422,Struggle
INT8448,5.89,2.57,68.57,65.05,55.420345,Struggle
INT8449,1.85,1.0,74.58,63.2,66.11618,Average
INT8450,5.26,,,57.43,63.334675,Average
INT8451,4.71,,37.4,47.33,60.260387,Average
INT8452,1.6,4.04,20.02,74.83,79.21413,Average
INT8453,5.03,3.45,48.79,70.89,67.01039,Average
INT8454,3.5,2.85,37.05,46.42,55.219177,Struggle
INT8455,6.28,4.28,72.88,71.43,63.52396,Average
INT8456,1.71,2.54,93.64,70.56,74.93357,Average
INT8457,5.16,1.7,54.3,46.71,51.724144,Struggle
INT8458,3.2,5.0,51.52,68.72,76.8019,Average
INT8459,6.83,1.88,80.32,56.24,55.00937,Struggle
INT8460,2.64,2.8,66.55,71.61,72.40042,Average
INT8461,6.34,1.0,70.9,36.49,36.689404,Struggle
INT8462,6.79,5.0,70.29,64.0,67.64283,Average
INT8463,2.45,5.0,54.33,74.04,84.56422,Excel
INT8464,5.67,1.0,50.18,40.79,42.16702,Struggle
INT8465,7.0,3.3,94.92,49.95,54.268433,Struggle
INT8466,2.73,5.0,60.89,86.06,88.103455,Excel
INT8467,3.88,,71.3,71.42,66.202194,Average
INT8468,,3.03,98.6,58.54,77.45056,Average
INT8469,2.38,1.49,91.34,78.07,76.99751,Average
INT8470,1.55,1.77,0.82,66.93,71.34376,Average
INT8471,2.73,1.07,52.57,80.03,61.844955,Average
INT8472,2.43,4.17,86.5,91.34,85.08205,Excel
INT8473,,3.55,84.92,67.17,71.64968,Average
INT8474,1.94,1.0,88.04,80.51,72.468925,Average
INT8475,6.42,3.62,72.87,76.09,56.489765,Struggle
INT8476,4.9,4.1,58.8,62.9,60.04448,Average
INT8477,1.55,3.06,73.24,79.01,75.110466,Average
INT8478,4.53,3.65,82.39,53.89,62.17771,Average
INT8479,4.96,4.23,80.43,69.0,70.08553,Average
INT8480,6.48,3.1,19.57,51.08,50.04377,Struggle
INT8481,1.0,4.19,4.18,68.71,70.8927,Average
INT8482,2.66,5.0,98.26,98.93,95.1342,Excel
INT8483,,2.53,57.59,67.32,65.35523,Average
INT8484,6.26,2.0,39.13,63.77,56.551994,Struggle
INT8485,5.71,1.15,88.38,69.81,61.304123,Average
INT8486,5.48,2.65,40.78,61.02,63.868385,Average
INT8487,1.89,1.54,37.02,60.45,63.870163,Average
INT8488,,1.22,73.36,62.4,59.754597,Struggle
INT8489,2.75,3.1,78.45,89.25,81.62092,Excel
INT8490,2.25,2.61,0.08,79.02,72.54837,Average
INT8491,5.87,5.0,95.95,77.51,78.4253,Average
INT8492,1.62,1.0,64.23,58.82,66.32019,Average
INT8493,,2.83,83.07,73.21,66.191826,Average
INT8494,6.93,5.0,55.61,58.72,58.91637,Struggle
INT8495,1.99,2.87,69.61,79.28,74.32257,Average
INT8496,6.54,3.56,,74.64,59.97324,Struggle
INT8497,7.0,4.76,61.24,67.0,63.37408,Average
INT8498,4.82,3.06,79.49,53.97,58.4885,Struggle
INT8499,1.8,1.0,57.67,60.41,59.490692,Struggle
INT8500,3.32,1.0,55.14,54.77,52.61617,Struggle
INT8501,3.18,2.72,49.52,79.07,81.049385,Excel
INT8502,3.31,1.0,83.75,66.2,58.62401,Struggle
INT8503,2.93,2.93,55.67,79.2,71.960655,Average
INT8504,6.68,1.0,95.89,55.6,43.517403,Struggle
INT8505,1.72,2.51,61.29,83.5,79.77525,Average
INT8506,5.54,3.08,56.0,66.67,62.934074,Average
INT8507,1.09,2.99,0.0,81.02,82.10747,Excel
INT8508,5.0,4.76,58.48,66.18,65.61402,Average
INT8509,,2.15,54.53,28.29,50.54807,Struggle
INT8510,2.77,2.44,89.89,72.48,74.914116,Average
INT8511,2.54,3.98,74.78,80.24,82.63559,Excel
INT8512,5.0,1.0,69.43,57.93,49.4732,Struggle
INT8513,5.63,2.6,97.53,82.32,71.59988,Average
INT8514,5.47,2.63,68.55,80.14,63.696766,Average
INT8515,3.34,5.0,0.0,81.6,80.4183,Excel
INT8516,2.08,2.3,42.56,62.59,69.362724,Average
INT8517,6.82,1.87,61.95,56.69,50.269936,Struggle
INT8518,6.51,4.18,74.94,46.34,56.707912,Struggle
INT8519,3.73,1.8,,55.54,55.635563,Struggle
INT8520,6.04,2.17,75.8,47.77,47.503994,Struggle
INT8521,4.05,1.08,83.46,57.86,60.09408,Average
INT8522,3.37,1.33,88.86,67.98,69.98281,Average
INT8523,1.9,3.64,85.51,74.95,76.86893,Average
INT8524,3.26,4.62,60.28,81.49,76.897285,Average
INT8525,3.97,1.0,27.15,54.3,54.919277,Struggle
INT8526,1.3,5.0,1.87,96.89,93.616974,Excel
INT8527,3.28,2.72,59.95,54.02,59.648975,Struggle
INT8528,5.38,3.36,20.71,44.52,51.754635,Struggle
INT8529,,2.88,76.35,61.81,64.92758,Average
INT8530,4.35,1.69,66.34,66.11,65.18708,Average
INT8531,6.09,1.0,87.81,44.04,49.363888,Struggle
INT8532,1.47,1.0,4.48,66.15,70.44837,Average
INT8533,4.69,2.62,98.94,66.96,65.95317,Average
INT8534,,2.12,87.93,52.79,69.5761,Average
INT8535,4.1,3.65,52.88,72.6,68.507545,Average
INT8536,3.38,2.84,75.44,77.66,67.26203,Average
INT8537,1.35,3.24,78.13,62.99,73.12418,Average
INT8538,6.41,3.58,44.9,75.12,53.42175,Struggle
INT8539,3.92,1.0,47.57,56.44,55.971725,Struggle
INT8540,6.56,2.92,74.17,66.85,56.0244,Struggle
INT8541,4.97,5.0,68.4,70.97,74.60644,Average
INT8542,,5.0,63.57,72.82,79.008,Average
INT8543,,2.79,97.31,68.19,70.66046,Average
INT8544,5.12,1.46,25.9,62.87,57.60788,Struggle
INT8545,3.86,1.34,53.17,53.49,57.632748,Struggle
INT8546,4.47,3.51,58.36,72.55,65.78146,Average
INT8547,5.99,2.65,92.86,64.88,63.709873,Average
INT8548,3.6,1.75,79.33,71.94,69.79095,Average
INT8549,2.92,4.0,62.26,93.34,85.11066,Excel
INT8550,1.45,1.8,53.39,66.17,64.2903,Average
INT8551,6.0,5.0,0.0,71.48,72.3844,Average
INT8552,,5.0,77.53,90.22,84.066,Excel
INT8553,5.02,2.03,,56.69,52.236404,Struggle
INT8554,3.87,1.0,57.41,60.29,54.610195,Struggle
INT8555,3.56,3.25,78.7,66.32,68.893585,Average
INT8556,,3.98,4.23,75.04,85.10713,Excel
INT8557,,2.24,,65.21,64.545006,Average
INT8558,4.72,4.16,74.92,65.06,66.92358,Average
INT8559,5.58,1.73,80.11,66.87,60.453777,Average
INT8560,6.12,2.74,51.61,69.78,58.310493,Struggle
INT8561,1.85,3.12,51.64,80.1,69.61716,Average
INT8562,6.46,4.38,,63.14,65.37334,Average
INT8563,4.86,1.8,59.66,47.81,48.863796,Struggle
INT8564,6.35,3.29,6.12,55.42,51.596413,Struggle
INT8565,3.56,2.36,44.95,54.39,62.58289,Average
INT8566,4.15,5.0,99.09,89.47,89.98207,Excel
INT8567,6.38,4.8,91.77,71.18,69.18895,Average
INT8568,6.64,3.03,33.57,59.74,53.589443,Struggle
INT8569,3.9,4.41,55.0,72.7,70.461945,Average
INT8570,3.06,3.83,55.86,70.3,74.51009,Average
INT8571,3.49,1.4,69.32,53.64,66.054054,Average
INT8572,3.14,1.0,65.04,63.11,61.91772,Average
INT8573,3.0,1.35,81.13,59.21,64.48048,Average
INT8574,2.61,1.9,74.22,79.52,71.55413,Average
INT8575,5.86,1.0,58.83,42.36,45.83974,Struggle
INT8576,1.67,4.61,90.16,90.08,88.27927,Excel
INT8577,4.7,,63.66,62.88,64.742195,Average
INT8578,1.72,2.64,91.02,81.77,81.27825,Excel
INT8579,3.33,2.34,80.58,59.44,68.190605,Average
INT8580,1.64,,68.64,72.1,76.22497,Average
INT8581,2.91,1.0,52.03,59.67,55.57057,Struggle
INT8582,5.4,2.8,30.59,63.11,66.24945,Average
INT8583,6.68,1.8,64.86,49.07,37.377872,Struggle
INT8584,2.55,,90.9,91.02,78.88369,Average
INT8585,4.11,3.84,78.74,79.09,74.60661,Average
INT8586,4.03,1.8,73.32,59.97,55.22537,Struggle
INT8587,6.32,2.88,51.18,64.21,53.057552,Struggle
INT8588,5.19,3.47,73.31,63.73,65.89333,Average
INT8589,4.29,2.99,82.22,76.08,68.99087,Average
INT8590,5.21,1.56,65.37,42.32,52.806683,Struggle
INT8591,5.89,1.8,91.92,46.17,45.588634,Struggle
INT8592,1.3,1.0,6.01,70.19,72.821045,Average
INT8593,3.47,3.26,46.35,59.0,63.485184,Average
INT8594,6.5,3.97,91.53,70.59,68.136345,Average
INT8595,5.31,1.95,74.37,64.82,56.814293,Struggle
INT8596,3.88,3.7,20.21,80.85,71.14332,Average
INT8597,3.9,1.0,53.89,45.52,49.983734,Struggle
INT8598,3.36,1.8,84.98,54.66,60.534016,Average
INT8599,3.89,2.8,93.26,85.22,79.29594,Average
INT8600,4.43,3.72,90.37,60.45,69.74634,Average
INT8601,4.01,,82.78,68.12,66.81382,Average
INT8602,4.99,4.79,57.07,54.54,65.39666,Average
INT8603,6.33,1.0,54.7,38.03,37.69199,Struggle
INT8604,2.36,4.37,39.94,85.68,87.25506,Excel
INT8605,,1.3,92.75,64.64,67.790245,Average
INT8606,3.75,5.0,98.09,84.34,86.7051,Excel
INT8607,5.6,2.34,62.07,73.89,58.328968,Struggle
INT8608,2.86,1.0,88.1,63.78,61.627052,Average
INT8609,4.9,5.0,78.69,81.36,78.596954,Average
INT8610,6.12,2.92,51.59,46.35,43.501995,Struggle
INT8611,3.49,4.49,77.15,84.23,79.46072,Average
INT8612,6.81,2.63,90.3,43.66,57.806324,Struggle
INT8613,7.0,4.22,63.81,54.14,51.598885,Struggle
INT8614,1.99,1.0,70.9,82.71,69.65237,Average
INT8615,2.5,4.9,61.81,86.7,80.74216,Excel
INT8616,6.68,4.22,53.82,52.27,47.957165,Struggle
INT8617,6.56,1.0,23.09,46.06,41.266773,Struggle
INT8618,1.09,4.0,91.85,96.7,95.48247,Excel
INT8619,1.35,1.51,3.27,79.76,77.73633,Average
INT8620,1.75,1.8,,70.69,62.458447,Average
INT8621,6.81,3.23,76.56,59.74,54.512703,Struggle
INT8622,2.42,3.3,74.03,76.96,75.67178,Average
INT8623,3.57,2.56,90.35,69.49,74.342575,Average
INT8624,6.52,3.75,71.17,53.66,58.41568,Struggle
INT8625,1.0,5.0,7.81,100.0,95.01776,Excel
INT8626,5.07,3.73,15.23,70.42,65.020706,Average
INT8627,2.61,2.24,81.82,60.78,67.16156,Average
INT8628,5.77,2.65,85.13,46.52,50.70689,Struggle
INT8629,2.87,3.9,94.95,100.0,92.98215,Excel
INT8630,5.52,3.71,61.22,66.34,63.513325,Average
INT8631,4.99,5.0,80.21,75.45,78.94009,Average
INT8632,2.52,1.0,71.66,71.49,64.79087,Average
INT8633,,5.0,8.4,86.95,88.66169,Excel
INT8634,3.2,1.86,55.34,76.21,67.78757,Average
INT8635,3.06,1.98,27.65,63.28,63.654087,Average
INT8636,5.65,3.0,91.85,61.93,59.318584,Struggle
INT8637,5.73,5.0,61.7,67.09,64.42005,Average
INT8638,3.52,1.92,69.12,61.64,67.2719,Average
INT8639,4.59,4.11,91.42,80.87,78.06927,Average
INT8640,4.14,3.33,54.04,73.67,72.24115,Average
INT8641,5.76,5.0,81.24,70.94,72.53635,Average
INT8642,3.5,4.01,93.41,83.54,84.120514,Excel
INT8643,,1.0,59.92,78.9,56.29853,Struggle
INT8644,2.73,3.33,68.64,68.31,70.86154,Average
INT8645,4.3,4.0,3.0,85.14,87.0847,Excel
INT8646,3.48,1.96,71.37,70.15,66.99172,Average
INT8647,4.09,2.79,,66.26,63.472,Average
INT8648,1.44,4.63,76.54,83.97,88.14793,Excel
INT8649,5.03,,88.24,47.85,64.7825,Average
INT8650,2.33,5.0,2.69,78.18,86.11439,Excel
INT8651,2.43,,79.5,69.95,69.206406,Average
INT8652,2.99,,77.51,65.87,73.05268,Average
INT8653,2.15,3.83,80.5,95.0,83.47492,Excel
INT8654,4.82,5.0,46.82,83.63,81.71994,Excel
INT8655,3.24,5.0,63.31,91.81,85.252495,Excel
INT8656,3.6,1.49,89.28,80.42,68.67511,Average
INT8657,4.65,5.0,60.98,75.71,75.86568,Average
INT8658,1.81,5.0,91.29,91.12,92.166084,Excel
INT8659,2.05,5.0,24.67,76.45,88.15078,Excel
INT8660,6.12,,57.99,74.27,59.84255,Struggle
INT8661,3.17,3.37,94.14,66.99,80.84192,Excel
INT8662,3.18,4.57,55.06,84.81,77.53594,Average
INT8663,1.34,2.41,0.0,85.81,84.93066,Excel
INT8664,3.52,4.71,89.93,72.46,80.40406,Excel
INT8665,4.42,,75.19,46.52,67.61526,Average
INT8666,4.81,2.96,65.44,66.31,67.223305,Average
INT8667,5.54,1.44,36.09,63.03,59.505512,Struggle
INT8668,1.91,2.99,98.43,100.0,95.61851,Excel
INT8669,2.15,4.7,60.08,92.28,89.260605,Excel
INT8670,5.83,5.0,78.98,74.55,72.89324,Average
INT8671,6.57,2.19,54.16,42.77,39.369225,Struggle
INT8672,2.29,5.0,60.89,95.79,90.255455,Excel
INT8673,4.48,2.62,,70.38,66.24085,Average
INT8674,2.2,3.41,65.13,87.33,80.51,Excel
INT8675,1.01,1.67,99.29,73.97,86.5825,Excel
INT8676,3.36,2.02,75.04,70.32,69.16313,Average
INT8677,2.15,4.66,75.83,99.73,87.52145,Excel
INT8678,5.27,4.59,51.82,67.33,63.214504,Average
INT8679,4.07,2.73,97.83,83.44,83.48493,Excel
INT8680,1.81,2.19,58.71,85.48,79.178795,Average
INT8681,1.46,3.31,8.39,74.24,78.27127,Average
INT8682,5.53,5.0,,70.56,73.03861,Average
INT8683,2.37,3.27,70.78,82.27,76.65474,Average
INT8684,4.16,1.8,82.17,49.27,51.853294,Struggle
INT8685,3.44,1.25,83.1,59.08,63.985397,Average
INT8686,4.51,2.23,27.72,41.11,57.664783,Struggle
INT8687,2.62,4.7,74.98,78.04,82.46229,Excel
INT8688,1.02,1.0,89.52,70.74,69.45634,Average
INT8689,2.4,1.0,72.16,76.7,66.055595,Average
INT8690,1.87,2.23,58.29,63.75,68.2662,Average
INT8691,3.7,4.0,65.66,68.04,76.899345,Average
INT8692,4.73,1.83,60.62,67.28,58.92445,Struggle
INT8693,2.17,4.54,56.29,80.47,83.09817,Excel
INT8694,1.08,2.86,0.0,77.3,84.84742,Excel
INT8695,4.17,4.46,77.05,63.53,75.45679,Average
INT8696,4.58,1.59,53.64,58.03,55.04876,Struggle
INT8697,6.74,5.0,50.09,65.05,71.31783,Average
INT8698,4.63,3.12,99.65,66.96,67.09611,Average
INT8699,3.86,1.04,98.21,67.11,67.38565,Average
INT8700,4.07,2.97,91.46,78.77,73.1675,Average
INT8701,6.27,2.24,63.32,45.23,49.897854,Struggle
INT8702,,3.39,28.86,67.94,60.11361,Average
INT8703,3.13,1.31,91.68,67.55,71.2618,Average
INT8704,2.45,4.61,52.79,74.15,79.94955,Average
INT8705,2.51,2.78,60.28,52.11,64.9446,Average
INT8706,4.33,1.54,77.22,62.51,60.6306,Average
INT8707,5.29,1.0,58.92,49.82,49.241287,Struggle
INT8708,4.09,4.0,25.69,89.32,85.40803,Excel
INT8709,1.0,4.0,88.86,100.0,90.77278,Excel
INT8710,5.58,1.0,87.79,60.34,53.33381,Struggle
INT8711,6.04,4.1,70.08,74.06,68.2019,Average
INT8712,3.04,4.6,21.2,74.22,72.68291,Average
INT8713,5.36,3.87,64.25,89.01,70.19449,Average
INT8714,3.82,2.24,29.03,78.91,65.34458,Average
INT8715,6.67,1.0,83.34,40.95,38.77581,Struggle
INT8716,5.92,3.65,56.1,63.01,60.975086,Average
INT8717,3.99,4.74,85.28,71.36,74.65658,Average
INT8718,5.59,2.67,98.61,45.73,52.10769,Struggle
INT8719,6.71,1.01,52.18,38.63,38.320835,Struggle
INT8720,4.02,4.49,4.98,79.76,77.634926,Average
INT8721,2.75,2.7,5.92,86.65,73.971596,Average
INT8722,5.89,5.0,71.53,72.31,71.13916,Average
INT8723,2.14,5.0,33.93,88.25,86.70159,Excel
INT8724,2.98,3.23,90.35,85.8,78.76592,Average
INT8725,6.33,1.0,73.69,38.89,39.347816,Struggle
INT8726,4.89,1.0,74.23,55.82,50.39768,Struggle
INT8727,3.3,1.0,85.85,50.33,55.505573,Struggle
INT8728,2.6,2.18,5.67,53.2,65.595215,Average
INT8729,2.94,3.48,67.66,59.83,76.63186,Average
INT8730,3.13,2.01,87.85,78.44,71.42062,Average
INT8731,2.52,3.39,89.0,91.85,81.59848,Excel
INT8732,5.78,4.0,50.72,67.9,63.02357,Average
INT8733,3.0,3.26,57.19,78.95,73.36792,Average
INT8734,3.76,2.71,26.15,82.95,68.64512,Average
INT8735,3.39,3.8,67.58,68.17,73.1319,Average
INT8736,7.0,5.0,64.57,68.8,67.73222,Average
INT8737,3.34,2.62,83.43,68.61,76.4849,Average
INT8738,1.39,2.91,91.41,75.27,77.08297,Average
INT8739,1.65,3.67,59.6,92.16,82.82356,Excel
INT8740,4.7,2.35,47.21,61.29,62.20627,Average
INT8741,4.85,1.01,68.39,66.83,56.339012,Struggle
INT8742,3.68,3.92,,61.16,71.48897,Average
INT8743,3.84,2.65,81.04,73.43,64.51159,Average
INT8744,1.49,3.98,94.68,100.0,94.10352,Excel
INT8745,,2.7,8.82,40.55,60.266434,Average
INT8746,3.66,5.0,54.35,75.95,77.01161,Average
INT8747,2.19,1.82,81.36,60.42,70.27603,Average
INT8748,1.15,4.06,7.69,77.17,81.40563,Excel
INT8749,2.23,2.47,58.15,60.8,69.93983,Average
INT8750,1.94,3.83,17.34,83.48,81.71583,Excel
INT8751,4.83,2.0,77.95,47.92,60.25178,Average
INT8752,2.65,3.01,30.07,80.41,75.507965,Average
INT8753,2.62,1.0,99.87,77.39,74.32653,Average
INT8754,1.6,1.33,70.3,57.88,68.593765,Average
INT8755,6.81,3.09,60.61,63.37,59.798203,Struggle
INT8756,5.91,1.8,42.12,50.89,48.43559,Struggle
INT8757,2.25,3.49,62.21,62.57,75.119194,Average
INT8758,2.93,1.1,47.15,65.13,64.11474,Average
INT8759,2.53,4.15,74.13,78.85,79.787674,Average
INT8760,3.95,,72.68,74.87,67.53895,Average
INT8761,1.09,1.0,8.38,69.42,68.76404,Average
INT8762,4.83,2.77,60.83,44.03,49.441654,Struggle
INT8763,4.18,4.32,95.22,67.64,81.39508,Excel
INT8764,6.14,2.13,89.57,50.16,52.43855,Struggle
INT8765,1.75,4.34,66.66,93.86,82.2061,Excel
INT8766,6.08,5.0,59.03,66.91,66.055046,Average
INT8767,5.59,1.5,40.96,59.95,57.894634,Struggle
INT8768,1.31,3.95,66.63,72.95,84.89714,Excel
INT8769,3.23,2.8,77.85,81.57,74.57972,Average
INT8770,2.16,5.0,52.32,88.43,83.7456,Excel
INT8771,2.84,3.18,72.53,80.63,72.41666,Average
INT8772,3.04,3.94,54.93,80.07,77.574104,Average
INT8773,4.59,4.8,63.96,74.56,71.86061,Average
INT8774,3.4,1.29,55.46,64.26,62.741413,Average
INT8775,6.49,3.85,31.35,41.17,55.1783,Struggle
INT8776,1.39,3.78,91.88,92.75,87.944214,Excel
INT8777,6.97,2.63,80.76,46.27,52.846737,Struggle
INT8778,2.39,3.92,61.37,82.65,82.37449,Excel
INT8779,5.82,5.0,93.59,77.01,77.2787,Average
INT8780,2.77,5.0,90.04,89.07,89.23302,Excel
INT8781,1.68,1.89,0.52,78.19,77.20273,Average
INT8782,5.94,1.57,58.03,53.89,52.42778,Struggle
INT8783,,2.2,5.63,57.22,64.83929,Average
INT8784,4.62,3.77,,73.15,70.00691,Average
INT8785,4.51,3.55,68.7,75.6,70.25577,Average
INT8786,3.38,5.0,4.18,69.55,79.89953,Average
INT8787,4.02,1.0,77.87,58.35,56.009888,Struggle
INT8788,4.95,5.0,94.47,88.75,87.74031,Excel
INT8789,1.21,4.76,79.7,99.48,96.70408,Excel
INT8790,4.62,2.53,95.98,62.58,64.25553,Average
INT8791,6.22,2.38,43.22,55.45,52.982956,Struggle
INT8792,1.19,3.11,84.76,93.05,90.475914,Excel
INT8793,2.17,3.75,82.43,91.47,85.2653,Excel
INT8794,5.03,3.87,83.52,82.22,75.05759,Average
INT8795,3.21,1.26,82.25,58.86,58.719448,Struggle
INT8796,3.52,2.32,61.08,71.44,66.35665,Average
INT8797,2.01,5.0,57.18,78.27,86.08852,Excel
INT8798,3.83,5.0,98.93,92.92,90.79793,Excel
INT8799,1.86,4.3,16.01,90.35,85.69226,Excel
INT8800,4.14,5.0,73.39,87.8,79.46201,Average
INT8801,5.43,2.05,71.25,63.25,57.688877,Struggle
INT8802,2.58,4.12,68.0,88.68,81.77626,Excel
INT8803,3.53,4.31,51.42,70.38,68.94584,Average
INT8804,6.47,2.49,59.77,57.39,51.277493,Struggle
INT8805,5.6,3.61,95.26,59.08,66.05373,Average
INT8806,5.85,4.07,69.77,68.59,65.36628,Average
INT8807,3.27,5.0,78.21,88.98,85.49573,Excel
INT8808,6.08,1.83,3.61,59.46,58.89596,Struggle
INT8809,1.47,1.0,1.53,67.13,69.41762,Average
INT8810,1.83,3.26,98.46,98.17,91.82119,Excel
INT8811,2.42,3.28,85.89,84.84,83.11928,Excel
INT8812,3.62,5.0,57.16,84.05,79.32947,Average
INT8813,6.33,1.81,51.16,41.62,40.195248,Struggle
INT8814,2.65,2.08,91.26,59.84,64.85404,Average
INT8815,4.84,2.77,92.05,65.23,67.41933,Average
INT8816,5.06,1.0,87.32,51.87,52.725906,Struggle
INT8817,,1.85,32.32,53.68,60.939102,Average
INT8818,3.05,3.1,81.99,62.48,66.71781,Average
INT8819,4.58,1.0,65.81,49.2,50.621532,Struggle
INT8820,2.73,1.0,72.53,57.08,63.48278,Average
INT8821,1.31,2.82,69.12,98.58,83.461784,Excel
INT8822,7.0,2.91,95.68,48.84,51.960823,Struggle
INT8823,1.84,3.58,61.71,75.64,77.780785,Average
INT8824,1.8,4.39,41.7,92.44,90.73901,Excel
INT8825,6.56,1.71,68.05,62.11,47.93733,Struggle
INT8826,3.28,3.27,83.15,81.73,78.26101,Average
INT8827,5.0,2.82,45.91,72.51,68.87425,Average
INT8828,3.17,5.0,96.2,93.51,85.937,Excel
INT8829,3.71,5.0,23.56,76.55,78.36094,Average
INT8830,2.91,3.37,61.03,78.01,69.132126,Average
INT8831,,2.56,88.32,90.15,77.94922,Average
INT8832,3.46,2.94,41.0,69.15,64.20276,Average
INT8833,5.09,3.71,58.29,45.32,69.37574,Average
INT8834,4.45,5.0,75.17,82.14,81.950096,Excel
INT8835,6.94,1.17,82.61,59.4,49.350277,Struggle
INT8836,1.59,3.62,0.83,94.01,87.69146,Excel
INT8837,3.66,2.76,64.58,45.71,65.584526,Average
INT8838,4.32,4.19,90.47,63.72,71.573425,Average
INT8839,6.44,4.0,39.27,72.98,69.67261,Average
INT8840,1.63,1.0,0.0,65.97,70.93536,Average
INT8841,4.83,3.77,64.1,78.2,74.1039,Average
INT8842,5.9,4.0,81.96,76.33,76.919205,Average
INT8843,2.64,5.0,59.97,86.67,88.921814,Excel
INT8844,,3.05,91.37,61.55,68.62901,Average
INT8845,1.02,2.59,4.72,87.59,88.31125,Excel
INT8846,5.38,3.48,,71.32,67.8119,Average
INT8847,6.87,3.1,95.78,70.26,62.877205,Average
INT8848,5.33,2.52,69.59,61.86,62.270287,Average
INT8849,3.47,5.0,61.75,85.51,84.211105,Excel
INT8850,1.3,2.74,9.08,87.73,78.01137,Average
INT8851,6.67,4.0,78.66,73.77,68.73297,Average
INT8852,3.65,1.8,28.5,45.92,48.04416,Struggle
INT8853,1.66,2.36,3.63,66.21,75.910194,Average
INT8854,5.52,3.61,69.91,61.88,64.17454,Average
INT8855,3.69,4.14,64.56,61.65,68.97957,Average
INT8856,,2.13,85.51,93.63,72.767456,Average
INT8857,2.02,2.44,82.57,66.41,78.31626,Average
INT8858,1.4,5.0,72.04,93.96,92.288826,Excel
INT8859,4.63,3.86,69.89,52.55,69.53378,Average
INT8860,4.32,1.0,,54.97,55.58959,Struggle
INT8861,4.4,,37.91,51.08,58.466522,Struggle
INT8862,5.99,1.32,54.28,52.59,50.20218,Struggle
INT8863,6.66,2.03,9.58,35.79,36.79973,Struggle
INT8864,4.22,2.4,66.06,43.51,57.597115,Struggle
INT8865,1.41,3.78,2.87,96.97,85.64677,Excel
INT8866,5.46,3.35,88.69,56.8,63.512577,Average
INT8867,3.14,1.0,69.79,62.5,62.815685,Average
INT8868,4.23,3.97,63.07,79.35,76.46833,Average
INT8869,5.27,2.97,91.37,55.18,64.06954,Average
INT8870,3.12,3.55,66.69,79.81,77.78667,Average
INT8871,6.4,1.89,93.81,45.56,52.500977,Struggle
INT8872,2.21,2.19,80.84,74.43,72.56704,Average
INT8873,4.62,2.8,4.57,74.7,68.38373,Average
INT8874,1.0,1.8,5.01,55.91,59.49966,Struggle
INT8875,6.7,,56.13,69.34,56.30834,Struggle
INT8876,1.79,4.0,80.01,93.19,93.4076,Excel
INT8877,1.33,1.8,51.18,68.1,63.340473,Average
INT8878,3.06,2.96,84.66,90.61,83.7702,Excel
INT8879,3.45,,,58.36,68.50722,Average
INT8880,2.37,1.0,76.19,64.11,66.43928,Average
INT8881,4.69,1.82,48.84,39.7,48.455616,Struggle
INT8882,3.42,2.43,85.87,72.46,81.05076,Excel
INT8883,1.54,,4.56,95.19,86.68689,Excel
INT8884,2.87,,,66.71,67.68835,Average
INT8885,6.35,4.15,89.3,71.21,65.31498,Average
INT8886,4.66,3.67,50.69,63.55,64.977585,Average
INT8887,5.23,3.2,66.9,65.9,61.241093,Average
INT8888,4.87,1.94,63.74,71.36,56.906742,Struggle
INT8889,2.93,4.0,94.4,94.67,94.11154,Excel
INT8890,1.34,1.0,9.67,57.52,64.66121,Average
INT8891,2.87,2.02,71.98,64.52,65.33594,Average
INT8892,6.37,3.65,50.05,62.13,56.74317,Struggle
INT8893,,4.59,54.17,53.51,67.81137,Average
INT8894,3.62,,70.8,64.62,67.71057,Average
INT8895,1.44,3.0,3.44,79.35,86.76,Excel
INT8896,1.7,3.47,77.45,85.32,80.326965,Excel
INT8897,2.86,3.38,,71.05,66.2571,Average
INT8898,4.19,4.11,82.32,73.35,72.82665,Average
INT8899,1.38,1.0,32.1,61.27,65.57244,Average
INT8900,6.39,2.71,84.7,56.1,55.23045,Struggle
INT8901,,2.22,11.33,60.03,61.589382,Average
INT8902,6.48,3.76,77.44,55.49,61.551586,Average
INT8903,5.97,4.0,70.05,76.0,75.0483,Average
INT8904,5.34,2.72,65.16,59.77,62.849136,Average
INT8905,4.65,1.0,75.79,46.27,48.67226,Struggle
INT8906,4.52,4.36,0.55,65.08,67.956505,Average
INT8907,5.26,2.28,98.27,84.27,76.815414,Average
INT8908,4.79,3.92,91.65,80.16,74.61093,Average
INT8909,3.99,3.85,85.86,66.38,69.02126,Average
INT8910,6.69,3.6,73.95,40.94,49.764603,Struggle
INT8911,4.97,2.66,69.61,59.46,62.072945,Average
INT8912,5.19,4.85,51.63,53.94,60.913975,Average
INT8913,6.26,5.0,67.95,73.3,68.7342,Average
INT8914,2.13,3.38,92.42,89.67,85.551765,Excel
INT8915,1.96,1.78,69.2,81.12,76.58213,Average
INT8916,3.57,4.57,73.08,68.91,75.44524,Average
INT8917,4.37,1.0,27.5,57.77,53.819218,Struggle
INT8918,5.8,3.25,63.71,65.48,59.186047,Struggle
INT8919,3.38,4.58,53.09,60.83,66.754074,Average
INT8920,4.9,2.98,80.69,83.59,74.70764,Average
INT8921,4.46,3.63,72.4,62.56,65.38705,Average
INT8922,1.36,2.87,6.94,64.55,83.50719,Excel
INT8923,4.89,3.53,77.34,71.43,63.151833,Average
INT8924,6.46,1.0,89.94,45.76,44.375847,Struggle
INT8925,2.04,1.0,87.55,71.05,70.11527,Average
INT8926,4.17,2.21,88.57,65.78,67.83834,Average
INT8927,4.12,1.96,48.04,75.69,72.42149,Average
INT8928,2.16,1.0,67.69,72.05,71.96961,Average
INT8929,1.9,1.0,96.67,64.17,67.55503,Average
INT8930,7.0,4.27,52.71,46.91,48.18166,Struggle
INT8931,2.97,3.45,57.63,66.45,78.75355,Average
INT8932,2.8,3.69,70.98,95.26,80.436966,Excel
INT8933,2.08,3.8,3.14,74.91,77.69197,Average
INT8934,5.16,4.64,50.41,64.21,66.52855,Average
INT8935,4.19,1.68,85.97,60.9,66.547386,Average
INT8936,5.32,2.04,77.94,76.95,66.65964,Average
INT8937,1.59,3.68,0.44,88.34,89.78107,Excel
INT8938,,5.0,71.17,68.16,80.9014,Excel
INT8939,3.78,2.74,75.97,50.28,58.460487,Struggle
INT8940,3.31,2.59,58.09,68.29,69.62823,Average
INT8941,3.49,,,72.79,68.50722,Average
INT8942,3.77,1.8,37.25,51.73,48.90462,Struggle
INT8943,6.42,1.64,85.48,52.35,55.825302,Struggle
INT8944,6.1,5.0,,77.96,67.40344,Average
INT8945,2.56,1.0,74.01,73.95,64.17216,Average
INT8946,6.09,3.94,78.58,73.48,68.449005,Average
INT8947,5.77,1.03,77.96,37.81,50.718094,Struggle
INT8948,6.78,1.87,65.35,60.76,53.295025,Struggle
INT8949,2.18,4.92,54.87,70.15,79.50073,Average
INT8950,4.8,2.0,94.84,68.98,64.69057,Average
INT8951,3.0,5.0,80.0,90.42,84.70209,Excel
INT8952,6.07,1.8,84.89,50.5,48.653954,Struggle
INT8953,1.45,5.0,7.6,100.0,95.773415,Excel
INT8954,4.7,,87.82,73.13,67.230194,Average
INT8955,2.76,1.0,79.22,67.73,65.52847,Average
INT8956,3.24,3.61,26.39,84.04,77.219444,Average
INT8957,5.32,3.52,1.17,64.45,64.638054,Average
INT8958,5.75,2.26,65.28,70.35,58.21821,Struggle
INT8959,5.14,1.56,56.89,55.35,51.750317,Struggle
INT8960,5.64,4.2,54.4,68.21,63.34175,Average
INT8961,2.61,2.55,86.02,83.05,79.88344,Average
INT8962,4.39,1.0,85.2,55.57,51.94273,Struggle
INT8963,3.99,1.6,85.01,75.91,71.48109,Average
INT8964,1.3,1.0,8.53,74.96,72.34306,Average
INT8965,,4.25,67.45,60.71,66.64502,Average
INT8966,5.12,1.0,78.06,54.84,48.837852,Struggle
INT8967,4.75,1.0,80.97,48.44,54.05097,Struggle
INT8968,5.41,3.45,98.97,52.56,58.622463,Struggle
INT8969,4.53,2.95,65.62,59.11,62.987072,Average
INT8970,1.75,3.73,97.82,90.16,90.76844,Excel
INT8971,1.51,3.81,57.44,72.48,87.0532,Excel
INT8972,4.6,1.79,88.2,56.61,62.561775,Average
INT8973,2.16,5.0,81.64,86.65,90.74397,Excel
INT8974,1.67,5.0,64.2,97.51,88.41159,Excel
INT8975,3.28,2.23,51.43,59.31,62.785686,Average
INT8976,4.31,3.52,22.32,71.46,66.375565,Average
INT8977,2.68,3.38,53.48,70.91,67.613144,Average
INT8978,4.84,1.85,57.56,73.39,65.14243,Average
INT8979,4.84,1.91,41.13,59.91,58.505272,Struggle
INT8980,2.92,1.8,95.31,63.58,63.329426,Average
INT8981,5.46,3.46,73.38,74.08,64.85983,Average
INT8982,4.6,5.0,16.83,72.7,71.25443,Average
INT8983,5.27,1.29,28.0,39.41,48.354675,Struggle
INT8984,3.82,3.3,,51.38,61.57782,Average
INT8985,1.46,3.45,9.73,91.52,88.271126,Excel
INT8986,5.42,3.41,90.78,77.19,65.2455,Average
INT8987,2.93,4.0,99.9,88.1,90.873276,Excel
INT8988,6.63,1.0,70.61,36.56,39.894466,Struggle
INT8989,6.4,2.52,,52.24,55.388348,Struggle
INT8990,,1.0,31.72,42.84,54.475956,Struggle
INT8991,2.14,,79.39,69.12,74.686874,Average
INT8992,2.18,1.86,98.1,66.23,71.378426,Average
INT8993,3.01,4.0,55.18,84.71,82.90502,Excel
INT8994,4.16,3.91,56.08,63.35,72.49778,Average
INT8995,3.2,3.4,85.09,95.1,86.27338,Excel
INT8996,3.67,2.84,83.36,48.99,63.657963,Average
INT8997,1.8,3.51,62.53,67.04,78.02482,Average
INT8998,6.67,1.84,90.66,50.8,51.06223,Struggle
INT8999,,2.35,9.92,67.86,63.251842,Average
INT9000,6.65,5.0,96.29,76.11,75.02888,Average
INT9001,6.86,4.15,60.05,42.45,47.955906,Struggle
INT9002,4.08,1.0,54.07,44.98,50.34007,Struggle
INT9003,5.57,1.0,66.98,45.24,48.503353,Struggle
INT9004,3.41,1.12,59.39,43.86,53.35913,Struggle
INT9005,,2.04,76.35,69.45,66.211784,Average
INT9006,3.0,,56.67,71.79,72.32196,Average
INT9007,3.11,2.9,74.55,78.35,69.742874,Average
INT9008,4.23,2.73,83.03,78.49,70.937454,Average
INT9009,4.18,1.8,68.25,55.15,55.608917,Struggle
INT9010,4.39,1.37,51.4,43.54,48.59811,Struggle
INT9011,,2.02,98.7,90.46,79.27915,Average
INT9012,3.11,2.89,90.97,85.58,76.60881,Average
INT9013,1.55,1.51,53.67,65.96,67.525826,Average
INT9014,1.0,1.0,72.46,61.27,67.83394,Average
INT9015,2.2,1.0,81.75,53.43,63.20581,Average
INT9016,1.41,3.75,59.53,66.57,77.81279,Average
INT9017,1.46,1.0,,62.09,66.069786,Average
INT9018,5.82,1.0,54.39,52.11,42.373116,Struggle
INT9019,1.19,4.28,2.67,76.16,92.62468,Excel
INT9020,4.59,1.0,57.06,44.5,49.472324,Struggle
INT9021,2.32,3.02,87.95,60.46,76.22955,Average
INT9022,6.58,4.39,66.13,73.47,67.12403,Average
INT9023,3.57,1.34,62.2,71.98,61.272327,Average
INT9024,3.0,3.74,,98.64,81.2629,Excel
INT9025,4.03,1.38,86.8,59.68,62.033146,Average
INT9026,3.76,3.51,63.82,75.84,70.43628,Average
INT9027,3.96,1.8,93.63,60.77,55.999794,Struggle
INT9028,2.02,1.47,51.24,84.52,76.382645,Average
INT9029,6.97,1.32,30.28,40.41,40.5107,Struggle
INT9030,3.06,1.81,71.37,46.67,56.190495,Struggle
INT9031,2.85,5.0,63.04,89.92,83.518196,Excel
INT9032,5.17,3.02,40.13,58.92,58.938473,Struggle
INT9033,2.99,3.71,73.44,86.46,82.7104,Excel
INT9034,5.86,3.94,82.68,57.44,64.92815,Average
INT9035,4.15,3.91,,61.94,70.01829,Average
INT9036,5.18,2.4,80.42,57.63,63.88105,Average
INT9037,1.56,2.82,9.6,89.45,86.24556,Excel
INT9038,6.34,4.86,6.91,51.0,57.314667,Struggle
INT9039,5.7,2.7,70.51,78.67,59.253742,Struggle
INT9040,1.85,1.9,76.6,60.31,81.30677,Excel
INT9041,2.07,5.0,55.15,90.39,91.059326,Excel
INT9042,2.88,3.12,82.7,73.07,71.5902,Average
INT9043,6.49,2.52,71.33,40.09,53.00268,Struggle
INT9044,2.3,2.04,98.72,84.27,70.903564,Average
INT9045,3.29,3.82,55.39,67.36,70.45188,Average
INT9046,1.04,1.0,0.0,64.37,66.5314,Average
INT9047,3.14,1.8,,55.64,55.602436,Struggle
INT9048,4.31,1.63,61.43,52.83,60.645348,Average
INT9049,6.8,2.44,7.53,54.46,51.935513,Struggle
INT9050,4.33,2.07,,57.44,60.209827,Average
INT9051,6.02,2.39,58.87,38.71,53.149982,Struggle
INT9052,4.46,1.0,64.67,41.6,53.922173,Struggle
INT9053,1.61,4.0,3.94,100.0,94.2982,Excel
INT9054,3.26,5.0,93.79,98.67,88.74618,Excel
INT9055,4.81,1.93,89.92,64.03,60.153824,Average
INT9056,6.35,5.0,24.31,72.9,65.449,Average
INT9057,5.9,4.49,78.27,68.49,64.92608,Average
INT9058,2.37,2.08,12.87,51.81,58.944473,Struggle
INT9059,2.18,1.0,45.27,53.98,62.60876,Average
INT9060,1.84,4.0,90.3,99.36,97.789566,Excel
INT9061,6.32,2.52,,55.78,55.4245,Struggle
INT9062,6.6,2.37,57.5,65.43,55.67862,Struggle
INT9063,5.5,4.0,,70.17,72.385216,Average
INT9064,3.28,2.59,29.75,64.96,71.06566,Average
INT9065,3.54,2.79,69.66,45.83,61.44797,Average
INT9066,4.01,3.35,,59.18,64.08104,Average
INT9067,2.43,1.07,67.48,58.34,65.738266,Average
INT9068,3.63,1.0,96.85,66.39,62.69514,Average
INT9069,1.65,2.44,6.77,76.51,81.03891,Excel
INT9070,2.07,3.07,92.14,64.01,74.41556,Average
INT9071,6.55,2.47,1.4,45.94,48.755688,Struggle
INT9072,5.97,,83.06,56.0,56.256424,Struggle
INT9073,3.45,3.16,74.84,60.14,71.25785,Average
INT9074,4.32,4.47,50.11,59.21,67.69896,Average
INT9075,2.93,1.72,80.67,71.22,71.105354,Average
INT9076,5.64,1.58,67.8,59.37,52.805008,Struggle
INT9077,5.22,2.75,55.89,70.15,59.579388,Struggle
INT9078,5.21,2.23,72.23,43.37,59.956917,Struggle
INT9079,5.27,1.0,86.78,46.01,49.32052,Struggle
INT9080,1.74,5.0,98.08,100.0,98.348114,Excel
INT9081,2.99,2.03,,67.37,65.48929,Average
INT9082,3.84,2.07,45.28,77.28,69.85385,Average
INT9083,3.1,1.0,,63.04,58.76008,Struggle
INT9084,5.13,,66.7,66.73,65.065994,Average
INT9085,2.66,3.7,57.11,88.02,81.55209,Excel
INT9086,,2.54,64.09,78.26,63.87923,Average
INT9087,3.55,1.22,94.96,62.96,62.507195,Average
INT9088,6.41,4.0,57.97,63.07,68.42812,Average
INT9089,2.4,2.17,66.46,86.2,69.27489,Average
INT9090,4.95,3.8,47.31,77.9,71.73657,Average
INT9091,3.17,1.0,92.36,59.65,60.548134,Average
INT9092,1.34,4.0,96.89,94.61,96.278175,Excel
INT9093,3.76,2.35,42.93,55.69,60.65603,Average
INT9094,5.62,1.0,72.33,56.35,48.851322,Struggle
INT9095,3.77,4.11,58.07,63.62,64.97369,Average
INT9096,6.05,1.0,57.84,43.53,46.323067,Struggle
INT9097,3.13,3.45,63.59,91.59,69.397675,Average
INT9098,1.35,4.23,75.48,80.29,83.37982,Excel
INT9099,6.65,1.0,0.0,36.67,37.569786,Struggle
INT9100,2.8,2.62,1.54,74.21,73.24569,Average
INT9101,4.94,5.0,89.16,85.25,80.97264,Excel
INT9102,6.07,3.24,91.35,53.79,54.444508,Struggle
INT9103,3.08,4.19,93.2,82.57,83.217155,Excel
INT9104,4.86,1.0,,51.42,53.952816,Struggle
INT9105,1.38,3.64,93.35,82.44,85.14776,Excel
INT9106,2.79,1.95,75.5,68.3,70.23126,Average
INT9107,1.66,2.22,80.35,74.24,73.29539,Average
INT9108,5.99,1.92,87.94,39.9,50.61194,Struggle
INT9109,,,71.27,93.43,65.99287,Average
INT9110,5.64,2.5,53.68,63.85,51.25175,Struggle
INT9111,6.44,2.8,67.51,53.54,55.00226,Struggle
INT9112,4.25,1.53,50.98,66.11,60.681736,Average
INT9113,4.52,2.16,59.62,66.15,55.959194,Struggle
INT9114,3.76,1.52,57.42,54.48,59.267254,Struggle
INT9115,3.29,1.44,64.65,64.81,64.98204,Average
INT9116,3.48,3.66,30.57,58.59,72.426155,Average
INT9117,4.85,1.1,87.17,55.44,57.635426,Struggle
INT9118,7.0,3.32,62.94,33.51,42.902313,Struggle
INT9119,6.46,3.03,,53.82,56.802544,Struggle
INT9120,6.04,4.0,84.96,69.95,78.94606,Average
INT9121,5.91,2.41,67.77,45.22,55.2166,Struggle
INT9122,3.95,1.0,50.99,40.4,48.832863,Struggle
INT9123,4.99,1.0,0.0,44.19,44.63587,Struggle
INT9124,5.91,4.72,97.26,81.15,74.585434,Average
INT9125,3.61,2.32,69.26,84.84,67.24795,Average
INT9126,7.0,4.98,96.93,59.25,62.830555,Average
INT9127,3.9,4.52,63.71,79.99,72.87238,Average
INT9128,4.66,4.38,0.0,60.22,61.52839,Average
INT9129,5.21,3.93,60.71,77.15,66.45397,Average
INT9130,7.0,1.99,54.26,41.83,35.5337,Struggle
INT9131,2.37,1.8,94.82,68.0,65.34366,Average
INT9132,5.64,3.35,3.45,75.83,66.68079,Average
INT9133,4.24,,97.73,68.62,70.82427,Average
INT9134,2.48,2.51,92.6,85.93,77.60369,Average
INT9135,5.25,2.02,,52.52,52.39198,Struggle
INT9136,3.83,,59.35,70.12,68.71851,Average
INT9137,4.9,3.7,91.31,61.28,64.66547,Average
INT9138,2.92,1.0,60.42,47.67,60.24641,Average
INT9139,4.21,5.0,69.4,78.8,79.500885,Average
INT9140,4.61,4.0,,82.38,76.45998,Average
INT9141,3.21,3.88,93.74,95.25,87.55324,Excel
INT9142,2.15,2.87,83.02,88.73,90.170364,Excel
INT9143,,4.53,91.95,67.22,79.51137,Average
INT9144,3.66,1.24,73.7,69.16,62.254486,Average
INT9145,5.01,,85.87,48.7,68.804695,Average
INT9146,3.29,1.56,99.0,69.19,67.98667,Average
INT9147,2.64,1.96,57.67,58.59,64.00997,Average
INT9148,3.16,4.0,61.2,93.48,86.387535,Excel
INT9149,3.75,1.8,76.12,55.11,55.751617,Struggle
INT9150,4.0,3.69,82.16,88.91,73.76444,Average
INT9151,3.87,2.09,93.89,68.01,69.21614,Average
INT9152,4.43,1.86,32.38,75.42,67.34044,Average
INT9153,1.93,3.04,34.34,60.47,70.239334,Average
INT9154,3.54,1.0,76.36,59.85,58.101097,Struggle
INT9155,1.57,4.0,50.96,87.14,88.39579,Excel
INT9156,1.87,1.86,74.83,71.43,73.78981,Average
INT9157,6.64,1.0,64.55,38.47,38.226852,Struggle
INT9158,4.2,2.59,96.4,57.73,68.25959,Average
INT9159,4.68,1.0,54.39,45.03,47.59057,Struggle
INT9160,3.84,1.8,72.97,56.64,56.36021,Struggle
INT9161,6.52,4.37,6.14,63.19,65.16183,Average
INT9162,4.77,2.62,55.71,67.53,56.377453,Struggle
INT9163,5.37,4.02,85.07,69.39,66.61047,Average
INT9164,2.84,,79.47,53.33,65.76478,Average
INT9165,6.66,4.0,42.34,58.21,62.181366,Average
INT9166,6.34,3.94,68.35,68.26,61.5233,Average
INT9167,5.67,2.69,54.51,29.15,43.730038,Struggle
INT9168,2.52,4.13,89.31,76.05,79.02052,Average
INT9169,2.34,2.08,66.19,57.81,60.44344,Average
INT9170,2.62,4.97,83.39,85.16,86.80378,Excel
INT9171,2.18,5.0,67.88,83.91,84.68351,Excel
INT9172,6.21,4.41,47.36,72.46,66.25243,Average
INT9173,1.17,1.0,4.76,75.92,72.092766,Average
INT9174,1.63,3.63,90.09,87.76,83.69603,Excel
INT9175,2.68,,,57.22,67.0498,Average
INT9176,2.1,4.08,69.94,70.63,77.52751,Average
INT9177,2.63,3.89,,73.36,78.456566,Average
INT9178,5.32,2.01,53.79,32.47,44.64759,Struggle
INT9179,4.42,1.86,80.23,73.04,67.21615,Average
INT9180,1.0,2.97,9.94,84.03,84.00317,Excel
INT9181,3.52,3.32,52.99,75.52,71.089035,Average
INT9182,3.74,2.89,73.47,62.12,66.97918,Average
INT9183,1.32,4.41,76.72,99.09,95.35057,Excel
INT9184,5.5,3.99,25.16,77.62,72.66872,Average
INT9185,5.6,4.0,52.67,68.24,67.93775,Average
INT9186,5.24,3.91,,61.55,65.58926,Average
INT9187,4.88,4.05,73.57,70.64,65.01573,Average
INT9188,1.29,4.09,7.29,92.2,83.75413,Excel
INT9189,7.0,1.0,82.06,47.95,44.415165,Struggle
INT9190,5.56,3.51,57.22,57.93,59.662838,Struggle
INT9191,6.84,1.85,81.67,69.26,50.64843,Struggle
INT9192,1.5,4.74,9.52,99.44,93.92354,Excel
INT9193,6.57,,73.24,57.22,56.645393,Struggle
INT9194,6.16,1.89,90.07,51.97,54.15461,Struggle
INT9195,5.96,2.73,66.62,62.35,58.813416,Struggle
INT9196,1.62,5.0,57.35,91.54,89.407684,Excel
INT9197,5.25,1.0,93.67,48.66,53.688427,Struggle
INT9198,6.42,1.3,60.61,38.78,45.584835,Struggle
INT9199,5.32,1.17,25.54,58.67,56.31822,Struggle
INT9200,3.92,1.48,64.02,60.06,62.49882,Average
INT9201,6.75,1.89,84.18,42.46,51.241474,Struggle
INT9202,4.02,1.35,90.02,70.48,65.485725,Average
INT9203,4.32,5.0,,71.68,78.96318,Average
INT9204,,1.0,67.61,47.1,53.511,Struggle
INT9205,6.69,1.72,56.29,45.48,45.122005,Struggle
INT9206,1.21,3.05,77.05,90.18,85.10413,Excel
INT9207,4.36,4.0,64.63,77.89,81.90421,Excel
INT9208,4.99,4.74,1.03,84.48,78.35877,Average
INT9209,5.83,2.49,50.02,43.88,52.09151,Struggle
INT9210,4.23,5.0,32.72,79.41,81.38674,Excel
INT9211,5.99,2.74,71.63,37.55,49.752464,Struggle
INT9212,6.32,3.78,97.91,69.45,67.824684,Average
INT9213,1.0,3.37,94.54,93.58,89.22658,Excel
INT9214,3.38,1.0,99.7,65.19,65.48233,Average
INT9215,1.23,1.03,8.35,78.5,74.23405,Average
INT9216,2.52,3.12,52.33,49.14,64.29878,Average
INT9217,3.81,2.49,65.3,81.36,67.336555,Average
INT9218,6.45,,83.79,49.24,59.6465,Struggle
INT9219,6.38,3.3,56.76,57.26,55.747658,Struggle
INT9220,1.89,2.44,65.0,59.1,72.225624,Average
INT9221,1.16,1.8,52.81,59.09,57.53333,Struggle
INT9222,4.93,2.97,73.75,81.48,70.04122,Average
INT9223,4.61,3.81,60.45,73.74,70.59756,Average
INT9224,2.42,5.0,54.56,87.14,84.56422,Excel
INT9225,6.52,1.0,27.36,48.18,43.963833,Struggle
INT9226,6.55,1.8,67.56,36.27,36.348022,Struggle
INT9227,3.86,4.61,76.88,66.16,74.306435,Average
INT9228,,3.78,87.45,61.14,70.88852,Average
INT9229,3.76,2.5,55.63,48.34,60.50474,Average
INT9230,5.12,3.73,89.56,71.53,70.06762,Average
INT9231,3.71,1.45,51.31,53.65,59.840717,Struggle
INT9232,2.02,1.0,72.16,67.92,66.98285,Average
INT9233,6.85,1.33,79.37,50.52,48.85421,Struggle
INT9234,3.95,1.25,97.85,75.1,68.49846,Average
INT9235,5.77,2.91,78.7,71.64,57.52002,Struggle
INT9236,3.4,3.73,6.1,67.76,73.94352,Average
INT9237,1.25,4.7,9.03,82.1,88.60728,Excel
INT9238,1.56,1.8,69.79,61.0,60.795948,Average
INT9239,3.95,3.66,73.97,85.68,68.64585,Average
INT9240,5.05,5.0,59.85,75.46,74.24026,Average
INT9241,3.13,5.0,75.04,75.54,83.59631,Excel
INT9242,5.08,1.87,57.5,38.77,46.774574,Struggle
INT9243,4.84,2.95,87.2,66.6,67.20893,Average
INT9244,4.83,1.52,79.7,70.54,61.024338,Average
INT9245,4.38,4.78,53.93,78.09,72.32074,Average
INT9246,6.01,5.0,94.48,78.28,79.83551,Average
INT9247,3.55,5.0,80.82,84.28,82.68515,Excel
INT9248,,2.86,65.81,48.66,61.906876,Average
INT9249,1.96,3.81,25.44,86.65,84.423904,Excel
INT9250,2.76,5.0,81.61,82.19,86.171295,Excel
INT9251,1.0,4.0,8.14,92.0,90.532265,Excel
INT9252,4.43,1.0,95.38,68.02,60.276333,Average
INT9253,2.79,2.08,14.8,57.4,57.56814,Struggle
INT9254,3.08,3.65,51.96,67.28,67.76344,Average
INT9255,5.22,1.0,66.2,51.65,48.093555,Struggle
INT9256,3.13,1.43,98.24,69.31,72.914055,Average
INT9257,2.56,2.43,51.39,79.81,69.463295,Average
INT9258,2.22,1.0,85.8,57.45,63.66854,Average
INT9259,5.62,1.4,61.07,40.64,48.61978,Struggle
INT9260,1.55,1.0,85.07,64.88,66.07343,Average
INT9261,,1.0,93.44,75.41,61.43059,Average
INT9262,3.91,3.99,55.04,84.9,75.44924,Average
INT9263,4.84,2.49,61.94,48.14,53.025665,Struggle
INT9264,4.71,3.18,51.2,42.17,49.781837,Struggle
INT9265,6.12,4.46,52.19,71.03,65.57913,Average
INT9266,1.25,5.0,4.59,87.06,89.18829,Excel
INT9267,2.58,1.0,,60.02,59.998398,Struggle
INT9268,3.01,5.0,64.91,80.1,84.62436,Excel
INT9269,2.26,3.42,48.04,80.91,80.68048,Excel
INT9270,2.67,5.0,89.39,84.54,89.80172,Excel
INT9271,2.73,1.98,40.11,73.51,72.49096,Average
INT9272,4.24,5.0,47.04,81.46,81.83904,Excel
INT9273,4.54,1.98,50.58,39.25,46.51619,Struggle
INT9274,3.48,1.0,78.4,65.68,62.349213,Average
INT9275,5.6,1.0,56.24,47.79,45.430695,Struggle
INT9276,2.92,4.4,88.23,74.08,82.14798,Excel
INT9277,2.41,5.0,24.06,89.45,86.39233,Excel
INT9278,3.78,4.04,83.71,69.13,76.81067,Average
INT9279,1.28,2.78,2.52,70.0,75.97126,Average
INT9280,1.25,4.23,80.83,82.03,86.19394,Excel
INT9281,3.47,1.67,63.35,59.19,64.11259,Average
INT9282,6.55,5.0,63.35,64.58,65.0803,Average
INT9283,5.0,3.2,6.36,75.06,62.33431,Average
INT9284,1.54,4.34,50.64,82.51,85.08689,Excel
INT9285,6.04,4.65,59.08,60.05,62.676647,Average
INT9286,5.51,3.88,47.16,68.51,67.12502,Average
INT9287,4.42,3.34,90.85,75.49,70.113045,Average
INT9288,5.63,1.8,38.91,43.21,43.99839,Struggle
INT9289,3.73,5.0,82.67,92.07,85.05092,Excel
INT9290,2.53,4.73,48.75,88.95,87.24847,Excel
INT9291,4.34,2.97,53.23,71.81,67.63229,Average
INT9292,,4.79,81.09,85.62,80.76811,Excel
INT9293,3.95,2.21,90.7,85.17,71.62913,Average
INT9294,4.47,5.0,99.62,84.03,86.663666,Excel
INT9295,7.0,4.61,51.48,60.47,58.792244,Struggle
INT9296,6.8,2.4,83.0,43.93,53.3872,Struggle
INT9297,6.58,1.99,70.73,54.76,54.992615,Struggle
INT9298,5.35,3.12,50.49,56.93,55.44119,Struggle
INT9299,6.98,1.32,80.72,52.77,52.51424,Struggle
INT9300,,4.0,56.12,86.03,78.74007,Average
INT9301,2.15,3.05,68.93,82.72,78.77109,Average
INT9302,3.89,5.0,63.07,72.58,79.29771,Average
INT9303,6.12,,68.06,73.16,58.40548,Struggle
INT9304,3.76,2.84,74.63,60.07,61.739628,Average
INT9305,5.51,3.74,67.96,67.56,63.930668,Average
INT9306,2.22,1.21,77.64,85.38,74.78492,Average
INT9307,2.88,1.0,61.93,65.03,59.85716,Struggle
INT9308,5.83,1.0,81.77,46.1,45.064533,Struggle
INT9309,1.97,3.58,92.69,95.31,81.38497,Excel
INT9310,3.02,3.18,61.2,70.33,69.10792,Average
INT9311,2.76,5.0,75.39,86.14,87.621086,Excel
INT9312,3.02,2.98,46.96,75.1,74.64886,Average
INT9313,4.79,3.48,29.04,47.85,60.569786,Average
INT9314,3.43,3.15,68.28,67.72,71.68145,Average
INT9315,4.11,,82.11,59.74,65.42271,Average
INT9316,1.15,5.0,51.41,92.85,90.386475,Excel
INT9317,5.35,1.0,68.5,31.73,43.176632,Struggle
INT9318,3.65,4.0,76.63,90.36,87.01694,Excel
INT9319,4.64,3.92,51.03,73.15,71.108345,Average
INT9320,5.3,5.0,75.38,79.48,76.96171,Average
INT9321,2.71,2.71,51.7,77.59,69.88029,Average
INT9322,6.28,5.0,87.96,79.44,73.36286,Average
INT9323,4.28,2.38,55.67,54.84,61.412136,Average
INT9324,3.62,1.0,69.65,59.42,58.63505,Struggle
INT9325,1.68,1.0,80.31,71.09,69.66987,Average
INT9326,6.25,2.78,68.16,73.87,56.902973,Struggle
INT9327,5.88,2.66,62.45,39.06,48.97293,Struggle
INT9328,2.04,2.98,78.64,74.93,80.030136,Excel
INT9329,3.21,1.0,94.09,65.69,62.391346,Average
INT9330,5.87,1.95,76.03,54.48,52.64014,Struggle
INT9331,4.89,1.0,83.07,49.69,48.74798,Struggle
INT9332,5.61,5.0,67.88,71.99,68.75773,Average
INT9333,3.22,3.16,69.41,68.68,70.75676,Average
INT9334,5.15,,3.4,76.46,73.52968,Average
INT9335,3.34,5.0,85.28,85.26,87.901054,Excel
INT9336,2.0,2.88,67.96,94.49,73.142715,Average
INT9337,4.96,4.64,59.54,60.55,65.475555,Average
INT9338,6.41,1.55,68.47,53.67,50.471127,Struggle
INT9339,2.84,2.31,92.69,80.18,75.47411,Average
INT9340,3.98,2.74,86.91,73.85,71.921776,Average
INT9341,4.97,3.38,66.73,68.79,69.93277,Average
INT9342,4.62,,1.47,79.56,70.59864,Average
INT9343,6.19,5.0,53.74,65.59,64.931595,Average
INT9344,6.03,2.15,52.49,62.74,48.101013,Struggle
INT9345,1.13,2.56,56.37,58.52,64.54116,Average
INT9346,7.0,1.6,55.82,55.99,50.04031,Struggle
INT9347,5.62,1.0,54.39,38.19,42.983776,Struggle
INT9348,6.43,4.13,83.07,61.03,60.202972,Average
INT9349,5.31,4.51,80.04,73.63,70.080475,Average
INT9350,6.19,4.0,82.38,82.08,77.31562,Average
INT9351,2.03,1.0,,66.8,65.44282,Average
INT9352,3.13,1.0,87.84,59.81,65.328186,Average
INT9353,6.36,1.11,0.0,34.67,37.793953,Struggle
INT9354,2.16,1.0,81.12,77.67,75.02786,Average
INT9355,1.12,5.0,79.0,94.88,96.09952,Excel
INT9356,5.78,4.0,0.53,80.09,77.27671,Average
INT9357,6.49,1.95,40.61,62.28,55.399906,Struggle
INT9358,2.27,,52.94,85.61,72.860504,Average
INT9359,6.38,3.89,82.67,51.86,61.114075,Average
INT9360,5.26,1.0,,47.65,47.35375,Struggle
INT9361,3.97,1.8,64.16,44.38,48.854088,Struggle
INT9362,5.65,4.21,48.15,77.7,74.64958,Average
INT9363,3.24,4.72,19.21,70.86,73.5766,Average
INT9364,1.67,3.59,98.0,89.06,90.27128,Excel
INT9365,2.88,3.16,55.5,60.24,66.55717,Average
INT9366,4.34,2.32,53.38,56.97,61.361034,Average
INT9367,3.96,4.63,,82.12,75.38259,Average
INT9368,5.42,1.06,71.36,42.74,48.333614,Struggle
INT9369,5.59,2.09,0.0,67.03,62.67363,Average
INT9370,4.28,1.24,87.23,64.71,63.55926,Average
INT9371,5.63,2.76,94.94,50.89,53.03348,Struggle
INT9372,1.91,2.97,63.01,80.2,78.40767,Average
INT9373,1.14,1.32,81.44,75.72,74.06157,Average
INT9374,6.65,3.69,23.85,57.19,56.183453,Struggle
INT9375,1.28,5.0,69.33,85.67,85.92874,Excel
INT9376,2.77,2.94,64.65,74.92,73.355675,Average
INT9377,5.3,4.91,61.43,67.7,67.15803,Average
INT9378,3.3,2.32,82.24,76.74,69.00782,Average
INT9379,6.58,1.15,56.51,40.98,41.302967,Struggle
INT9380,2.89,3.74,55.66,86.47,81.02547,Excel
INT9381,1.0,2.36,0.0,86.75,81.34005,Excel
INT9382,2.37,1.0,85.54,60.2,66.35967,Average
INT9383,4.72,2.61,96.77,88.79,74.81894,Average
INT9384,3.21,2.98,0.0,84.38,82.425255,Excel
INT9385,4.12,4.27,77.58,85.25,73.71003,Average
INT9386,5.91,2.53,49.42,71.29,67.59288,Average
INT9387,6.13,,66.77,47.9,59.563698,Struggle
INT9388,2.9,1.03,85.78,79.77,72.87449,Average
INT9389,,2.46,49.44,68.09,67.09986,Average
INT9390,,2.6,64.39,70.18,69.33402,Average
INT9391,6.49,5.0,39.29,63.23,68.30599,Average
INT9392,7.0,5.0,65.51,61.78,65.04364,Average
INT9393,2.53,2.31,65.8,55.33,68.67499,Average
INT9394,5.66,5.0,90.3,74.09,79.74286,Average
INT9395,2.77,2.98,54.95,86.22,76.5489,Average
INT9396,1.0,4.18,0.2,83.3,84.35251,Excel
INT9397,1.43,3.94,5.24,89.67,87.14306,Excel
INT9398,3.6,,53.66,75.27,66.81061,Average
INT9399,4.16,1.0,,62.59,54.839256,Struggle
INT9400,1.3,2.29,5.05,77.87,85.51226,Excel
INT9401,4.77,3.7,53.26,65.52,66.91481,Average
INT9402,3.03,4.6,75.49,74.89,76.096504,Average
INT9403,3.97,1.28,97.96,73.99,71.24504,Average
INT9404,3.04,4.65,78.45,93.51,86.99659,Excel
INT9405,2.49,2.11,76.58,88.87,74.45851,Average
INT9406,3.9,2.89,6.64,56.63,59.09749,Struggle
INT9407,2.69,1.8,,56.72,55.94588,Struggle
INT9408,4.24,1.97,99.86,61.91,62.45921,Average
INT9409,2.36,3.83,63.71,72.1,79.66995,Average
INT9410,4.28,3.97,33.86,61.33,67.40955,Average
INT9411,1.45,3.07,8.04,68.27,81.85044,Excel
INT9412,4.63,1.0,67.46,45.89,48.08855,Struggle
INT9413,5.62,2.04,53.57,54.97,51.76007,Struggle
INT9414,1.17,2.27,62.89,75.51,75.0301,Average
INT9415,4.22,2.94,53.5,68.88,57.87597,Struggle
INT9416,1.42,1.0,78.61,77.99,73.249405,Average
INT9417,4.35,2.94,3.95,50.23,57.316715,Struggle
INT9418,2.48,2.62,90.74,90.52,78.47613,Average
INT9419,4.52,1.54,50.16,41.86,48.544975,Struggle
INT9420,4.53,3.53,0.0,70.38,64.310875,Average
INT9421,6.17,3.7,82.97,70.38,62.403217,Average
INT9422,4.57,1.15,95.4,68.89,68.75484,Average
INT9423,,4.0,29.28,79.71,80.310356,Excel
INT9424,3.5,2.3,46.18,53.81,60.738415,Average
INT9425,6.97,2.78,76.9,54.45,50.03248,Struggle
INT9426,5.38,3.63,93.71,59.91,61.081276,Average
INT9427,2.74,1.0,20.21,42.98,55.002068,Struggle
INT9428,5.89,3.57,71.22,56.16,62.097324,Average
INT9429,3.18,2.28,59.12,55.84,62.954628,Average
INT9430,5.58,3.48,51.08,52.53,56.11691,Struggle
INT9431,5.58,2.75,25.38,70.88,63.82184,Average
INT9432,2.24,2.14,98.82,62.53,65.858475,Average
INT9433,4.82,3.11,60.74,49.63,57.051395,Struggle
INT9434,2.81,1.0,62.68,76.01,64.22323,Average
INT9435,2.87,1.82,60.26,65.57,62.223976,Average
INT9436,3.18,4.9,75.66,86.11,82.91255,Excel
INT9437,5.48,2.57,82.73,65.41,60.846416,Average
INT9438,2.87,1.0,55.66,51.07,53.75811,Struggle
INT9439,1.0,1.84,5.25,92.81,83.29125,Excel
INT9440,5.49,4.34,65.93,75.39,70.062706,Average
INT9441,1.56,3.86,69.16,79.17,79.903404,Average
INT9442,1.86,2.32,72.01,82.73,78.96187,Average
INT9443,2.32,1.0,71.14,63.31,66.76783,Average
INT9444,3.39,1.68,83.21,61.85,65.46633,Average
INT9445,3.67,1.8,88.42,60.34,58.31783,Struggle
INT9446,1.0,1.72,9.74,79.02,76.499695,Average
INT9447,7.0,5.0,8.11,80.52,76.742485,Average
INT9448,5.7,4.69,96.92,64.85,79.93521,Average
INT9449,2.62,3.37,,54.04,68.22457,Average
INT9450,,1.0,15.43,58.11,52.979942,Struggle
INT9451,3.33,2.34,71.25,59.16,68.243774,Average
INT9452,5.0,2.49,79.53,74.25,66.72722,Average
INT9453,2.34,2.56,37.34,72.57,73.27306,Average
INT9454,1.78,4.17,62.97,70.4,72.91462,Average
INT9455,6.1,1.26,83.92,58.76,54.537987,Struggle
INT9456,,1.8,80.09,63.67,55.357605,Struggle
INT9457,3.17,2.92,,45.52,53.33395,Struggle
INT9458,6.48,2.7,94.23,40.76,55.360817,Struggle
INT9459,5.14,2.81,84.0,55.32,59.570415,Struggle
INT9460,3.52,2.97,68.13,57.23,69.902885,Average
INT9461,4.79,2.15,84.18,58.59,62.33883,Average
INT9462,1.16,3.89,9.11,84.43,87.4173,Excel
INT9463,5.36,2.87,73.41,64.12,64.29414,Average
INT9464,4.34,1.44,22.18,68.55,68.71193,Average
INT9465,5.39,5.0,16.33,64.52,66.05198,Average
INT9466,7.0,1.0,66.92,47.57,42.971012,Struggle
INT9467,6.53,4.0,57.54,67.71,67.75528,Average
INT9468,6.59,,81.68,56.29,57.609394,Struggle
INT9469,3.93,3.4,83.7,60.88,71.7107,Average
INT9470,3.51,2.42,26.06,65.41,62.763958,Average
INT9471,3.85,1.19,4.44,42.27,52.74509,Struggle
INT9472,5.3,2.9,89.64,86.05,72.89342,Average
INT9473,6.45,1.8,,33.5,36.62311,Struggle
INT9474,2.1,2.16,67.2,68.28,72.39874,Average
INT9475,6.09,2.08,74.73,44.0,48.74591,Struggle
INT9476,6.2,1.1,90.93,45.4,56.78114,Struggle
INT9477,,3.21,91.93,39.7,62.838135,Average
INT9478,6.63,1.0,65.17,36.68,39.866848,Struggle
INT9479,2.79,,62.36,63.59,70.65649,Average
INT9480,1.49,4.27,86.01,100.0,94.61016,Excel
INT9481,1.76,2.16,28.08,71.72,75.83141,Average
INT9482,,3.09,60.73,54.06,56.151394,Struggle
INT9483,4.9,5.0,77.36,66.12,76.12952,Average
INT9484,6.15,2.99,83.94,76.38,67.0069,Average
INT9485,6.06,2.73,52.65,34.67,46.00371,Struggle
INT9486,5.18,1.92,53.0,53.16,47.58409,Struggle
INT9487,1.0,3.89,1.62,100.0,94.13037,Excel
INT9488,2.48,1.52,92.97,72.93,71.92661,Average
INT9489,1.32,2.84,46.24,83.52,82.753876,Excel
INT9490,2.71,1.76,71.44,61.19,69.13968,Average
INT9491,4.08,4.53,92.27,94.41,81.14907,Excel
INT9492,1.08,4.73,3.69,100.0,96.30246,Excel
INT9493,3.57,5.0,55.31,85.39,79.45746,Average
INT9494,1.68,1.26,65.99,70.64,68.51462,Average
INT9495,4.43,1.0,59.9,55.19,53.49606,Struggle
INT9496,3.34,2.77,70.93,54.49,71.34056,Average
INT9497,3.69,4.0,64.34,77.14,79.79613,Average
INT9498,3.65,3.66,66.96,86.37,77.56238,Average
INT9499,6.75,4.28,75.78,45.96,55.63147,Struggle
INT9500,2.14,2.63,58.45,81.53,69.91999,Average
INT9501,3.69,1.46,90.31,53.38,59.474163,Struggle
INT9502,5.15,4.34,57.28,53.79,66.249466,Average
INT9503,4.02,5.0,74.05,71.86,80.7595,Excel
INT9504,6.82,3.34,63.45,54.52,54.64536,Struggle
INT9505,3.55,1.43,51.69,64.97,66.91729,Average
INT9506,4.06,1.0,68.05,50.04,54.795345,Struggle
INT9507,2.0,5.0,43.93,93.27,94.36829,Excel
INT9508,5.03,4.36,64.8,87.9,71.37939,Average
INT9509,2.73,4.0,99.52,96.16,96.326805,Excel
INT9510,1.87,1.88,81.56,83.97,81.14798,Excel
INT9511,4.69,2.2,89.67,67.84,63.585594,Average
INT9512,4.3,3.68,50.72,46.54,59.330837,Struggle
INT9513,1.25,3.0,94.02,100.0,98.34531,Excel
INT9514,5.25,1.36,97.7,71.9,67.83959,Average
INT9515,,3.52,78.76,74.65,71.93635,Average
INT9516,2.48,5.0,87.69,84.87,90.90282,Excel
INT9517,3.6,4.18,75.64,81.06,75.287094,Average
INT9518,5.77,1.8,37.23,41.98,41.00308,Struggle
INT9519,4.66,1.0,17.71,65.04,56.021046,Struggle
INT9520,3.1,5.0,79.84,82.92,84.99822,Excel
INT9521,3.33,2.58,78.97,93.02,81.68468,Excel
INT9522,5.04,4.54,82.96,75.87,69.95021,Average
INT9523,,2.45,92.8,60.33,66.580345,Average
INT9524,5.2,1.45,86.6,62.47,60.78704,Average
INT9525,1.26,5.0,36.74,89.96,89.755806,Excel
INT9526,3.93,3.76,73.34,73.05,73.441895,Average
INT9527,6.75,1.43,99.01,71.52,71.26746,Average
INT9528,1.57,2.97,41.75,72.73,77.081215,Average
INT9529,6.84,3.7,96.91,72.54,69.200836,Average
INT9530,7.0,3.01,90.67,58.0,60.36281,Average
INT9531,1.94,3.96,83.3,97.76,93.46469,Excel
INT9532,6.16,1.0,67.47,40.9,42.90128,Struggle
INT9533,3.6,1.0,8.47,67.29,60.4526,Average
INT9534,5.65,5.0,82.17,70.48,76.10166,Average
INT9535,3.35,1.0,7.76,50.06,54.074318,Struggle
INT9536,3.91,2.05,42.16,72.55,67.10731,Average
INT9537,5.09,4.53,88.02,66.82,67.88188,Average
INT9538,5.88,3.8,65.61,67.77,69.89379,Average
INT9539,1.0,2.93,0.0,77.46,78.26063,Average
INT9540,4.19,1.8,74.73,48.43,51.58076,Struggle
INT9541,2.56,,66.16,87.14,70.69862,Average
INT9542,2.66,3.09,70.65,69.05,75.0891,Average
INT9543,2.67,1.8,94.77,65.83,65.59968,Average
INT9544,4.15,1.0,67.98,52.18,54.027756,Struggle
INT9545,3.14,5.0,30.53,87.98,80.494934,Excel
INT9546,1.49,2.58,,64.38,72.11255,Average
INT9547,1.54,3.24,4.98,81.76,83.223885,Excel
INT9548,1.58,1.68,0.0,74.11,78.28944,Average
INT9549,4.31,5.0,21.99,74.7,79.90162,Average
INT9550,,3.82,59.03,70.66,71.429665,Average
INT9551,1.74,3.19,61.28,83.47,81.70384,Excel
INT9552,,1.84,79.9,37.4,55.681145,Struggle
INT9553,5.73,3.52,56.25,67.69,60.600655,Average
INT9554,4.67,4.38,98.92,68.57,72.6206,Average
INT9555,5.08,2.73,,84.52,67.30214,Average
INT9556,6.0,2.78,91.11,62.61,57.144005,Struggle
INT9557,1.68,3.58,88.43,89.86,88.47534,Excel
INT9558,4.39,1.08,85.68,52.19,56.473633,Struggle
INT9559,5.15,5.0,65.24,80.98,74.84767,Average
INT9560,4.87,1.35,55.02,54.6,55.33046,Struggle
INT9561,5.86,3.21,83.92,56.15,60.72361,Average
INT9562,1.1,1.8,,58.86,60.364117,Average
INT9563,5.1,1.39,89.29,52.58,56.917675,Struggle
INT9564,4.2,1.0,97.84,59.32,63.114502,Average
INT9565,3.25,3.11,95.07,67.67,70.44121,Average
INT9566,3.35,5.0,55.75,86.18,80.81438,Excel
INT9567,4.78,2.27,68.48,55.48,62.840797,Average
INT9568,6.74,4.7,68.22,60.54,61.072712,Average
INT9569,3.99,2.13,56.11,49.55,59.697174,Struggle
INT9570,5.67,3.16,54.91,52.3,54.207058,Struggle
INT9571,3.04,2.73,69.24,70.48,69.22746,Average
INT9572,1.98,5.0,99.6,100.0,97.82715,Excel
INT9573,1.0,5.0,78.45,99.69,99.44421,Excel
INT9574,1.0,3.62,81.09,84.3,83.31261,Excel
INT9575,2.84,3.9,73.55,83.72,77.48078,Average
INT9576,2.94,2.57,83.12,60.68,70.07601,Average
INT9577,5.34,3.05,97.83,70.25,67.94992,Average
INT9578,4.98,1.0,79.43,48.97,49.86724,Struggle
INT9579,1.33,1.39,53.25,63.56,77.82278,Average
INT9580,,1.0,52.08,67.69,50.477554,Struggle
INT9581,2.92,2.88,99.64,87.96,76.96923,Average
INT9582,4.62,4.56,69.37,60.81,66.52162,Average
INT9583,2.05,3.8,9.99,86.88,82.92495,Excel
INT9584,1.77,2.06,55.33,68.8,69.7728,Average
INT9585,6.38,2.15,57.06,37.24,42.191044,Struggle
INT9586,6.18,4.74,62.21,77.07,68.712776,Average
INT9587,1.92,4.0,65.02,87.62,88.84161,Excel
INT9588,3.3,5.0,65.27,85.63,83.35021,Excel
INT9589,3.55,3.09,69.36,73.62,69.93407,Average
INT9590,,3.01,98.32,78.96,75.10403,Average
INT9591,4.46,3.01,54.22,74.51,64.43123,Average
INT9592,2.27,1.8,90.94,66.96,65.04761,Average
INT9593,5.8,1.0,67.08,44.17,45.347996,Struggle
INT9594,3.58,,92.47,59.99,68.5834,Average
INT9595,2.37,3.88,99.59,79.56,82.064415,Excel
INT9596,3.7,2.69,67.43,69.71,63.314854,Average
INT9597,4.37,3.99,19.85,85.87,76.617874,Average
INT9598,2.8,4.32,31.11,67.53,75.58872,Average
INT9599,2.44,3.7,87.94,88.95,84.362885,Excel
INT9600,2.96,3.57,57.25,76.86,77.257034,Average
INT9601,,,7.98,65.28,67.37092,Average
INT9602,5.7,2.83,60.22,36.01,51.729855,Struggle
INT9603,1.78,3.98,67.78,79.79,83.845345,Excel
INT9604,1.05,2.8,5.24,79.16,83.499016,Excel
INT9605,5.4,4.79,0.0,86.21,81.28785,Excel
INT9606,5.76,2.23,65.81,60.09,56.149853,Struggle
INT9607,5.8,3.59,70.65,71.9,64.792534,Average
INT9608,3.96,1.0,80.6,69.09,59.512676,Struggle
INT9609,1.83,5.0,,90.67,89.183815,Excel
INT9610,5.0,2.39,87.46,68.06,66.31607,Average
INT9611,5.29,1.0,76.03,44.3,49.615166,Struggle
INT9612,2.49,2.91,75.52,60.6,64.76306,Average
INT9613,6.28,1.0,81.57,37.74,44.431442,Struggle
INT9614,1.7,3.28,45.52,74.1,74.990074,Average
INT9615,6.47,,67.33,62.97,56.462757,Struggle
INT9616,6.6,1.49,66.52,43.43,50.642944,Struggle
INT9617,4.92,3.22,63.49,60.05,59.817577,Struggle
INT9618,6.2,1.96,77.44,50.01,52.35792,Struggle
INT9619,5.0,3.19,68.01,71.79,65.005104,Average
INT9620,1.74,4.99,77.02,86.67,86.33892,Excel
INT9621,3.33,3.1,70.3,80.36,73.399666,Average
INT9622,1.35,3.9,91.84,83.74,83.95476,Excel
INT9623,3.58,1.94,53.66,53.45,53.639183,Struggle
INT9624,5.22,4.0,78.61,77.21,77.104965,Average
INT9625,3.26,1.8,78.78,63.73,64.0495,Average
INT9626,3.41,3.76,69.19,60.03,72.52844,Average
INT9627,4.37,,71.05,55.15,69.372925,Average
INT9628,,1.7,90.01,65.24,66.524666,Average
INT9629,1.0,5.0,5.72,81.33,90.95962,Excel
INT9630,2.99,1.61,93.57,78.2,77.535355,Average
INT9631,1.91,2.46,63.66,77.72,77.04961,Average
INT9632,4.9,1.0,82.53,46.76,49.33599,Struggle
INT9633,2.03,5.0,88.64,100.0,97.34185,Excel
INT9634,4.54,4.63,80.65,61.97,65.50372,Average
INT9635,2.82,2.43,76.26,69.23,68.695564,Average
INT9636,2.29,4.16,98.33,89.49,88.30297,Excel
INT9637,6.19,2.57,64.13,36.86,50.04085,Struggle
INT9638,1.34,1.8,8.53,63.91,66.156586,Average
INT9639,3.6,3.42,64.37,61.68,67.70578,Average
INT9640,1.35,2.71,8.06,69.63,78.45271,Average
INT9641,4.23,3.58,28.14,55.42,65.90456,Average
INT9642,3.83,5.0,95.44,84.55,87.99426,Excel
INT9643,,3.92,6.97,70.64,77.105446,Average
INT9644,1.55,3.73,92.5,81.66,82.803116,Excel
INT9645,2.96,1.76,62.46,74.62,73.07297,Average
INT9646,4.53,5.0,6.7,79.45,77.41756,Average
INT9647,6.15,1.0,13.62,36.53,42.413548,Struggle
INT9648,4.12,4.13,62.89,77.21,71.224236,Average
INT9649,4.05,3.14,74.52,69.01,67.51025,Average
INT9650,1.71,1.38,97.31,67.73,73.481094,Average
INT9651,2.51,,35.46,68.47,70.71686,Average
INT9652,1.48,3.73,81.99,83.61,83.269325,Excel
INT9653,2.37,1.76,71.39,82.34,74.026405,Average
INT9654,1.91,1.0,52.34,54.37,56.89091,Struggle
INT9655,3.66,1.14,75.18,68.27,63.63509,Average
INT9656,4.55,5.0,53.3,63.33,75.24041,Average
INT9657,7.0,1.79,94.18,57.64,56.900974,Struggle
INT9658,2.08,4.0,54.01,91.83,83.62531,Excel
INT9659,5.19,4.0,68.93,78.27,74.733284,Average
INT9660,5.43,4.48,82.01,54.71,64.52882,Average
INT9661,4.64,5.0,55.6,83.31,76.07588,Average
INT9662,2.09,1.0,85.13,57.84,67.53388,Average
INT9663,2.92,2.61,91.14,61.15,70.25383,Average
INT9664,1.62,2.32,1.32,85.5,82.16095,Excel
INT9665,3.12,5.0,64.21,71.59,82.105774,Excel
INT9666,5.79,4.32,63.19,66.15,66.83375,Average
INT9667,1.35,2.71,7.14,79.36,84.164566,Excel
INT9668,2.08,1.3,98.39,72.52,76.009026,Average
INT9669,5.38,1.0,96.03,59.12,57.33488,Struggle
INT9670,5.64,3.41,67.98,67.87,63.553562,Average
INT9671,3.24,2.47,64.19,91.06,75.35906,Average
INT9672,5.17,2.7,96.07,71.81,68.70079,Average
INT9673,3.48,,27.75,71.13,64.69327,Average
INT9674,1.47,1.39,64.94,82.39,76.04552,Average
INT9675,3.51,3.41,30.21,51.73,53.049107,Struggle
INT9676,4.63,1.0,67.16,61.17,48.6421,Struggle
INT9677,6.35,1.78,59.94,56.82,54.133366,Struggle
INT9678,,1.15,75.35,84.96,65.57996,Average
INT9679,4.5,1.8,92.17,51.47,54.27482,Struggle
INT9680,3.35,3.81,76.4,95.86,87.50902,Excel
INT9681,3.96,4.18,56.17,70.9,67.59159,Average
INT9682,1.0,3.64,4.35,64.11,74.20566,Average
INT9683,2.5,3.27,78.14,80.76,75.32976,Average
INT9684,5.46,5.0,79.16,79.92,75.75837,Average
INT9685,4.12,1.0,78.85,53.81,56.400047,Struggle
INT9686,4.14,4.61,53.85,62.65,65.5653,Average
INT9687,3.17,4.42,87.68,73.65,76.938324,Average
INT9688,3.1,2.44,95.47,71.23,77.076355,Average
INT9689,3.15,5.0,42.81,84.65,84.29629,Excel
INT9690,5.65,1.0,85.94,55.69,53.516895,Struggle
INT9691,6.9,1.0,95.7,40.65,40.720093,Struggle
INT9692,3.78,,5.85,54.87,64.89243,Average
INT9693,3.28,1.97,7.99,57.3,59.74334,Struggle
INT9694,6.27,2.44,86.07,58.83,59.119904,Struggle
INT9695,3.81,4.67,63.03,72.44,75.37225,Average
INT9696,4.59,,58.08,56.14,59.07728,Struggle
INT9697,2.39,5.0,92.11,83.07,91.0432,Excel
INT9698,5.75,5.0,64.81,60.86,70.66809,Average
INT9699,3.72,1.02,94.86,65.57,63.93447,Average
INT9700,6.03,4.2,81.02,65.99,68.495445,Average
INT9701,5.42,2.74,71.16,68.03,65.2419,Average
INT9702,2.06,,81.16,73.12,76.738014,Average
INT9703,4.88,1.35,70.09,57.22,55.48359,Struggle
INT9704,5.49,2.48,91.9,64.7,66.87664,Average
INT9705,3.57,4.71,53.18,94.64,80.025024,Excel
INT9706,1.96,3.51,95.06,78.94,81.37131,Excel
INT9707,1.45,1.57,2.95,74.3,77.91448,Average
INT9708,3.37,2.66,83.02,67.82,69.44377,Average
INT9709,2.81,2.1,0.0,59.23,70.80899,Average
INT9710,4.39,,57.35,62.56,61.556667,Average
INT9711,1.98,2.11,86.84,78.0,77.99799,Average
INT9712,6.3,1.8,,34.46,36.659264,Struggle
INT9713,2.47,2.67,91.94,79.65,68.71915,Average
INT9714,2.67,2.61,79.82,61.16,64.10217,Average
INT9715,3.81,1.61,62.62,72.07,62.8174,Average
INT9716,4.06,1.0,58.08,55.86,52.869926,Struggle
INT9717,2.11,1.0,53.74,55.58,57.375774,Struggle
INT9718,,5.0,56.87,78.79,78.289505,Average
INT9719,2.17,5.0,80.06,95.75,91.69565,Excel
INT9720,5.21,3.43,75.92,52.49,61.019352,Average
INT9721,5.4,2.96,58.43,51.04,58.38508,Struggle
INT9722,3.88,1.91,56.47,56.21,54.46778,Struggle
INT9723,5.72,2.77,78.2,59.42,55.378086,Struggle
INT9724,5.05,1.75,17.02,47.83,50.049496,Struggle
INT9725,2.13,1.0,93.69,72.5,70.202065,Average
INT9726,6.84,5.0,90.35,70.77,70.92413,Average
INT9727,5.96,2.31,57.09,51.15,51.367645,Struggle
INT9728,2.69,2.01,50.8,48.33,57.38301,Struggle
INT9729,2.23,2.07,25.06,76.98,69.74959,Average
INT9730,2.08,3.46,77.49,84.74,81.021095,Excel
INT9731,1.84,3.79,75.97,86.59,82.112335,Excel
INT9732,5.24,1.87,41.61,60.06,53.05826,Struggle
INT9733,4.01,3.79,67.22,70.63,71.72067,Average
INT9734,6.12,4.35,,53.52,67.04366,Average
INT9735,5.82,2.37,50.2,59.41,52.22899,Struggle
INT9736,4.33,2.8,4.5,62.97,63.54757,Average
INT9737,4.94,3.91,6.62,52.76,57.783688,Struggle
INT9738,1.13,2.77,0.5,90.12,84.311165,Excel
INT9739,2.94,1.84,83.35,84.45,79.791985,Average
INT9740,4.52,1.0,36.56,61.81,50.980072,Struggle
INT9741,1.0,3.45,4.87,79.54,78.80866,Average
INT9742,1.46,1.0,3.55,76.54,75.10912,Average
INT9743,6.34,2.95,84.29,60.47,61.53292,Average
INT9744,5.44,1.81,80.81,66.53,61.08485,Average
INT9745,3.02,5.0,92.68,98.41,90.97629,Excel
INT9746,4.94,1.79,95.03,71.1,65.962395,Average
INT9747,6.11,4.39,32.56,76.73,69.11735,Average
INT9748,3.01,3.64,25.05,76.51,71.47926,Average
INT9749,1.68,4.68,0.0,100.0,97.44777,Excel
INT9750,6.37,4.34,60.69,54.07,59.203854,Struggle
INT9751,2.84,2.85,57.36,98.04,71.97782,Average
INT9752,1.84,2.43,51.14,58.75,66.113,Average
INT9753,4.38,1.0,96.06,57.73,57.504627,Struggle
INT9754,5.93,4.92,79.46,64.72,67.5853,Average
INT9755,2.56,5.0,88.74,95.71,91.09302,Excel
INT9756,2.51,1.0,69.92,67.15,65.416115,Average
INT9757,2.68,1.8,99.59,74.49,71.1482,Average
INT9758,7.0,1.09,61.38,51.2,50.35205,Struggle
INT9759,2.43,3.4,63.22,78.55,78.5332,Average
INT9760,4.63,3.86,25.89,47.95,62.01409,Average
INT9761,6.1,2.86,97.02,65.03,59.528034,Struggle
INT9762,2.04,2.9,,94.56,82.93556,Excel
INT9763,6.81,5.0,83.74,67.42,67.7311,Average
INT9764,7.0,1.97,84.37,48.43,50.41051,Struggle
INT9765,6.42,1.0,93.73,57.89,45.96105,Struggle
INT9766,2.4,1.0,83.25,71.28,67.251945,Average
INT9767,5.29,1.0,78.1,63.71,49.066986,Struggle
INT9768,5.16,1.2,51.19,48.85,51.574806,Struggle
INT9769,6.7,4.85,0.0,63.42,61.151657,Average
INT9770,2.24,4.06,59.3,68.44,74.32785,Average
INT9771,5.42,4.32,55.48,65.36,65.57655,Average
INT9772,2.88,5.0,1.09,84.62,82.88052,Excel
INT9773,2.44,1.8,68.7,52.79,65.94912,Average
INT9774,3.61,2.95,74.9,88.25,72.00472,Average
INT9775,5.36,1.84,80.78,69.5,61.41207,Average
INT9776,3.6,1.08,97.9,71.72,70.39278,Average
INT9777,3.81,4.16,66.54,55.95,66.48787,Average
INT9778,7.0,2.87,88.04,55.47,58.131004,Struggle
INT9779,3.06,2.1,76.57,63.64,68.34482,Average
INT9780,5.05,4.29,61.0,68.33,65.745415,Average
INT9781,3.27,2.17,80.77,53.85,65.311455,Average
INT9782,2.92,2.48,98.36,80.98,80.2978,Excel
INT9783,4.97,1.9,22.74,46.77,46.76844,Struggle
INT9784,6.75,1.0,75.36,33.12,42.99231,Struggle
INT9785,4.09,4.81,52.58,62.88,68.82073,Average
INT9786,5.62,1.31,66.06,57.43,51.1137,Struggle
INT9787,1.95,1.0,81.03,81.43,69.93194,Average
INT9788,2.12,2.89,58.57,64.22,68.69981,Average
INT9789,3.85,4.37,1.25,82.47,81.42642,Excel
INT9790,1.44,4.25,0.0,87.11,87.11901,Excel
INT9791,2.34,1.8,95.46,66.33,65.643524,Average
INT9792,3.68,3.84,65.14,62.83,72.43887,Average
INT9793,1.0,,7.69,80.87,83.38455,Excel
INT9794,3.04,1.04,73.7,53.57,63.021317,Average
INT9795,4.51,3.23,94.93,76.44,68.93086,Average
INT9796,4.16,4.03,89.87,79.06,76.88365,Average
INT9797,6.6,3.0,69.52,71.55,60.082397,Average
INT9798,,3.41,60.71,49.09,56.863907,Struggle
INT9799,3.66,5.0,83.41,90.63,86.20065,Excel
INT9800,6.27,2.17,86.92,53.35,51.085144,Struggle
INT9801,5.26,4.0,87.12,82.38,77.67914,Average
INT9802,2.52,2.09,75.2,60.54,64.65163,Average
INT9803,1.62,2.74,4.26,75.47,77.54782,Average
INT9804,4.66,3.19,63.07,60.18,62.184193,Average
INT9805,4.69,1.0,28.93,50.61,49.960007,Struggle
INT9806,6.0,4.89,92.6,71.24,71.12588,Average
INT9807,,5.0,92.04,70.42,81.98588,Excel
INT9808,5.16,1.0,55.23,34.48,46.363255,Struggle
INT9809,6.91,4.23,97.49,61.65,58.02161,Struggle
INT9810,3.83,1.97,59.12,61.26,62.58955,Average
INT9811,1.24,3.38,47.58,70.19,76.42459,Average
INT9812,5.79,4.0,60.76,77.82,72.360115,Average
INT9813,2.1,4.0,93.02,98.69,95.427,Excel
INT9814,5.7,3.77,87.47,53.53,66.75216,Average
INT9815,6.25,2.96,67.68,56.86,57.820908,Struggle
INT9816,5.12,2.07,84.09,60.78,60.246117,Average
INT9817,,5.0,26.78,74.97,78.775215,Average
INT9818,3.63,5.0,69.11,85.53,82.84391,Excel
INT9819,,,68.86,61.13,67.593704,Average
INT9820,2.97,4.0,61.9,76.08,85.32643,Excel
INT9821,4.66,1.99,93.82,73.09,66.23658,Average
INT9822,6.0,1.0,8.72,54.09,48.985992,Struggle
INT9823,5.29,5.0,64.0,74.31,73.90702,Average
INT9824,2.2,2.84,,72.95,73.7586,Average
INT9825,4.04,3.67,50.9,54.39,63.44669,Average
INT9826,5.87,2.69,67.33,67.42,54.29877,Struggle
INT9827,3.37,3.64,76.34,56.92,70.45041,Average
INT9828,3.8,3.1,63.89,51.35,61.338535,Average
INT9829,5.78,2.73,53.22,84.59,50.03249,Struggle
INT9830,4.83,3.51,70.59,66.54,71.02335,Average
INT9831,,3.31,39.71,84.31,75.79274,Average
INT9832,6.17,1.08,96.95,52.57,56.495693,Struggle
INT9833,1.61,4.78,63.14,77.47,85.46826,Excel
INT9834,7.0,4.0,69.91,67.43,72.19594,Average
INT9835,,1.27,69.11,69.91,63.368294,Average
INT9836,1.0,1.0,2.45,62.14,64.90806,Average
INT9837,6.47,3.84,60.87,56.47,60.317856,Average
INT9838,2.49,3.35,65.12,63.3,71.11363,Average
INT9839,5.46,1.8,93.21,50.21,50.3867,Struggle
INT9840,5.81,4.0,88.35,81.59,81.081215,Excel
INT9841,,2.96,53.61,78.87,67.53948,Average
INT9842,7.0,4.07,72.86,55.81,57.79549,Struggle
INT9843,2.48,4.9,75.39,86.33,82.06605,Excel
INT9844,5.16,5.0,5.0,67.82,76.04083,Average
INT9845,2.15,5.0,53.72,75.84,83.95869,Excel
INT9846,3.13,1.98,,53.94,62.410393,Average
INT9847,,3.23,47.61,41.0,61.854527,Average
INT9848,2.9,2.08,52.87,46.41,56.52812,Struggle
INT9849,4.07,1.8,23.87,40.79,46.09108,Struggle
INT9850,3.79,3.02,42.02,53.41,58.79742,Struggle
INT9851,4.43,3.37,68.35,59.14,69.8347,Average
INT9852,6.49,1.8,69.67,40.88,41.46459,Struggle
INT9853,1.19,1.0,6.43,61.28,67.09273,Average
INT9854,3.96,2.92,61.29,60.17,57.011738,Struggle
INT9855,6.43,1.89,63.08,40.96,46.848022,Struggle
INT9856,4.19,2.18,23.47,76.68,64.619705,Average
INT9857,1.38,1.83,66.3,56.1,70.05678,Average
INT9858,4.84,3.37,53.61,72.1,61.841187,Average
INT9859,3.17,3.82,85.17,96.74,91.3369,Excel
INT9860,2.17,4.66,69.3,86.1,82.411125,Excel
INT9861,5.78,1.93,66.34,63.17,50.784416,Struggle
INT9862,4.47,4.0,56.33,76.05,78.25911,Average
INT9863,7.0,3.44,61.33,41.44,59.714718,Struggle
INT9864,5.58,5.0,61.64,70.9,71.82411,Average
INT9865,5.35,4.89,99.26,84.16,81.81324,Excel
INT9866,1.28,3.71,0.49,92.98,93.99098,Excel
INT9867,3.38,1.44,0.0,59.83,62.71819,Average
INT9868,2.16,2.98,80.84,79.39,81.473206,Excel
INT9869,6.06,1.62,62.8,54.6,53.968586,Struggle
INT9870,1.72,3.28,55.22,75.14,74.596565,Average
INT9871,,2.82,85.28,82.4,68.866264,Average
INT9872,4.16,1.13,56.58,41.13,53.982635,Struggle
INT9873,2.71,3.22,72.19,65.35,68.6413,Average
INT9874,2.68,2.54,55.84,79.26,67.20438,Average
INT9875,4.63,1.84,46.61,51.83,56.18038,Struggle
INT9876,1.29,1.49,9.73,78.64,78.37915,Average
INT9877,1.0,1.0,89.29,65.69,67.847244,Average
INT9878,3.61,4.07,68.0,71.75,69.68531,Average
INT9879,5.3,3.77,67.78,62.0,63.7041,Average
INT9880,4.57,2.85,50.42,45.32,54.695454,Struggle
INT9881,3.05,5.0,86.72,87.66,87.18062,Excel
INT9882,4.38,3.06,77.82,85.63,74.49478,Average
INT9883,3.02,3.72,0.4,75.41,78.13496,Average
INT9884,6.15,1.0,67.96,47.11,44.10099,Struggle
INT9885,1.61,3.22,27.85,82.0,79.7366,Average
INT9886,5.05,2.12,64.83,58.91,54.127247,Struggle
INT9887,6.18,5.0,58.54,68.25,65.38031,Average
INT9888,6.13,4.79,73.76,64.09,65.9984,Average
INT9889,2.05,1.3,89.85,80.12,78.1549,Average
INT9890,2.28,5.0,33.12,81.36,85.10613,Excel
INT9891,5.74,3.22,95.31,57.05,55.250572,Struggle
INT9892,1.27,1.8,77.24,56.33,62.8895,Average
INT9893,6.2,1.76,73.27,67.16,56.373646,Struggle
INT9894,5.63,1.0,89.35,51.84,51.107548,Struggle
INT9895,5.04,1.0,55.07,39.9,46.363255,Struggle
INT9896,1.57,2.98,88.69,95.71,92.49576,Excel
INT9897,4.85,1.88,7.22,49.42,56.090015,Struggle
INT9898,4.93,2.51,64.04,63.47,58.922634,Struggle
INT9899,6.22,2.67,49.65,74.57,68.57192,Average
INT9900,1.0,3.07,8.49,84.39,80.05093,Excel
INT9901,1.0,2.67,0.1,76.4,76.949295,Average
INT9902,3.25,1.0,14.75,59.35,54.83034,Struggle
INT9903,1.93,1.8,88.83,64.37,66.46358,Average
INT9904,4.53,2.05,62.97,44.12,55.128876,Struggle
INT9905,6.76,1.8,3.14,43.37,41.429306,Struggle
INT9906,3.55,1.73,70.9,69.4,69.615585,Average
INT9907,6.42,3.88,58.78,46.76,52.615204,Struggle
INT9908,1.0,2.83,0.0,88.7,81.557434,Excel
INT9909,2.08,4.0,0.23,90.25,91.60085,Excel
INT9910,1.04,5.0,6.28,84.17,95.793686,Excel
INT9911,3.43,4.72,64.13,73.36,79.04129,Average
INT9912,6.39,2.21,59.05,31.68,44.18123,Struggle
INT9913,2.04,2.84,83.39,92.08,87.63608,Excel
INT9914,4.91,3.25,79.0,56.14,64.06381,Average
INT9915,,1.0,82.42,50.72,53.023617,Struggle
INT9916,6.62,,67.19,61.06,55.29561,Struggle
INT9917,1.68,3.15,88.49,80.45,86.6778,Excel
INT9918,2.3,1.0,56.48,60.34,57.199734,Struggle
INT9919,1.0,5.0,3.22,96.19,94.701225,Excel
INT9920,4.0,5.0,27.18,85.11,79.3649,Average
INT9921,2.96,2.16,55.18,69.42,70.98629,Average
INT9922,6.52,1.42,66.18,49.15,47.067036,Struggle
INT9923,4.56,4.12,8.26,71.78,69.19235,Average
INT9924,4.25,5.0,94.56,74.35,81.87035,Excel
INT9925,4.37,1.8,87.13,50.27,56.56795,Struggle
INT9926,1.42,4.97,58.78,74.67,79.79816,Average
INT9927,4.04,5.0,63.74,85.5,78.48361,Average
INT9928,7.0,1.0,95.97,46.78,42.62451,Struggle
INT9929,5.66,4.44,71.86,72.41,65.49097,Average
INT9930,6.46,4.0,97.06,78.85,76.723145,Average
INT9931,6.13,1.0,69.62,43.42,45.317467,Struggle
INT9932,1.69,4.82,97.59,100.0,98.22486,Excel
INT9933,2.37,1.8,56.97,76.02,56.17317,Struggle
INT9934,1.0,4.75,2.46,90.16,89.73645,Excel
INT9935,2.56,3.99,50.44,81.21,79.34719,Average
INT9936,,3.59,70.02,67.54,74.12664,Average
INT9937,3.36,1.86,95.56,85.81,76.070305,Average
INT9938,5.34,3.25,73.09,76.99,63.244873,Average
INT9939,6.28,2.23,59.37,42.18,52.67424,Struggle
INT9940,5.94,3.27,0.0,49.1,49.776295,Struggle
INT9941,7.0,2.97,91.78,47.06,52.314426,Struggle
INT9942,1.48,4.9,78.89,84.73,91.41068,Excel
INT9943,1.0,3.91,,100.0,89.55596,Excel
INT9944,4.95,5.0,91.33,82.12,83.91321,Excel
INT9945,2.44,1.0,,74.16,65.56814,Average
INT9946,2.12,2.95,1.63,68.95,71.818275,Average
INT9947,3.07,1.12,57.26,54.79,57.223454,Struggle
INT9948,2.93,3.25,54.14,57.38,70.11166,Average
INT9949,3.83,2.73,96.76,77.83,80.68384,Excel
INT9950,3.56,4.45,73.76,67.89,71.456985,Average
INT9951,4.12,2.89,53.22,63.07,63.406696,Average
INT9952,5.45,2.81,66.08,80.18,67.31506,Average
INT9953,2.96,5.0,8.88,70.11,83.17877,Excel
INT9954,2.25,3.22,59.14,82.15,75.08097,Average
INT9955,,1.0,86.77,65.25,57.104763,Struggle
INT9956,2.64,3.99,84.47,95.69,93.864914,Excel
INT9957,5.61,3.09,51.09,67.48,62.114822,Average
INT9958,5.68,3.51,,78.6,63.325306,Average
INT9959,4.88,1.66,30.49,54.54,55.93793,Struggle
INT9960,2.37,2.81,61.1,80.05,71.343025,Average
INT9961,4.88,1.09,2.14,55.05,51.957497,Struggle
INT9962,4.08,1.0,0.0,47.05,53.06267,Struggle
INT9963,3.64,3.56,50.48,64.64,65.34575,Average
INT9964,4.31,2.61,78.3,83.48,74.18865,Average
INT9965,3.86,1.8,81.47,58.87,57.266033,Struggle
INT9966,4.46,1.15,52.52,39.68,56.747623,Struggle
INT9967,5.71,2.95,64.52,70.9,58.21932,Struggle
INT9968,2.08,2.89,92.57,73.72,82.62111,Excel
INT9969,5.23,4.3,55.07,55.93,65.38102,Average
INT9970,1.62,2.78,60.83,81.6,76.77513,Average
INT9971,1.06,,71.22,76.03,78.272446,Average
INT9972,7.0,5.0,92.11,66.62,70.25605,Average
INT9973,6.64,,62.74,50.4,57.553234,Struggle
INT9974,1.31,5.0,99.86,100.0,98.85109,Excel
INT9975,3.96,3.85,67.76,76.1,69.95239,Average
INT9976,2.13,3.47,69.32,85.6,79.84044,Average
INT9977,3.53,1.88,56.11,41.4,56.22135,Struggle
INT9978,5.92,1.0,56.07,53.21,45.588837,Struggle
INT9979,6.83,1.0,62.17,38.43,35.543407,Struggle
INT9980,5.03,1.0,81.44,58.48,51.14711,Struggle
INT9981,3.27,4.36,61.16,84.04,76.43362,Average
INT9982,4.24,2.67,69.39,57.47,57.23275,Struggle
INT9983,2.67,3.4,92.83,94.3,90.90315,Excel
INT9984,6.69,2.11,86.95,46.96,49.818428,Struggle
INT9985,6.6,3.96,19.3,39.97,46.285397,Struggle
INT9986,3.9,3.58,80.39,85.94,76.70569,Average
INT9987,2.49,2.5,51.15,67.42,66.91631,Average
INT9988,2.9,3.96,54.53,77.21,75.71165,Average
INT9989,1.25,1.0,0.0,75.07,67.87444,Average
INT9990,5.55,3.8,63.03,77.31,71.11756,Average
INT9991,3.75,1.3,73.36,68.12,63.337646,Average
INT9992,3.42,2.04,88.85,87.91,80.04342,Excel
INT9993,3.96,1.0,20.12,47.41,51.933655,Struggle
INT9994,5.86,4.57,56.17,51.52,61.861534,Average
INT9995,2.08,,63.47,95.54,78.998726,Average
INT9996,5.86,3.51,97.61,81.17,75.26657,Average
INT9997,6.3,1.99,87.39,43.81,51.159706,Struggle
INT9998,6.71,1.0,50.97,36.69,38.081238,Struggle
INT9999,3.38,4.37,70.05,66.16,69.62614,Average
INT10000,2.72,3.29,62.87,59.14,66.00707,Average
